layer,expert_id,selected_count,prefill_selected,decode_selected,rank0_count,weight_sum,prompt_presence,prompt_presence_rate,selection_cache_hits,selection_cache_misses,selection_hit_rate,transaction_cache_hits,disk_loads,prefill_transaction_cache_hits,prefill_disk_loads,decode_transaction_cache_hits,decode_disk_loads,transaction_hit_rate,estimated_disk_bytes,pinning_benefit_score
0,0,19,10,9,1,3.6959898477,7,0.7,6,13,0.3157894736842105,6,9,2,4,4,5,0.4,63700992,5.6
0,1,18,10,8,0,4.024471684,7,0.7,3,15,0.16666666666666666,3,11,0,6,3,5,0.21428571428571427,77856768,7.0
0,2,11,6,5,0,4.018897817,3,0.3,1,10,0.09090909090909091,1,7,0,3,1,4,0.125,49545216,1.7999999999999998
0,3,9,6,3,0,1.7937846190000002,5,0.5,1,8,0.1111111111111111,1,6,1,3,0,3,0.14285714285714285,42467328,2.5
0,4,11,5,6,1,3.4074314250000004,7,0.7,1,10,0.09090909090909091,1,10,0,5,1,5,0.09090909090909091,70778880,6.3
0,5,7,5,2,1,2.190899864,5,0.5,1,6,0.14285714285714285,1,6,1,4,0,2,0.14285714285714285,42467328,2.5
0,6,13,6,7,0,2.7221533136000002,8,0.8,2,11,0.15384615384615385,2,10,1,4,1,6,0.16666666666666666,70778880,7.2
0,7,9,3,6,2,2.0254631038,4,0.4,0,9,0.0,0,8,0,2,0,6,0.0,56623104,2.8000000000000003
0,8,9,4,5,1,1.486240261,5,0.5,0,9,0.0,0,9,0,4,0,5,0.0,63700992,4.0
0,9,2,2,0,0,0.488397494,1,0.1,0,2,0.0,0,1,0,1,0,0,0.0,7077888,0.0
0,10,8,7,1,0,1.9130534680000002,5,0.5,0,8,0.0,0,6,0,5,0,1,0.0,42467328,2.5
0,11,9,6,3,6,2.9932141,5,0.5,0,9,0.0,0,8,0,5,0,3,0.0,56623104,3.5
0,12,15,14,1,0,3.883462606000001,10,1.0,1,14,0.06666666666666667,1,10,1,9,0,1,0.09090909090909091,70778880,9.0
0,13,15,9,6,0,3.989047156,9,0.9,2,13,0.13333333333333333,2,12,2,6,0,6,0.14285714285714285,84934656,9.9
0,14,10,4,6,0,2.5720996485999996,5,0.5,1,9,0.1,1,9,0,4,1,5,0.1,63700992,4.0
0,15,14,13,1,0,3.4558354539999994,10,1.0,0,14,0.0,0,11,0,10,0,1,0.0,77856768,10.0
0,16,6,2,4,2,1.441558986,4,0.4,1,5,0.16666666666666666,1,5,1,1,0,4,0.16666666666666666,35389440,1.6
0,17,13,7,6,2,3.15058069,6,0.6,1,12,0.07692307692307693,1,9,0,4,1,5,0.1,63700992,4.8
0,18,16,9,7,7,3.9857742050000007,4,0.4,1,15,0.0625,1,10,0,4,1,6,0.09090909090909091,70778880,3.6
0,19,11,4,7,0,3.570242123,5,0.5,1,10,0.09090909090909091,1,8,0,2,1,6,0.1111111111111111,56623104,3.5
0,20,6,3,3,1,1.6529806710000001,3,0.3,0,6,0.0,0,5,0,2,0,3,0.0,35389440,1.2
0,21,10,6,4,0,2.740670473,7,0.7,0,10,0.0,0,8,0,4,0,4,0.0,56623104,4.8999999999999995
0,22,17,10,7,7,4.518374503,9,0.9,1,16,0.058823529411764705,1,14,1,7,0,7,0.06666666666666667,99090432,11.700000000000001
0,23,17,9,8,3,5.140049620999999,6,0.6,0,17,0.0,0,13,0,5,0,8,0.0,92012544,7.199999999999999
0,24,2,1,1,0,0.24407275,1,0.1,0,2,0.0,0,2,0,1,0,1,0.0,14155776,0.1
0,25,12,6,6,1,3.7977109886999996,5,0.5,1,11,0.08333333333333333,1,10,1,4,0,6,0.09090909090909091,70778880,4.5
0,26,4,2,2,3,0.9520391079,3,0.3,0,4,0.0,0,4,0,2,0,2,0.0,28311552,0.8999999999999999
0,27,10,6,4,0,1.8362309617,6,0.6,0,10,0.0,0,9,0,5,0,4,0.0,63700992,4.8
0,28,12,8,4,0,1.9670649696,4,0.4,1,11,0.08333333333333333,1,7,0,4,1,3,0.125,49545216,2.4000000000000004
0,29,30,19,11,2,3.9948603461999994,7,0.7,8,22,0.26666666666666666,6,12,1,6,5,6,0.3333333333333333,84934656,7.699999999999999
0,30,5,2,3,1,1.105412409,5,0.5,0,5,0.0,0,5,0,2,0,3,0.0,35389440,2.0
0,31,9,4,5,0,2.0644248714,3,0.3,3,6,0.3333333333333333,3,5,2,1,1,4,0.375,35389440,1.2
0,32,7,5,2,0,1.4304525769999998,6,0.6,0,7,0.0,0,7,0,5,0,2,0.0,49545216,3.5999999999999996
0,33,12,8,4,1,1.8549974249999999,6,0.6,0,12,0.0,0,8,0,4,0,4,0.0,56623104,4.2
0,34,10,4,6,0,3.6000306320000006,5,0.5,2,8,0.2,2,8,1,3,1,5,0.2,56623104,3.5
0,35,23,17,6,0,3.7001477025,10,1.0,2,21,0.08695652173913043,2,14,2,8,0,6,0.125,99090432,13.0
0,36,14,6,8,2,5.984877363999999,6,0.6,1,13,0.07142857142857142,1,12,0,5,1,7,0.07692307692307693,84934656,6.6
0,37,31,19,12,0,6.587183163700002,8,0.8,7,24,0.22580645161290322,7,13,1,7,6,6,0.35,92012544,9.600000000000001
0,38,9,5,4,6,1.2245259506,5,0.5,2,7,0.2222222222222222,1,7,1,3,0,4,0.125,49545216,3.0
0,39,7,2,5,0,0.8598297840999999,5,0.5,0,7,0.0,0,7,0,2,0,5,0.0,49545216,3.0
0,40,8,5,3,1,2.234016597,5,0.5,0,8,0.0,0,7,0,4,0,3,0.0,49545216,3.0
0,41,8,5,3,1,2.486515044,4,0.4,1,7,0.125,1,6,0,4,1,2,0.14285714285714285,42467328,2.0
0,42,8,4,4,3,1.9149102420000002,4,0.4,2,6,0.25,2,5,1,2,1,3,0.2857142857142857,35389440,1.6
0,43,14,8,6,1,2.8679472050000006,8,0.8,0,14,0.0,0,12,0,6,0,6,0.0,84934656,8.8
0,44,17,14,3,2,4.216427356,10,1.0,0,17,0.0,0,13,0,10,0,3,0.0,92012544,12.0
0,45,8,8,0,5,1.953060583,5,0.5,0,8,0.0,0,5,0,5,0,0,0.0,35389440,2.0
0,46,6,1,5,2,1.113779499,4,0.4,0,6,0.0,0,6,0,1,0,5,0.0,42467328,2.0
0,47,16,14,2,2,4.985158574000001,10,1.0,1,15,0.0625,1,11,0,10,1,1,0.08333333333333333,77856768,10.0
0,48,13,4,9,1,2.8845763356,4,0.4,2,11,0.15384615384615385,2,9,0,2,2,7,0.18181818181818182,63700992,3.2
0,49,7,5,2,2,2.2035836277,6,0.6,0,7,0.0,0,7,0,5,0,2,0.0,49545216,3.5999999999999996
0,50,13,11,2,0,3.9915204369999997,10,1.0,0,13,0.0,0,12,0,10,0,2,0.0,84934656,11.0
0,51,15,9,6,2,3.2500269924,7,0.7,2,13,0.13333333333333333,2,10,0,6,2,4,0.16666666666666666,70778880,6.3
0,52,24,16,8,17,5.1046495137,9,0.9,8,16,0.3333333333333333,6,11,4,5,2,6,0.35294117647058826,77856768,9.0
0,53,17,15,2,0,2.9203206150999996,10,1.0,0,17,0.0,0,12,0,10,0,2,0.0,84934656,11.0
0,54,16,8,8,4,4.024469367,7,0.7,2,14,0.125,2,12,1,5,1,7,0.14285714285714285,84934656,7.699999999999999
0,55,22,11,11,1,2.5769511848,9,0.9,7,15,0.3181818181818182,6,13,4,4,2,9,0.3157894736842105,92012544,10.8
0,56,4,2,2,2,0.9590312980000001,3,0.3,0,4,0.0,0,4,0,2,0,2,0.0,28311552,0.8999999999999999
0,57,14,8,6,3,4.539836419000001,7,0.7,1,13,0.07142857142857142,1,11,0,6,1,5,0.08333333333333333,77856768,7.0
0,58,3,2,1,0,0.32301669446000003,3,0.3,0,3,0.0,0,3,0,2,0,1,0.0,21233664,0.6
0,59,16,9,7,3,3.493092073,6,0.6,5,11,0.3125,2,8,1,2,1,6,0.2,56623104,4.2
0,60,14,8,6,3,3.193814664099999,8,0.8,1,13,0.07142857142857142,1,11,0,6,1,5,0.08333333333333333,77856768,8.0
0,61,9,6,3,3,2.5255659969999997,4,0.4,1,8,0.1111111111111111,1,5,1,2,0,3,0.16666666666666666,35389440,1.6
0,62,13,7,6,3,1.7380933192999997,7,0.7,2,11,0.15384615384615385,2,9,1,4,1,5,0.18181818181818182,63700992,5.6
0,63,11,7,4,2,3.6395995768000002,6,0.6,2,9,0.18181818181818182,2,7,1,4,1,3,0.2222222222222222,49545216,3.5999999999999996
0,64,11,5,6,0,2.9880481811000004,7,0.7,0,11,0.0,0,11,0,5,0,6,0.0,77856768,7.0
0,65,21,12,9,1,6.362134138,9,0.9,2,19,0.09523809523809523,2,14,0,7,2,7,0.125,99090432,11.700000000000001
0,66,6,3,3,2,2.0732858490000003,4,0.4,1,5,0.16666666666666666,1,5,1,2,0,3,0.16666666666666666,35389440,1.6
0,67,13,8,5,0,3.6516232939999997,6,0.6,1,12,0.07692307692307693,1,10,0,6,1,4,0.09090909090909091,70778880,5.3999999999999995
0,68,10,5,5,3,1.3973552002,6,0.6,0,10,0.0,0,9,0,4,0,5,0.0,63700992,4.8
0,69,4,2,2,0,0.9943864859,4,0.4,1,3,0.25,1,3,1,1,0,2,0.25,21233664,0.8
0,70,11,6,5,2,3.222966909,6,0.6,1,10,0.09090909090909091,1,9,1,4,0,5,0.1,63700992,4.8
0,71,3,2,1,0,0.568056002,2,0.2,0,3,0.0,0,3,0,2,0,1,0.0,21233664,0.4
0,72,5,2,3,0,1.3539128900000001,3,0.3,0,5,0.0,0,5,0,2,0,3,0.0,35389440,1.2
0,73,15,13,2,1,3.050151774,10,1.0,1,14,0.06666666666666667,1,11,0,10,1,1,0.08333333333333333,77856768,10.0
0,74,23,14,9,4,3.395414547000001,8,0.8,6,17,0.2608695652173913,5,12,2,6,3,6,0.29411764705882354,84934656,8.8
0,75,7,4,3,0,1.919615031,4,0.4,0,7,0.0,0,7,0,4,0,3,0.0,49545216,2.4000000000000004
0,76,17,10,7,0,4.263026613000001,8,0.8,2,15,0.11764705882352941,2,11,2,4,0,7,0.15384615384615385,77856768,8.0
0,77,21,12,9,0,2.5881688484999996,9,0.9,6,15,0.2857142857142857,4,13,3,5,1,8,0.23529411764705882,92012544,10.8
0,78,13,7,6,1,3.9436956939999996,5,0.5,0,13,0.0,0,11,0,5,0,6,0.0,77856768,5.0
0,79,21,12,9,1,7.247409005499999,9,0.9,6,15,0.2857142857142857,4,13,3,5,1,8,0.23529411764705882,92012544,10.8
0,80,13,9,4,0,2.2004479243999997,6,0.6,0,13,0.0,0,10,0,6,0,4,0.0,70778880,5.3999999999999995
0,81,9,3,6,1,2.713670285,3,0.3,0,9,0.0,0,9,0,3,0,6,0.0,63700992,2.4
0,82,14,9,5,2,3.387817307,8,0.8,0,14,0.0,0,11,0,6,0,5,0.0,77856768,8.0
0,83,6,3,3,0,1.7569080739999998,5,0.5,0,6,0.0,0,5,0,2,0,3,0.0,35389440,2.0
0,84,5,3,2,0,1.189199671,2,0.2,0,5,0.0,0,4,0,2,0,2,0.0,28311552,0.6000000000000001
0,85,27,20,7,0,8.6117702133,10,1.0,3,24,0.1111111111111111,3,14,2,8,1,6,0.17647058823529413,99090432,13.0
0,86,4,3,1,2,0.9671877020000001,3,0.3,0,4,0.0,0,4,0,3,0,1,0.0,28311552,0.8999999999999999
0,87,5,3,2,0,1.479004741,3,0.3,1,4,0.2,1,4,1,2,0,2,0.2,28311552,0.8999999999999999
0,88,10,3,7,0,2.1245537174999996,7,0.7,2,8,0.2,2,8,2,1,0,7,0.2,56623104,4.8999999999999995
0,89,5,1,4,1,0.9470946715,4,0.4,0,5,0.0,0,5,0,1,0,4,0.0,35389440,1.6
0,90,9,6,3,0,1.4929361208999998,5,0.5,0,9,0.0,0,7,0,4,0,3,0.0,49545216,3.0
0,91,16,8,8,1,3.8808680021999997,9,0.9,1,15,0.0625,1,13,0,6,1,7,0.07142857142857142,92012544,10.8
0,92,7,5,2,1,1.536638839,4,0.4,0,7,0.0,0,6,0,4,0,2,0.0,42467328,2.0
0,93,7,3,4,6,2.260024041,4,0.4,0,7,0.0,0,7,0,3,0,4,0.0,49545216,2.4000000000000004
0,94,12,6,6,8,3.987810544,7,0.7,3,9,0.25,3,9,3,3,0,6,0.25,63700992,5.6
0,95,10,6,4,1,2.7407900181000002,6,0.6,0,10,0.0,0,8,0,4,0,4,0.0,56623104,4.2
0,96,8,5,3,1,2.242633984,6,0.6,1,7,0.125,1,6,0,4,1,2,0.14285714285714285,42467328,3.0
0,97,3,2,1,0,0.7220494000000001,2,0.2,0,3,0.0,0,3,0,2,0,1,0.0,21233664,0.4
0,98,2,1,1,0,0.276450112,2,0.2,0,2,0.0,0,2,0,1,0,1,0.0,14155776,0.2
0,99,8,4,4,4,2.4596904749999995,5,0.5,0,8,0.0,0,7,0,3,0,4,0.0,49545216,3.0
0,100,7,3,4,0,1.8753694600000004,2,0.2,1,6,0.14285714285714285,1,5,0,2,1,3,0.16666666666666666,35389440,0.8
0,101,7,4,3,3,2.62022072,7,0.7,0,7,0.0,0,7,0,4,0,3,0.0,49545216,4.199999999999999
0,102,12,7,5,3,2.167633907,6,0.6,2,10,0.16666666666666666,1,10,1,5,0,5,0.09090909090909091,70778880,5.3999999999999995
0,103,15,8,7,2,3.1247754776000005,9,0.9,2,13,0.13333333333333333,1,12,1,5,0,7,0.07692307692307693,84934656,9.9
0,104,10,4,6,2,2.9373435519999997,7,0.7,2,8,0.2,2,8,1,3,1,5,0.2,56623104,4.8999999999999995
0,105,22,14,8,0,7.78130518,8,0.8,7,15,0.3181818181818182,4,11,2,5,2,6,0.26666666666666666,77856768,8.0
0,106,25,13,12,8,5.2352583363,8,0.8,7,18,0.28,7,13,2,6,5,7,0.35,92012544,9.600000000000001
0,107,23,17,6,18,6.209292604,10,1.0,4,19,0.17391304347826086,3,13,2,8,1,5,0.1875,92012544,12.0
0,108,4,1,3,0,1.030298099,3,0.3,0,4,0.0,0,4,0,1,0,3,0.0,28311552,0.8999999999999999
0,109,20,15,5,2,5.251207021999999,10,1.0,4,16,0.2,2,13,1,9,1,4,0.13333333333333333,92012544,12.0
0,110,3,2,1,0,1.082024038,3,0.3,0,3,0.0,0,3,0,2,0,1,0.0,21233664,0.6
0,111,5,2,3,0,1.822455973,2,0.2,0,5,0.0,0,5,0,2,0,3,0.0,35389440,0.8
0,112,12,6,6,3,2.4507312015,6,0.6,4,8,0.3333333333333333,2,7,1,2,1,5,0.2222222222222222,49545216,3.5999999999999996
0,113,1,0,1,0,0.116059512,1,0.1,0,1,0.0,0,1,0,0,0,1,0.0,7077888,0.0
0,114,7,4,3,0,3.352692858,5,0.5,0,7,0.0,0,7,0,4,0,3,0.0,49545216,3.0
0,115,14,8,6,6,3.3217368200000004,4,0.4,1,13,0.07142857142857142,1,9,0,4,1,5,0.1,63700992,3.2
0,116,11,4,7,1,1.3653282747,6,0.6,1,10,0.09090909090909091,1,9,0,3,1,6,0.1,63700992,4.8
0,117,3,3,0,0,0.826087341,3,0.3,0,3,0.0,0,3,0,3,0,0,0.0,21233664,0.6
0,118,8,4,4,0,2.2465842289999998,5,0.5,1,7,0.125,1,7,0,4,1,3,0.125,49545216,3.0
0,119,8,4,4,0,2.239561379,4,0.4,0,8,0.0,0,7,0,3,0,4,0.0,49545216,2.4000000000000004
0,120,21,15,6,0,3.795823655,7,0.7,2,19,0.09523809523809523,2,11,0,7,2,4,0.15384615384615385,77856768,7.0
0,121,10,4,6,2,3.383136720000001,5,0.5,1,9,0.1,1,8,1,2,0,6,0.1111111111111111,56623104,3.5
0,122,8,5,3,2,2.1796304362,4,0.4,0,8,0.0,0,7,0,4,0,3,0.0,49545216,2.4000000000000004
0,123,13,8,5,1,4.607486754,7,0.7,3,10,0.23076923076923078,3,9,1,6,2,3,0.25,63700992,5.6
0,124,7,4,3,2,2.2238771760000002,7,0.7,1,6,0.14285714285714285,1,6,1,3,0,3,0.14285714285714285,42467328,3.5
0,125,4,1,3,0,1.501376778,4,0.4,0,4,0.0,0,4,0,1,0,3,0.0,28311552,1.2000000000000002
0,126,31,23,8,3,5.871730395300001,10,1.0,6,25,0.1935483870967742,2,16,2,8,0,8,0.1111111111111111,113246208,15.0
0,127,15,9,6,3,3.2685777480000007,8,0.8,1,14,0.06666666666666667,1,12,1,6,0,6,0.07692307692307693,84934656,8.8
0,128,5,4,1,0,2.094402761,3,0.3,0,5,0.0,0,4,0,3,0,1,0.0,28311552,0.8999999999999999
0,129,17,13,4,1,2.9253139423999994,10,1.0,1,16,0.058823529411764705,1,13,1,9,0,4,0.07142857142857142,92012544,12.0
0,130,17,9,8,2,2.5336162482,8,0.8,2,15,0.11764705882352941,2,13,1,6,1,7,0.13333333333333333,92012544,9.600000000000001
0,131,7,4,3,3,2.063358575,4,0.4,0,7,0.0,0,6,0,3,0,3,0.0,42467328,2.0
0,132,22,11,11,2,5.5660961651999985,8,0.8,7,15,0.3181818181818182,6,12,2,5,4,7,0.3333333333333333,84934656,8.8
0,133,8,3,5,0,1.7450065616,6,0.6,0,8,0.0,0,8,0,3,0,5,0.0,56623104,4.2
0,134,3,2,1,0,0.8856824029999999,2,0.2,0,3,0.0,0,3,0,2,0,1,0.0,21233664,0.4
0,135,9,4,5,1,1.587838306,6,0.6,1,8,0.1111111111111111,1,8,0,4,1,4,0.1111111111111111,56623104,4.2
0,136,1,0,1,0,0.246333569,1,0.1,0,1,0.0,0,1,0,0,0,1,0.0,7077888,0.0
0,137,6,5,1,2,1.5857060109999999,4,0.4,0,6,0.0,0,4,0,3,0,1,0.0,28311552,1.2000000000000002
0,138,13,10,3,4,3.4157760450000003,5,0.5,0,13,0.0,0,7,0,4,0,3,0.0,49545216,3.0
0,139,8,1,7,3,2.2632127260000003,6,0.6,0,8,0.0,0,8,0,1,0,7,0.0,56623104,4.2
0,140,9,5,4,0,2.5258314096,7,0.7,0,9,0.0,0,8,0,4,0,4,0.0,56623104,4.8999999999999995
0,141,14,9,5,1,2.6067121554999995,4,0.4,0,14,0.0,0,9,0,4,0,5,0.0,63700992,3.2
0,142,3,1,2,1,0.825544685,1,0.1,1,2,0.3333333333333333,1,2,0,1,1,1,0.3333333333333333,14155776,0.1
0,143,23,19,4,10,5.994514154999999,10,1.0,1,22,0.043478260869565216,1,13,0,10,1,3,0.07142857142857142,92012544,12.0
0,144,12,5,7,3,2.544934304,4,0.4,1,11,0.08333333333333333,1,10,0,4,1,6,0.09090909090909091,70778880,3.6
0,145,9,6,3,0,2.6208993190000003,4,0.4,0,9,0.0,0,7,0,4,0,3,0.0,49545216,2.4000000000000004
0,146,2,1,1,0,0.384455308,1,0.1,0,2,0.0,0,2,0,1,0,1,0.0,14155776,0.1
0,147,11,3,8,1,2.0736257734,6,0.6,3,8,0.2727272727272727,3,7,1,1,2,6,0.3,49545216,3.5999999999999996
0,148,7,3,4,0,2.0232486274,2,0.2,1,6,0.14285714285714285,1,5,0,2,1,3,0.16666666666666666,35389440,0.8
0,149,10,6,4,4,1.8326870560000001,5,0.5,2,8,0.2,2,7,1,4,1,3,0.2222222222222222,49545216,3.0
0,150,4,2,2,0,1.0166745114,3,0.3,0,4,0.0,0,4,0,2,0,2,0.0,28311552,0.8999999999999999
0,151,3,2,1,1,1.321237564,3,0.3,0,3,0.0,0,3,0,2,0,1,0.0,21233664,0.6
0,152,7,4,3,0,2.365488322,6,0.6,0,7,0.0,0,7,0,4,0,3,0.0,49545216,3.5999999999999996
0,153,13,9,4,0,3.3800992535999996,7,0.7,4,9,0.3076923076923077,4,7,1,6,3,1,0.36363636363636365,49545216,4.199999999999999
0,154,6,3,3,3,1.6174682668,4,0.4,0,6,0.0,0,6,0,3,0,3,0.0,42467328,2.0
0,155,8,3,5,2,3.3475304850000005,4,0.4,2,6,0.25,1,6,1,1,0,5,0.14285714285714285,42467328,2.0
0,156,19,10,9,0,7.1045104850000005,8,0.8,4,15,0.21052631578947367,2,14,2,5,0,9,0.125,99090432,10.4
0,157,11,7,4,3,2.2717041646,5,0.5,1,10,0.09090909090909091,1,8,0,5,1,3,0.1111111111111111,56623104,3.5
0,158,10,2,8,1,2.1789924094999997,6,0.6,1,9,0.1,1,9,0,2,1,7,0.1,63700992,4.8
0,159,6,3,3,0,1.2964067978999998,4,0.4,0,6,0.0,0,6,0,3,0,3,0.0,42467328,2.0
0,160,11,7,4,9,1.9676132880000001,6,0.6,0,11,0.0,0,9,0,5,0,4,0.0,63700992,4.8
0,161,15,9,6,2,2.1766909111,8,0.8,0,15,0.0,0,12,0,6,0,6,0.0,84934656,8.8
0,162,11,6,5,2,3.6120315189999994,6,0.6,0,11,0.0,0,10,0,5,0,5,0.0,70778880,5.3999999999999995
0,163,12,5,7,3,2.1724819539999998,7,0.7,1,11,0.08333333333333333,1,10,1,3,0,7,0.09090909090909091,70778880,6.3
0,164,17,7,10,5,4.941656127,9,0.9,1,16,0.058823529411764705,1,14,0,5,1,9,0.06666666666666667,99090432,11.700000000000001
0,165,5,4,1,2,0.857096925,3,0.3,0,5,0.0,0,4,0,3,0,1,0.0,28311552,0.8999999999999999
0,166,11,4,7,2,2.6613308179999997,7,0.7,3,8,0.2727272727272727,3,8,1,3,2,5,0.2727272727272727,56623104,4.8999999999999995
0,167,8,3,5,0,2.6147581939999998,4,0.4,1,7,0.125,1,6,0,2,1,4,0.14285714285714285,42467328,2.0
0,168,3,1,2,0,0.61779771,3,0.3,0,3,0.0,0,3,0,1,0,2,0.0,21233664,0.6
0,169,5,5,0,2,0.98936382,3,0.3,0,5,0.0,0,3,0,3,0,0,0.0,21233664,0.6
0,170,6,4,2,3,1.7398025389999998,5,0.5,0,6,0.0,0,6,0,4,0,2,0.0,42467328,2.5
0,171,23,20,3,6,6.497659146000002,10,1.0,0,23,0.0,0,13,0,10,0,3,0.0,92012544,12.0
0,172,14,9,5,0,4.327475668,6,0.6,1,13,0.07142857142857142,1,9,0,5,1,4,0.1,63700992,4.8
0,173,2,1,1,0,0.43629011500000003,2,0.2,0,2,0.0,0,2,0,1,0,1,0.0,14155776,0.2
0,174,26,14,12,0,3.5452503462,10,1.0,10,16,0.38461538461538464,8,14,4,6,4,8,0.36363636363636365,99090432,13.0
0,175,18,15,3,0,3.6419908978999995,10,1.0,3,15,0.16666666666666666,2,11,2,8,0,3,0.15384615384615385,77856768,10.0
0,176,5,3,2,0,1.846137792,4,0.4,0,5,0.0,0,5,0,3,0,2,0.0,35389440,1.6
0,177,12,6,6,3,2.602168933,6,0.6,1,11,0.08333333333333333,1,11,0,6,1,5,0.08333333333333333,77856768,6.0
0,178,13,7,6,3,3.6924944589999997,5,0.5,1,12,0.07692307692307693,1,9,0,4,1,5,0.1,63700992,4.0
0,179,7,3,4,0,1.491030291,5,0.5,0,7,0.0,0,6,0,2,0,4,0.0,42467328,2.5
0,180,18,12,6,2,4.7162134582,6,0.6,1,17,0.05555555555555555,1,11,0,6,1,5,0.08333333333333333,77856768,6.0
0,181,13,5,8,0,3.7296371909999997,5,0.5,3,10,0.23076923076923078,3,8,0,3,3,5,0.2727272727272727,56623104,3.5
0,182,13,9,4,1,1.9617055995000001,7,0.7,3,10,0.23076923076923078,3,8,1,6,2,2,0.2727272727272727,56623104,4.8999999999999995
0,183,4,1,3,0,0.8195603761000001,4,0.4,0,4,0.0,0,4,0,1,0,3,0.0,28311552,1.2000000000000002
0,184,5,4,1,1,1.30123876,5,0.5,0,5,0.0,0,5,0,4,0,1,0.0,35389440,2.0
0,185,6,4,2,0,1.653902485,4,0.4,0,6,0.0,0,6,0,4,0,2,0.0,42467328,2.0
0,186,12,5,7,8,2.4607886679999997,5,0.5,2,10,0.16666666666666666,2,8,0,3,2,5,0.2,56623104,3.5
0,187,7,4,3,1,1.82490258,4,0.4,0,7,0.0,0,6,0,3,0,3,0.0,42467328,2.0
0,188,2,1,1,0,0.654941514,2,0.2,0,2,0.0,0,2,0,1,0,1,0.0,14155776,0.2
0,189,3,0,3,0,0.368322358,2,0.2,0,3,0.0,0,3,0,0,0,3,0.0,21233664,0.4
0,190,11,6,5,0,2.767081528,5,0.5,1,10,0.09090909090909091,1,9,1,4,0,5,0.1,63700992,4.0
0,191,5,2,3,2,1.4970546359999999,4,0.4,0,5,0.0,0,5,0,2,0,3,0.0,35389440,1.6
0,192,13,8,5,1,5.530870451999999,7,0.7,1,12,0.07692307692307693,1,10,1,5,0,5,0.09090909090909091,70778880,6.3
0,193,1,1,0,1,0.333271056,1,0.1,0,1,0.0,0,1,0,1,0,0,0.0,7077888,0.0
0,194,2,0,2,0,0.5830113889999999,2,0.2,0,2,0.0,0,2,0,0,0,2,0.0,14155776,0.2
0,195,10,4,6,1,1.4709604716,6,0.6,3,7,0.3,2,7,2,1,0,6,0.2222222222222222,49545216,3.5999999999999996
0,196,3,2,1,0,0.805970535,2,0.2,0,3,0.0,0,3,0,2,0,1,0.0,21233664,0.4
0,197,11,6,5,0,3.7165367009999994,6,0.6,0,11,0.0,0,8,0,3,0,5,0.0,56623104,4.2
0,198,9,4,5,2,1.1755893219000002,6,0.6,0,9,0.0,0,9,0,4,0,5,0.0,63700992,4.8
0,199,11,4,7,5,2.717990563,6,0.6,2,9,0.18181818181818182,2,8,1,2,1,6,0.2,56623104,4.2
0,200,17,14,3,2,2.7085314576000004,10,1.0,0,17,0.0,0,13,0,10,0,3,0.0,92012544,12.0
0,201,3,1,2,0,0.8516242950000001,2,0.2,0,3,0.0,0,3,0,1,0,2,0.0,21233664,0.4
0,202,3,0,3,0,0.23834381229999999,2,0.2,0,3,0.0,0,3,0,0,0,3,0.0,21233664,0.4
0,203,16,12,4,9,2.190302541,8,0.8,2,14,0.125,2,9,2,5,0,4,0.18181818181818182,63700992,6.4
0,204,5,3,2,1,1.567685932,4,0.4,0,5,0.0,0,4,0,2,0,2,0.0,28311552,1.2000000000000002
0,205,6,2,4,0,1.4399607920000002,3,0.3,1,5,0.16666666666666666,1,5,0,2,1,3,0.16666666666666666,35389440,1.2
0,206,2,2,0,0,0.320016324,2,0.2,0,2,0.0,0,2,0,2,0,0,0.0,14155776,0.2
0,207,2,2,0,1,0.623069167,2,0.2,0,2,0.0,0,2,0,2,0,0,0.0,14155776,0.2
0,208,7,3,4,2,0.8858826235000001,3,0.3,0,7,0.0,0,6,0,2,0,4,0.0,42467328,1.5
0,209,7,4,3,0,3.591848911,5,0.5,0,7,0.0,0,7,0,4,0,3,0.0,49545216,3.0
0,210,9,7,2,0,2.313886374,7,0.7,0,9,0.0,0,8,0,6,0,2,0.0,56623104,4.8999999999999995
0,211,14,9,5,1,5.207707688000001,8,0.8,3,11,0.21428571428571427,1,11,1,6,0,5,0.08333333333333333,77856768,8.0
0,212,9,3,6,1,3.2828660150000006,5,0.5,1,8,0.1111111111111111,1,7,0,2,1,5,0.125,49545216,3.0
0,213,26,16,10,0,10.9461720222,9,0.9,7,19,0.2692307692307692,6,13,5,4,1,9,0.3157894736842105,92012544,10.8
0,214,5,3,2,0,1.0849878039999998,3,0.3,0,5,0.0,0,4,0,2,0,2,0.0,28311552,0.8999999999999999
0,215,15,14,1,0,4.887478592000001,10,1.0,0,15,0.0,0,11,0,10,0,1,0.0,77856768,10.0
0,216,12,8,4,6,2.7138225740000004,5,0.5,1,11,0.08333333333333333,1,8,0,5,1,3,0.1111111111111111,56623104,3.5
0,217,17,10,7,2,3.2030042697999996,5,0.5,3,14,0.17647058823529413,2,10,2,3,0,7,0.16666666666666666,70778880,4.5
0,218,6,4,2,1,1.127327145,5,0.5,0,6,0.0,0,6,0,4,0,2,0.0,42467328,2.5
0,219,7,3,4,1,1.946796267,5,0.5,1,6,0.14285714285714285,1,5,0,2,1,3,0.16666666666666666,35389440,2.0
0,220,11,5,6,4,2.1203235761999997,5,0.5,1,10,0.09090909090909091,1,9,0,4,1,5,0.1,63700992,4.0
0,221,5,2,3,1,0.8029800050000001,4,0.4,0,5,0.0,0,5,0,2,0,3,0.0,35389440,1.6
0,222,15,13,2,0,11.740695641999999,10,1.0,0,15,0.0,0,12,0,10,0,2,0.0,84934656,11.0
0,223,9,6,3,5,1.6244820714999997,4,0.4,0,9,0.0,0,6,0,3,0,3,0.0,42467328,2.0
0,224,8,4,4,3,2.212500096,5,0.5,0,8,0.0,0,8,0,4,0,4,0.0,56623104,3.5
0,225,13,7,6,1,3.7033991840000007,5,0.5,6,7,0.46153846153846156,3,7,1,3,2,4,0.3,49545216,3.0
0,226,15,11,4,2,2.7451961115000008,7,0.7,1,14,0.06666666666666667,1,10,0,7,1,3,0.09090909090909091,70778880,6.3
0,227,2,1,1,1,1.166959793,2,0.2,0,2,0.0,0,2,0,1,0,1,0.0,14155776,0.2
0,228,12,8,4,0,4.2299792919999994,6,0.6,2,10,0.16666666666666666,1,7,1,3,0,4,0.125,49545216,3.5999999999999996
0,229,18,15,3,0,2.9871397909999997,10,1.0,1,17,0.05555555555555555,1,12,0,10,1,2,0.07692307692307693,84934656,11.0
0,230,21,12,9,3,4.4708431996,8,0.8,9,12,0.42857142857142855,6,10,3,4,3,6,0.375,70778880,7.2
0,231,3,3,0,0,0.714800149,3,0.3,0,3,0.0,0,3,0,3,0,0,0.0,21233664,0.6
0,232,3,3,0,1,0.7836451819999999,3,0.3,0,3,0.0,0,3,0,3,0,0,0.0,21233664,0.6
0,233,8,5,3,0,2.9443226979999997,4,0.4,0,8,0.0,0,6,0,3,0,3,0.0,42467328,2.0
0,234,6,3,3,2,1.578754618,3,0.3,1,5,0.16666666666666666,1,5,0,3,1,2,0.16666666666666666,35389440,1.2
0,235,5,4,1,2,1.096460075,4,0.4,0,5,0.0,0,5,0,4,0,1,0.0,35389440,1.6
0,236,1,0,1,0,0.300230265,1,0.1,0,1,0.0,0,1,0,0,0,1,0.0,7077888,0.0
0,237,13,7,6,10,2.5588740706,5,0.5,2,11,0.15384615384615385,1,10,1,4,0,6,0.09090909090909091,70778880,4.5
0,238,4,0,4,1,1.317361177,2,0.2,1,3,0.25,1,3,0,0,1,3,0.25,21233664,0.4
0,239,6,3,3,1,1.543620601,4,0.4,0,6,0.0,0,6,0,3,0,3,0.0,42467328,2.0
0,240,1,0,1,0,0.217035368,1,0.1,0,1,0.0,0,1,0,0,0,1,0.0,7077888,0.0
0,241,15,10,5,7,3.7384897030000013,7,0.7,0,15,0.0,0,11,0,6,0,5,0.0,77856768,7.0
0,242,8,5,3,5,2.1779014769000002,4,0.4,0,8,0.0,0,7,0,4,0,3,0.0,49545216,2.4000000000000004
0,243,3,2,1,1,1.041774213,3,0.3,0,3,0.0,0,3,0,2,0,1,0.0,21233664,0.6
0,244,12,7,5,3,3.4123868360000005,7,0.7,0,12,0.0,0,10,0,5,0,5,0.0,70778880,6.3
0,245,38,31,7,7,10.270691528999999,10,1.0,6,32,0.15789473684210525,6,11,0,10,6,1,0.35294117647058826,77856768,10.0
0,246,2,1,1,0,0.633844405,1,0.1,0,2,0.0,0,2,0,1,0,1,0.0,14155776,0.1
0,247,7,3,4,0,1.5461967440000002,4,0.4,0,7,0.0,0,7,0,3,0,4,0.0,49545216,2.4000000000000004
0,248,18,14,4,11,3.3949958903999993,10,1.0,3,15,0.16666666666666666,2,12,2,8,0,4,0.14285714285714285,84934656,11.0
0,249,6,5,1,1,2.3635171649999998,5,0.5,0,6,0.0,0,5,0,4,0,1,0.0,35389440,2.0
0,250,3,2,1,0,0.961714834,2,0.2,0,3,0.0,0,3,0,2,0,1,0.0,21233664,0.4
0,251,11,7,4,2,2.991288542,6,0.6,1,10,0.09090909090909091,1,9,0,6,1,3,0.1,63700992,4.8
0,252,19,14,5,6,3.7785886450999997,6,0.6,1,18,0.05263157894736842,1,10,0,6,1,4,0.09090909090909091,70778880,5.3999999999999995
0,253,2,2,0,0,0.3823230196,1,0.1,0,2,0.0,0,1,0,1,0,0,0.0,7077888,0.0
0,254,13,10,3,10,2.0126079281999996,10,1.0,1,12,0.07692307692307693,1,12,0,10,1,2,0.07692307692307693,84934656,11.0
0,255,9,6,3,0,2.948284314,5,0.5,0,9,0.0,0,8,0,5,0,3,0.0,56623104,3.5
1,0,32,20,12,3,5.125839639599997,10,1.0,9,23,0.28125,5,16,4,5,1,11,0.23809523809523808,113246208,15.0
1,1,12,7,5,4,3.0706773270000003,6,0.6,0,12,0.0,0,10,0,5,0,5,0.0,70778880,5.3999999999999995
1,2,3,0,3,0,0.750174031,3,0.3,0,3,0.0,0,3,0,0,0,3,0.0,21233664,0.6
1,3,20,14,6,11,5.5003375420000005,10,1.0,3,17,0.15,2,14,1,9,1,5,0.125,99090432,13.0
1,4,6,4,2,0,1.400142461,3,0.3,0,6,0.0,0,5,0,3,0,2,0.0,35389440,1.2
1,5,3,1,2,0,0.768571377,3,0.3,0,3,0.0,0,3,0,1,0,2,0.0,21233664,0.6
1,6,4,2,2,0,0.8342658860000001,3,0.3,0,4,0.0,0,4,0,2,0,2,0.0,28311552,0.8999999999999999
1,7,16,11,5,8,3.352556943,8,0.8,0,16,0.0,0,12,0,7,0,5,0.0,84934656,8.8
1,8,30,25,5,0,18.332115499000004,10,1.0,1,29,0.03333333333333333,1,14,0,10,1,4,0.06666666666666667,99090432,13.0
1,9,10,5,5,0,2.527170196,5,0.5,1,9,0.1,1,9,1,4,0,5,0.1,63700992,4.0
1,10,18,13,5,13,5.125317497999999,10,1.0,0,18,0.0,0,15,0,10,0,5,0.0,106168320,14.0
1,11,6,1,5,3,1.4764477759999999,4,0.4,1,5,0.16666666666666666,1,5,1,0,0,5,0.16666666666666666,35389440,1.6
1,12,11,6,5,0,2.7321875540000002,5,0.5,1,10,0.09090909090909091,1,9,0,5,1,4,0.1,63700992,4.0
1,13,10,5,5,1,2.7773067809999996,6,0.6,2,8,0.2,2,7,1,3,1,4,0.2222222222222222,49545216,3.5999999999999996
1,14,5,4,1,0,1.4246905450000003,5,0.5,0,5,0.0,0,5,0,4,0,1,0.0,35389440,2.0
1,15,9,5,4,2,2.153990866,5,0.5,3,6,0.3333333333333333,2,6,1,3,1,3,0.25,42467328,2.5
1,16,7,2,5,1,2.16913955,5,0.5,0,7,0.0,0,7,0,2,0,5,0.0,49545216,3.0
1,17,12,7,5,2,2.8579193210000002,5,0.5,2,10,0.16666666666666666,2,8,1,4,1,4,0.2,56623104,3.5
1,18,19,16,3,2,4.700112567999999,10,1.0,0,19,0.0,0,13,0,10,0,3,0.0,92012544,12.0
1,19,23,13,10,7,4.327038250799999,7,0.7,5,18,0.21739130434782608,5,11,0,6,5,5,0.3125,77856768,7.0
1,20,14,6,8,2,3.279242696,7,0.7,5,9,0.35714285714285715,5,9,2,4,3,5,0.35714285714285715,63700992,5.6
1,21,4,3,1,0,1.054130377,4,0.4,0,4,0.0,0,4,0,3,0,1,0.0,28311552,1.2000000000000002
1,22,8,4,4,3,2.1926512130000004,6,0.6,2,6,0.25,2,6,2,2,0,4,0.25,42467328,3.0
1,23,11,7,4,3,2.7563822859999996,7,0.7,1,10,0.09090909090909091,1,8,0,5,1,3,0.1111111111111111,56623104,4.8999999999999995
1,24,8,7,1,4,1.5245587980000002,6,0.6,0,8,0.0,0,7,0,6,0,1,0.0,49545216,3.5999999999999996
1,25,21,12,9,17,4.336540834,9,0.9,5,16,0.23809523809523808,5,13,4,5,1,8,0.2777777777777778,92012544,10.8
1,26,13,7,6,6,3.416907415,7,0.7,0,13,0.0,0,12,0,6,0,6,0.0,84934656,7.699999999999999
1,27,8,2,6,0,1.779980347,5,0.5,0,8,0.0,0,8,0,2,0,6,0.0,56623104,3.5
1,28,9,5,4,0,2.2596799149999995,5,0.5,0,9,0.0,0,9,0,5,0,4,0.0,63700992,4.0
1,29,19,11,8,2,5.280445277,8,0.8,2,17,0.10526315789473684,2,13,1,6,1,7,0.13333333333333333,92012544,9.600000000000001
1,30,7,1,6,1,1.8885246359999999,6,0.6,1,6,0.14285714285714285,1,6,1,0,0,6,0.14285714285714285,42467328,3.0
1,31,16,14,2,0,3.737735732,10,1.0,0,16,0.0,0,12,0,10,0,2,0.0,84934656,11.0
1,32,29,14,15,1,6.6008782099999985,10,1.0,8,21,0.27586206896551724,7,17,3,6,4,11,0.2916666666666667,120324096,16.0
1,33,7,4,3,0,1.755223931,4,0.4,1,6,0.14285714285714285,1,5,0,3,1,2,0.16666666666666666,35389440,1.6
1,34,5,2,3,0,1.259609073,3,0.3,0,5,0.0,0,5,0,2,0,3,0.0,35389440,1.2
1,35,6,2,4,0,1.570525497,4,0.4,0,6,0.0,0,6,0,2,0,4,0.0,42467328,2.0
1,36,12,7,5,2,2.818664385,6,0.6,2,10,0.16666666666666666,2,8,1,4,1,4,0.2,56623104,4.2
1,37,9,6,3,1,2.00966327,5,0.5,0,9,0.0,0,7,0,4,0,3,0.0,49545216,3.0
1,38,13,9,4,4,2.7924344249999997,7,0.7,0,13,0.0,0,9,0,5,0,4,0.0,63700992,5.6
1,39,8,6,2,5,1.9747073190000002,5,0.5,0,8,0.0,0,7,0,5,0,2,0.0,49545216,3.0
1,40,20,12,8,2,4.255102647999999,7,0.7,1,19,0.05,1,12,0,5,1,7,0.07692307692307693,84934656,7.699999999999999
1,41,4,1,3,0,0.916321725,4,0.4,1,3,0.25,1,3,1,0,0,3,0.25,21233664,0.8
1,42,21,16,5,0,5.443045795000001,10,1.0,3,18,0.14285714285714285,3,12,1,9,2,3,0.2,84934656,11.0
1,43,10,6,4,0,2.722007393,5,0.5,0,10,0.0,0,8,0,4,0,4,0.0,56623104,3.5
1,44,8,3,5,2,1.768465162,5,0.5,1,7,0.125,1,6,1,1,0,5,0.14285714285714285,42467328,2.5
1,45,15,8,7,1,3.7143731850000004,6,0.6,1,14,0.06666666666666667,1,9,0,3,1,6,0.1,63700992,4.8
1,46,9,3,6,2,2.1803550119999997,5,0.5,1,8,0.1111111111111111,1,8,0,3,1,5,0.1111111111111111,56623104,3.5
1,47,11,7,4,1,3.189273238,7,0.7,0,11,0.0,0,8,0,4,0,4,0.0,56623104,4.8999999999999995
1,48,11,6,5,4,3.0018916279999996,6,0.6,0,11,0.0,0,9,0,4,0,5,0.0,63700992,4.8
1,49,11,4,7,5,2.378304273,6,0.6,1,10,0.09090909090909091,1,10,1,3,0,7,0.09090909090909091,70778880,5.3999999999999995
1,50,11,5,6,2,3.091271596,5,0.5,2,9,0.18181818181818182,2,8,0,4,2,4,0.2,56623104,3.5
1,51,11,8,3,3,3.12903811,6,0.6,0,11,0.0,0,9,0,6,0,3,0.0,63700992,4.8
1,52,17,12,5,3,4.397792741,7,0.7,1,16,0.058823529411764705,1,10,0,6,1,4,0.09090909090909091,70778880,6.3
1,53,6,2,4,0,1.430364372,4,0.4,0,6,0.0,0,6,0,2,0,4,0.0,42467328,2.0
1,54,5,2,3,0,1.3815575399999998,4,0.4,0,5,0.0,0,5,0,2,0,3,0.0,35389440,1.6
1,55,18,11,7,5,5.348751636,7,0.7,1,17,0.05555555555555555,1,12,0,6,1,6,0.07692307692307693,84934656,7.699999999999999
1,56,11,5,6,3,2.788327082,6,0.6,0,11,0.0,0,9,0,3,0,6,0.0,63700992,4.8
1,57,4,1,3,1,1.157714039,2,0.2,0,4,0.0,0,4,0,1,0,3,0.0,28311552,0.6000000000000001
1,58,7,2,5,0,1.496744155,5,0.5,0,7,0.0,0,6,0,1,0,5,0.0,42467328,2.5
1,59,13,8,5,4,4.2660236959999995,8,0.8,3,10,0.23076923076923078,1,10,1,5,0,5,0.09090909090909091,70778880,7.2
1,60,8,4,4,2,2.032129511,3,0.3,1,7,0.125,1,5,0,2,1,3,0.16666666666666666,35389440,1.2
1,61,9,4,5,1,2.127316608,4,0.4,0,9,0.0,0,8,0,3,0,5,0.0,56623104,2.8000000000000003
1,62,12,7,5,0,3.0181157740000004,7,0.7,2,10,0.16666666666666666,2,9,0,6,2,3,0.18181818181818182,63700992,5.6
1,63,8,3,5,2,2.1242106560000003,4,0.4,1,7,0.125,1,5,0,1,1,4,0.16666666666666666,35389440,1.6
1,64,9,6,3,8,2.9490502469999997,5,0.5,2,7,0.2222222222222222,1,7,1,4,0,3,0.125,49545216,3.0
1,65,21,12,9,3,5.028426049999999,9,0.9,2,19,0.09523809523809523,2,15,1,7,1,8,0.11764705882352941,106168320,12.6
1,66,25,14,11,0,5.437937418000001,10,1.0,6,19,0.24,6,14,1,8,5,6,0.3,99090432,13.0
1,67,6,2,4,4,1.553391517,2,0.2,0,6,0.0,0,5,0,1,0,4,0.0,35389440,0.8
1,68,16,10,6,3,4.503470449,5,0.5,0,16,0.0,0,11,0,5,0,6,0.0,77856768,5.0
1,69,23,13,10,7,4.3657458590000005,8,0.8,4,19,0.17391304347826086,3,14,1,6,2,8,0.17647058823529413,99090432,10.4
1,70,7,5,2,1,1.7847024509999998,6,0.6,0,7,0.0,0,6,0,4,0,2,0.0,42467328,3.0
1,71,3,2,1,0,0.728083431,2,0.2,0,3,0.0,0,3,0,2,0,1,0.0,21233664,0.4
1,72,17,11,6,2,3.8760106410000006,6,0.6,1,16,0.058823529411764705,1,10,0,5,1,5,0.09090909090909091,70778880,5.3999999999999995
1,73,4,2,2,0,0.93812257,3,0.3,0,4,0.0,0,4,0,2,0,2,0.0,28311552,0.8999999999999999
1,74,6,2,4,1,1.4365998059999998,3,0.3,0,6,0.0,0,6,0,2,0,4,0.0,42467328,1.5
1,75,8,2,6,0,2.0284021940000003,3,0.3,1,7,0.125,1,7,0,2,1,5,0.125,49545216,1.7999999999999998
1,76,17,9,8,1,6.683986172,10,1.0,4,13,0.23529411764705882,4,12,4,4,0,8,0.25,84934656,11.0
1,77,18,11,7,13,3.9871487329999997,9,0.9,2,16,0.1111111111111111,2,14,1,8,1,6,0.125,99090432,11.700000000000001
1,78,8,2,6,4,1.974234894,5,0.5,0,8,0.0,0,8,0,2,0,6,0.0,56623104,3.5
1,79,14,12,2,2,2.9555067710000005,10,1.0,0,14,0.0,0,12,0,10,0,2,0.0,84934656,11.0
1,80,6,6,0,2,1.531271249,6,0.6,0,6,0.0,0,6,0,6,0,0,0.0,42467328,3.0
1,81,14,7,7,1,3.507658929,7,0.7,0,14,0.0,0,13,0,6,0,7,0.0,92012544,8.399999999999999
1,82,16,10,6,1,7.146420879,9,0.9,4,12,0.25,3,11,3,5,0,6,0.21428571428571427,77856768,9.0
1,83,14,8,6,1,3.206634803,6,0.6,1,13,0.07142857142857142,1,10,1,4,0,6,0.09090909090909091,70778880,5.3999999999999995
1,84,12,7,5,3,2.086839259,6,0.6,2,10,0.16666666666666666,2,9,1,5,1,4,0.18181818181818182,63700992,4.8
1,85,9,5,4,1,2.0795769689999997,4,0.4,1,8,0.1111111111111111,1,6,0,3,1,3,0.14285714285714285,42467328,2.0
1,86,16,7,9,0,5.099205181,5,0.5,5,11,0.3125,4,9,1,3,3,6,0.3076923076923077,63700992,4.0
1,87,3,0,3,2,0.8652286229999999,3,0.3,0,3,0.0,0,3,0,0,0,3,0.0,21233664,0.6
1,88,6,3,3,0,1.5084371870000002,3,0.3,0,6,0.0,0,6,0,3,0,3,0.0,42467328,1.5
1,89,2,1,1,0,0.477660388,2,0.2,1,1,0.5,1,1,1,0,0,1,0.5,7077888,0.0
1,90,7,4,3,0,1.7274632140000001,3,0.3,0,7,0.0,0,5,0,2,0,3,0.0,35389440,1.2
1,91,12,7,5,5,2.9889220140000003,6,0.6,0,12,0.0,0,11,0,6,0,5,0.0,77856768,6.0
1,92,11,6,5,2,2.926920459,4,0.4,1,10,0.09090909090909091,1,7,0,3,1,4,0.125,49545216,2.4000000000000004
1,93,33,29,4,12,8.497289074000003,10,1.0,2,31,0.06060606060606061,2,12,0,10,2,2,0.14285714285714285,84934656,11.0
1,94,5,3,2,1,1.6859745380000002,3,0.3,0,5,0.0,0,5,0,3,0,2,0.0,35389440,1.2
1,95,8,5,3,0,2.145605043,4,0.4,1,7,0.125,1,6,1,3,0,3,0.14285714285714285,42467328,2.0
1,96,7,5,2,0,1.5147883739999999,5,0.5,0,7,0.0,0,5,0,3,0,2,0.0,35389440,2.0
1,97,15,12,3,0,1.5150979466000005,10,1.0,1,14,0.06666666666666667,1,12,1,9,0,3,0.07692307692307693,84934656,11.0
1,98,21,14,7,1,5.078789888,9,0.9,7,14,0.3333333333333333,5,11,3,6,2,5,0.3125,77856768,9.0
1,99,11,6,5,2,2.988726645,6,0.6,0,11,0.0,0,11,0,6,0,5,0.0,77856768,6.0
1,100,24,17,7,0,4.836320832000001,8,0.8,2,22,0.08333333333333333,2,13,1,7,1,6,0.13333333333333333,92012544,9.600000000000001
1,102,17,11,6,3,4.58653076,5,0.5,3,14,0.17647058823529413,2,8,1,3,1,5,0.2,56623104,3.5
1,103,4,2,2,1,0.9988659180000001,3,0.3,0,4,0.0,0,4,0,2,0,2,0.0,28311552,0.8999999999999999
1,104,11,7,4,1,2.845502777,5,0.5,0,11,0.0,0,9,0,5,0,4,0.0,63700992,4.0
1,105,7,4,3,1,1.9330259850000002,5,0.5,0,7,0.0,0,7,0,4,0,3,0.0,49545216,3.0
1,106,4,3,1,0,0.983349681,3,0.3,0,4,0.0,0,4,0,3,0,1,0.0,28311552,0.8999999999999999
1,107,1,0,1,0,0.264039248,1,0.1,0,1,0.0,0,1,0,0,0,1,0.0,7077888,0.0
1,108,6,2,4,0,1.422626673,2,0.2,0,6,0.0,0,6,0,2,0,4,0.0,42467328,1.0
1,109,8,3,5,1,2.1377493299999997,6,0.6,0,8,0.0,0,8,0,3,0,5,0.0,56623104,4.2
1,110,1,1,0,0,0.273468912,1,0.1,0,1,0.0,0,1,0,1,0,0,0.0,7077888,0.0
1,111,4,2,2,0,0.984376596,2,0.2,0,4,0.0,0,4,0,2,0,2,0.0,28311552,0.6000000000000001
1,112,21,14,7,2,4.7035332610000005,9,0.9,5,16,0.23809523809523808,3,11,2,5,1,6,0.21428571428571427,77856768,9.0
1,113,6,2,4,3,1.4205218259999999,3,0.3,1,5,0.16666666666666666,1,4,0,1,1,3,0.2,28311552,0.8999999999999999
1,114,15,8,7,0,2.104919315,7,0.7,3,12,0.2,3,11,1,6,2,5,0.21428571428571427,77856768,7.0
1,115,10,6,4,2,2.755219339,5,0.5,0,10,0.0,0,8,0,4,0,4,0.0,56623104,3.5
1,116,22,12,10,4,5.555334179999999,9,0.9,2,20,0.09090909090909091,2,16,1,7,1,9,0.1111111111111111,113246208,13.5
1,117,11,6,5,2,2.370640323,6,0.6,2,9,0.18181818181818182,1,9,1,4,0,5,0.1,63700992,4.8
1,118,8,5,3,1,1.9137415150000001,4,0.4,1,7,0.125,1,5,0,3,1,2,0.16666666666666666,35389440,1.6
1,119,5,4,1,1,1.298401534,5,0.5,0,5,0.0,0,5,0,4,0,1,0.0,35389440,2.0
1,120,2,1,1,0,0.5537005070000001,2,0.2,0,2,0.0,0,2,0,1,0,1,0.0,14155776,0.2
1,121,14,7,7,0,4.020856501,6,0.6,4,10,0.2857142857142857,3,10,1,5,2,5,0.23076923076923078,70778880,5.3999999999999995
1,122,17,9,8,2,3.9590250559999993,7,0.7,2,15,0.11764705882352941,1,14,1,6,0,8,0.06666666666666667,99090432,9.1
1,123,26,15,11,2,6.425716832,9,0.9,9,17,0.34615384615384615,6,13,1,7,5,6,0.3157894736842105,92012544,10.8
1,124,5,2,3,1,1.19034472,4,0.4,0,5,0.0,0,5,0,2,0,3,0.0,35389440,1.6
1,125,7,3,4,1,1.7998149989999999,4,0.4,0,7,0.0,0,6,0,2,0,4,0.0,42467328,2.0
1,126,13,13,0,2,3.001914543,10,1.0,0,13,0.0,0,10,0,10,0,0,0.0,70778880,9.0
1,127,8,5,3,0,1.928949758,4,0.4,0,8,0.0,0,7,0,4,0,3,0.0,49545216,2.4000000000000004
1,128,9,5,4,1,2.416858046,5,0.5,0,9,0.0,0,7,0,3,0,4,0.0,49545216,3.0
1,129,12,8,4,0,3.5090010759999997,7,0.7,2,10,0.16666666666666666,2,8,2,4,0,4,0.2,56623104,4.8999999999999995
1,130,8,4,4,2,1.9890100640000001,3,0.3,0,8,0.0,0,7,0,3,0,4,0.0,49545216,1.7999999999999998
1,131,8,4,4,0,1.996321232,5,0.5,0,8,0.0,0,7,0,3,0,4,0.0,49545216,3.0
1,132,11,7,4,3,2.380463421,7,0.7,0,11,0.0,0,10,0,6,0,4,0.0,70778880,6.3
1,133,13,7,6,3,3.4544172439999996,5,0.5,2,11,0.15384615384615385,2,9,0,5,2,4,0.18181818181818182,63700992,4.0
1,134,6,4,2,1,1.366771712,5,0.5,1,5,0.16666666666666666,1,5,1,3,0,2,0.16666666666666666,35389440,2.0
1,135,21,12,9,7,4.31555839,10,1.0,8,13,0.38095238095238093,6,12,4,5,2,7,0.3333333333333333,84934656,11.0
1,136,14,9,5,2,3.3981151130000002,6,0.6,1,13,0.07142857142857142,1,9,0,5,1,4,0.1,63700992,4.8
1,137,19,17,2,0,1.9191245676,10,1.0,1,18,0.05263157894736842,1,11,1,9,0,2,0.08333333333333333,77856768,10.0
1,138,11,7,4,7,2.4440356629999997,6,0.6,1,10,0.09090909090909091,1,8,0,5,1,3,0.1111111111111111,56623104,4.2
1,139,5,2,3,1,1.3191387650000002,3,0.3,0,5,0.0,0,5,0,2,0,3,0.0,35389440,1.2
1,140,23,18,5,0,7.224132911000002,10,1.0,2,21,0.08695652173913043,1,14,1,9,0,5,0.06666666666666667,99090432,13.0
1,141,1,1,0,0,0.265702128,1,0.1,0,1,0.0,0,1,0,1,0,0,0.0,7077888,0.0
1,142,13,11,2,1,3.2766997849999995,10,1.0,1,12,0.07692307692307693,1,11,0,10,1,1,0.08333333333333333,77856768,10.0
1,143,3,1,2,1,0.49458339900000003,2,0.2,0,3,0.0,0,3,0,1,0,2,0.0,21233664,0.4
1,144,9,3,6,1,2.2585604939999997,6,0.6,1,8,0.1111111111111111,1,7,0,2,1,5,0.125,49545216,3.5999999999999996
1,145,6,2,4,0,1.653913081,4,0.4,0,6,0.0,0,6,0,2,0,4,0.0,42467328,2.0
1,146,17,12,5,2,4.579991507000001,7,0.7,0,17,0.0,0,12,0,7,0,5,0.0,84934656,7.699999999999999
1,147,13,7,6,0,3.022430226000001,6,0.6,0,13,0.0,0,10,0,4,0,6,0.0,70778880,5.3999999999999995
1,148,16,10,6,1,4.060446918,7,0.7,2,14,0.125,2,11,0,7,2,4,0.15384615384615385,77856768,7.0
1,149,5,3,2,1,1.322210789,3,0.3,0,5,0.0,0,5,0,3,0,2,0.0,35389440,1.2
1,150,12,7,5,1,2.648513131,6,0.6,0,12,0.0,0,10,0,5,0,5,0.0,70778880,5.3999999999999995
1,151,22,12,10,2,2.8202605975000004,10,1.0,6,16,0.2727272727272727,5,15,4,6,1,9,0.25,106168320,14.0
1,152,11,7,4,6,2.7022884339999997,7,0.7,0,11,0.0,0,10,0,6,0,4,0.0,70778880,6.3
1,153,3,3,0,0,0.513382255,3,0.3,0,3,0.0,0,3,0,3,0,0,0.0,21233664,0.6
1,154,13,8,5,0,3.7628717870000004,7,0.7,2,11,0.15384615384615385,2,9,1,5,1,4,0.18181818181818182,63700992,5.6
1,155,26,17,9,2,5.295119077999999,10,1.0,4,22,0.15384615384615385,3,16,1,9,2,7,0.15789473684210525,113246208,15.0
1,156,6,1,5,0,1.9009708169999997,3,0.3,2,4,0.3333333333333333,2,4,0,1,2,3,0.3333333333333333,28311552,0.8999999999999999
1,157,13,8,5,2,3.063416419,5,0.5,1,12,0.07692307692307693,1,8,0,4,1,4,0.1111111111111111,56623104,3.5
1,158,16,14,2,0,1.6807047257,10,1.0,0,16,0.0,0,12,0,10,0,2,0.0,84934656,11.0
1,159,10,6,4,1,2.301421122,7,0.7,0,10,0.0,0,9,0,5,0,4,0.0,63700992,5.6
1,160,3,2,1,0,0.74066028,1,0.1,0,3,0.0,0,2,0,1,0,1,0.0,14155776,0.1
1,161,9,4,5,0,2.259022846,5,0.5,0,9,0.0,0,9,0,4,0,5,0.0,63700992,4.0
1,162,13,8,5,5,3.3573052420000002,6,0.6,3,10,0.23076923076923078,2,8,1,4,1,4,0.2,56623104,4.2
1,163,18,14,4,13,2.0125236662000003,10,1.0,0,18,0.0,0,14,0,10,0,4,0.0,99090432,13.0
1,164,15,7,8,4,3.3283024580000005,6,0.6,0,15,0.0,0,12,0,4,0,8,0.0,84934656,6.6
1,165,8,4,4,0,2.0374430709999998,8,0.8,1,7,0.125,1,7,1,3,0,4,0.125,49545216,4.800000000000001
1,166,17,8,9,0,4.402561902,7,0.7,4,13,0.23529411764705882,3,12,1,5,2,7,0.2,84934656,7.699999999999999
1,167,6,2,4,0,1.205471337,4,0.4,0,6,0.0,0,6,0,2,0,4,0.0,42467328,2.0
1,168,6,4,2,4,1.6038106520000002,5,0.5,0,6,0.0,0,6,0,4,0,2,0.0,42467328,2.5
1,169,11,7,4,0,3.175085128,7,0.7,0,11,0.0,0,10,0,6,0,4,0.0,70778880,6.3
1,170,16,13,3,0,4.63879314,10,1.0,2,14,0.125,1,12,1,9,0,3,0.07692307692307693,84934656,11.0
1,171,3,2,1,1,0.832263916,3,0.3,0,3,0.0,0,3,0,2,0,1,0.0,21233664,0.6
1,172,7,5,2,0,1.6290404070000002,6,0.6,0,7,0.0,0,7,0,5,0,2,0.0,49545216,3.5999999999999996
1,173,22,12,10,0,5.6476624179999995,7,0.7,4,18,0.18181818181818182,4,12,0,6,4,6,0.25,84934656,7.699999999999999
1,174,8,4,4,0,2.0688184799999996,4,0.4,0,8,0.0,0,7,0,3,0,4,0.0,49545216,2.4000000000000004
1,175,6,3,3,0,1.335150614,6,0.6,0,6,0.0,0,6,0,3,0,3,0.0,42467328,3.0
1,176,14,7,7,1,3.0005218240000002,7,0.7,6,8,0.42857142857142855,4,7,1,3,3,4,0.36363636363636365,49545216,4.199999999999999
1,177,11,6,5,1,2.7266063250000006,6,0.6,0,11,0.0,0,9,0,4,0,5,0.0,63700992,4.8
1,178,9,6,3,2,2.046765432,5,0.5,1,8,0.1111111111111111,1,7,0,5,1,2,0.125,49545216,3.0
1,179,15,6,9,3,3.6471083449999995,5,0.5,4,11,0.26666666666666666,4,9,0,4,4,5,0.3076923076923077,63700992,4.0
1,180,5,4,1,1,1.3204813,4,0.4,0,5,0.0,0,4,0,3,0,1,0.0,28311552,1.2000000000000002
1,181,15,9,6,3,4.1099836540000005,8,0.8,0,15,0.0,0,12,0,6,0,6,0.0,84934656,8.8
1,182,5,4,1,0,1.206282959,4,0.4,0,5,0.0,0,5,0,4,0,1,0.0,35389440,1.6
1,183,6,4,2,2,1.0335394295,6,0.6,0,6,0.0,0,6,0,4,0,2,0.0,42467328,3.0
1,184,22,21,1,0,3.4442535966999994,10,1.0,0,22,0.0,0,11,0,10,0,1,0.0,77856768,10.0
1,185,13,7,6,2,3.1388553240000006,3,0.3,1,12,0.07692307692307693,1,8,0,3,1,5,0.1111111111111111,56623104,2.1
1,186,2,1,1,0,0.489753321,2,0.2,0,2,0.0,0,2,0,1,0,1,0.0,14155776,0.2
1,187,4,2,2,0,1.095896363,3,0.3,0,4,0.0,0,4,0,2,0,2,0.0,28311552,0.8999999999999999
1,188,7,6,1,3,1.905139074,6,0.6,0,7,0.0,0,6,0,5,0,1,0.0,42467328,3.0
1,189,9,5,4,0,2.516944661,3,0.3,0,9,0.0,0,6,0,2,0,4,0.0,42467328,1.5
1,190,9,8,1,0,2.7796735459999997,4,0.4,0,9,0.0,0,5,0,4,0,1,0.0,35389440,1.6
1,191,8,4,4,0,2.001329229,3,0.3,1,7,0.125,1,6,1,2,0,4,0.14285714285714285,42467328,1.5
1,192,7,4,3,0,1.7351310549999999,4,0.4,0,7,0.0,0,6,0,3,0,3,0.0,42467328,2.0
1,193,4,2,2,0,1.097460896,3,0.3,0,4,0.0,0,4,0,2,0,2,0.0,28311552,0.8999999999999999
1,194,14,7,7,7,3.881886721,6,0.6,0,14,0.0,0,12,0,5,0,7,0.0,84934656,6.6
1,195,6,4,2,0,1.8657963579999999,5,0.5,0,6,0.0,0,6,0,4,0,2,0.0,42467328,2.5
1,196,18,12,6,1,5.161495774,7,0.7,2,16,0.1111111111111111,2,11,0,7,2,4,0.15384615384615385,77856768,7.0
1,197,7,3,4,3,1.999950439,4,0.4,0,7,0.0,0,7,0,3,0,4,0.0,49545216,2.4000000000000004
1,198,18,9,9,0,6.062665268,8,0.8,1,17,0.05555555555555555,1,15,0,7,1,8,0.0625,106168320,11.200000000000001
1,199,9,2,7,0,2.7565696840000005,6,0.6,1,8,0.1111111111111111,1,8,1,1,0,7,0.1111111111111111,56623104,4.2
1,200,7,2,5,1,1.7533095039999997,5,0.5,0,7,0.0,0,6,0,1,0,5,0.0,42467328,2.5
1,201,6,3,3,1,1.652851015,5,0.5,0,6,0.0,0,6,0,3,0,3,0.0,42467328,2.5
1,202,6,2,4,2,1.183570205,5,0.5,1,5,0.16666666666666666,1,5,0,2,1,3,0.16666666666666666,35389440,2.0
1,203,10,7,3,0,3.2221907059999997,7,0.7,0,10,0.0,0,9,0,6,0,3,0.0,63700992,5.6
1,204,14,8,6,1,3.4495634289999995,7,0.7,2,12,0.14285714285714285,2,10,1,5,1,5,0.16666666666666666,70778880,6.3
1,205,5,2,3,0,1.584231168,4,0.4,0,5,0.0,0,5,0,2,0,3,0.0,35389440,1.6
1,206,5,3,2,4,1.0257186889999999,3,0.3,0,5,0.0,0,4,0,2,0,2,0.0,28311552,0.8999999999999999
1,207,8,6,2,2,1.983167231,3,0.3,0,8,0.0,0,5,0,3,0,2,0.0,35389440,1.2
1,208,10,5,5,2,2.4982237379999996,6,0.6,0,10,0.0,0,10,0,5,0,5,0.0,70778880,5.3999999999999995
1,209,13,10,3,0,3.375621603,6,0.6,0,13,0.0,0,9,0,6,0,3,0.0,63700992,4.8
1,210,16,10,6,7,3.4405238597000003,7,0.7,5,11,0.3125,3,8,2,3,1,5,0.2727272727272727,56623104,4.8999999999999995
1,211,7,6,1,0,1.6954575920000001,3,0.3,0,7,0.0,0,4,0,3,0,1,0.0,28311552,0.8999999999999999
1,212,14,10,4,0,3.140146374,6,0.6,1,13,0.07142857142857142,1,9,0,6,1,3,0.1,63700992,4.8
1,213,7,4,3,0,1.8134097740000001,4,0.4,0,7,0.0,0,6,0,3,0,3,0.0,42467328,2.0
1,214,28,18,10,4,7.397104280000001,10,1.0,4,24,0.14285714285714285,4,16,0,10,4,6,0.2,113246208,15.0
1,215,7,3,4,0,1.798854276,4,0.4,0,7,0.0,0,7,0,3,0,4,0.0,49545216,2.4000000000000004
1,216,3,1,2,0,0.593424827,2,0.2,0,3,0.0,0,3,0,1,0,2,0.0,21233664,0.4
1,217,8,4,4,2,1.957613288,5,0.5,1,7,0.125,1,6,0,3,1,3,0.14285714285714285,42467328,2.5
1,218,2,1,1,1,0.522481382,2,0.2,0,2,0.0,0,2,0,1,0,1,0.0,14155776,0.2
1,219,6,4,2,3,1.53059499,4,0.4,0,6,0.0,0,6,0,4,0,2,0.0,42467328,2.0
1,220,5,2,3,1,1.592011453,4,0.4,0,5,0.0,0,5,0,2,0,3,0.0,35389440,1.6
1,221,7,4,3,2,1.695481956,4,0.4,0,7,0.0,0,7,0,4,0,3,0.0,49545216,2.4000000000000004
1,222,5,2,3,1,1.374004513,2,0.2,1,4,0.2,1,3,0,1,1,2,0.25,21233664,0.4
1,223,18,13,5,4,4.299103691,8,0.8,0,18,0.0,0,12,0,7,0,5,0.0,84934656,8.8
1,224,8,5,3,1,1.6117138119999999,4,0.4,0,8,0.0,0,7,0,4,0,3,0.0,49545216,2.4000000000000004
1,225,5,2,3,3,1.358064383,4,0.4,0,5,0.0,0,5,0,2,0,3,0.0,35389440,1.6
1,226,16,6,10,3,4.897607416999999,6,0.6,2,14,0.125,2,11,0,3,2,8,0.15384615384615385,77856768,6.0
1,227,15,13,2,0,4.174875350000001,10,1.0,0,15,0.0,0,12,0,10,0,2,0.0,84934656,11.0
1,228,5,3,2,3,1.334825173,5,0.5,0,5,0.0,0,5,0,3,0,2,0.0,35389440,2.0
1,229,9,4,5,0,1.5599738213,5,0.5,2,7,0.2222222222222222,2,7,1,3,1,4,0.2222222222222222,49545216,3.0
1,230,7,5,2,1,1.397472806,4,0.4,1,6,0.14285714285714285,1,5,0,4,1,1,0.16666666666666666,35389440,1.6
1,231,7,2,5,1,2.363374501,6,0.6,0,7,0.0,0,7,0,2,0,5,0.0,49545216,3.5999999999999996
1,232,7,4,3,1,1.817766712,5,0.5,1,6,0.14285714285714285,1,6,0,4,1,2,0.14285714285714285,42467328,2.5
1,233,7,5,2,1,1.7953285580000005,5,0.5,0,7,0.0,0,6,0,4,0,2,0.0,42467328,2.5
1,234,6,4,2,0,1.7083437739999998,4,0.4,0,6,0.0,0,5,0,3,0,2,0.0,35389440,1.6
1,235,8,5,3,0,1.867769405,7,0.7,0,8,0.0,0,8,0,5,0,3,0.0,56623104,4.8999999999999995
1,236,7,3,4,1,1.748622788,4,0.4,0,7,0.0,0,7,0,3,0,4,0.0,49545216,2.4000000000000004
1,237,12,6,6,0,2.5634024653,5,0.5,2,10,0.16666666666666666,2,8,0,4,2,4,0.2,56623104,3.5
1,238,3,2,1,0,0.7825316489999999,2,0.2,0,3,0.0,0,3,0,2,0,1,0.0,21233664,0.4
1,239,11,8,3,10,3.0284084840000003,4,0.4,0,11,0.0,0,7,0,4,0,3,0.0,49545216,2.4000000000000004
1,240,26,20,6,9,6.180381698999997,10,1.0,3,23,0.11538461538461539,2,14,1,9,1,5,0.125,99090432,13.0
1,241,7,2,5,3,1.9892311400000002,3,0.3,0,7,0.0,0,7,0,2,0,5,0.0,49545216,1.7999999999999998
1,242,8,6,2,0,2.014496952,4,0.4,0,8,0.0,0,6,0,4,0,2,0.0,42467328,2.0
1,243,10,6,4,0,2.9279974257999997,7,0.7,2,8,0.2,2,7,1,4,1,3,0.2222222222222222,49545216,4.199999999999999
1,244,5,4,1,0,1.3666244889999999,4,0.4,0,5,0.0,0,5,0,4,0,1,0.0,35389440,1.6
1,245,5,5,0,0,0.9202993510000002,5,0.5,0,5,0.0,0,5,0,5,0,0,0.0,35389440,2.0
1,246,6,3,3,1,1.861020387,4,0.4,0,6,0.0,0,6,0,3,0,3,0.0,42467328,2.0
1,247,3,2,1,0,0.734465585,2,0.2,0,3,0.0,0,3,0,2,0,1,0.0,21233664,0.4
1,248,6,3,3,0,1.7032077920000002,3,0.3,0,6,0.0,0,6,0,3,0,3,0.0,42467328,1.5
1,249,6,3,3,2,1.762698829,4,0.4,1,5,0.16666666666666666,1,5,1,2,0,3,0.16666666666666666,35389440,1.6
1,250,6,2,4,2,1.631136031,4,0.4,0,6,0.0,0,6,0,2,0,4,0.0,42467328,2.0
1,251,11,4,7,1,2.92667596,6,0.6,2,9,0.18181818181818182,2,9,1,3,1,6,0.18181818181818182,63700992,4.8
1,252,6,4,2,0,1.74838397,3,0.3,0,6,0.0,0,5,0,3,0,2,0.0,35389440,1.2
1,253,6,4,2,0,1.5801634789999999,5,0.5,0,6,0.0,0,6,0,4,0,2,0.0,42467328,2.5
1,254,1,0,1,0,0.241138518,1,0.1,0,1,0.0,0,1,0,0,0,1,0.0,7077888,0.0
1,255,2,0,2,0,0.538092494,2,0.2,0,2,0.0,0,2,0,0,0,2,0.0,14155776,0.2
2,0,13,7,6,4,2.80836022,8,0.8,0,13,0.0,0,12,0,6,0,6,0.0,84934656,8.8
2,1,18,12,6,2,3.762079298000001,8,0.8,3,15,0.16666666666666666,2,11,2,5,0,6,0.15384615384615385,77856768,8.0
2,2,6,3,3,0,1.485902281,5,0.5,0,6,0.0,0,6,0,3,0,3,0.0,42467328,2.5
2,3,12,8,4,3,2.43637465,6,0.6,1,11,0.08333333333333333,1,8,0,5,1,3,0.1111111111111111,56623104,4.2
2,4,23,19,4,4,5.791222170999999,10,1.0,4,19,0.17391304347826086,2,12,2,8,0,4,0.14285714285714285,84934656,11.0
2,5,9,5,4,0,2.1861248620000002,5,0.5,0,9,0.0,0,7,0,3,0,4,0.0,49545216,3.0
2,6,9,5,4,0,2.346365348,5,0.5,1,8,0.1111111111111111,1,7,0,4,1,3,0.125,49545216,3.0
2,7,9,2,7,0,2.082681029,5,0.5,1,8,0.1111111111111111,1,8,0,2,1,6,0.1111111111111111,56623104,3.5
2,8,5,0,5,2,1.282918155,5,0.5,0,5,0.0,0,5,0,0,0,5,0.0,35389440,2.0
2,9,11,6,5,9,2.878411055,5,0.5,0,11,0.0,0,8,0,3,0,5,0.0,56623104,3.5
2,10,2,0,2,0,0.50193663,2,0.2,0,2,0.0,0,2,0,0,0,2,0.0,14155776,0.2
2,11,12,8,4,7,2.6874405910000005,7,0.7,0,12,0.0,0,11,0,7,0,4,0.0,77856768,7.0
2,12,8,4,4,2,1.9270398169999998,4,0.4,0,8,0.0,0,7,0,3,0,4,0.0,49545216,2.4000000000000004
2,13,3,2,1,1,0.5631455709,2,0.2,0,3,0.0,0,3,0,2,0,1,0.0,21233664,0.4
2,14,16,15,1,2,4.1026113639999995,10,1.0,2,14,0.125,1,10,1,9,0,1,0.09090909090909091,70778880,9.0
2,15,12,5,7,3,2.735894426,7,0.7,2,10,0.16666666666666666,2,10,1,4,1,6,0.16666666666666666,70778880,6.3
2,16,11,8,3,0,3.0649504980000004,6,0.6,0,11,0.0,0,8,0,5,0,3,0.0,56623104,4.2
2,17,7,6,1,0,1.4951964469999999,3,0.3,0,7,0.0,0,4,0,3,0,1,0.0,28311552,0.8999999999999999
2,18,4,4,0,1,0.8804217429999999,4,0.4,0,4,0.0,0,4,0,4,0,0,0.0,28311552,1.2000000000000002
2,19,14,7,7,5,3.061779827,8,0.8,1,13,0.07142857142857142,1,12,1,5,0,7,0.07692307692307693,84934656,8.8
2,20,17,9,8,7,2.3778725948,6,0.6,4,13,0.23529411764705882,3,11,1,5,2,6,0.21428571428571427,77856768,6.0
2,21,2,2,0,2,0.509080439,2,0.2,0,2,0.0,0,2,0,2,0,0,0.0,14155776,0.2
2,22,17,12,5,6,3.1324817100000004,8,0.8,1,16,0.058823529411764705,1,11,0,7,1,4,0.08333333333333333,77856768,8.0
2,23,9,5,4,2,2.537447988,5,0.5,0,9,0.0,0,8,0,4,0,4,0.0,56623104,3.5
2,24,8,4,4,0,1.6776206509999998,4,0.4,1,7,0.125,1,6,0,3,1,3,0.14285714285714285,42467328,2.0
2,25,17,7,10,2,4.57364349,6,0.6,2,15,0.11764705882352941,2,12,0,4,2,8,0.14285714285714285,84934656,6.6
2,26,5,4,1,0,0.835116611,5,0.5,0,5,0.0,0,5,0,4,0,1,0.0,35389440,2.0
2,27,10,7,3,0,2.598088503,4,0.4,2,8,0.2,2,5,0,4,2,1,0.2857142857142857,35389440,1.6
2,28,10,7,3,1,2.2961477049999997,6,0.6,2,8,0.2,2,7,2,4,0,3,0.2222222222222222,49545216,3.5999999999999996
2,29,16,10,6,3,4.018824444,9,0.9,1,15,0.0625,1,14,1,8,0,6,0.06666666666666667,99090432,11.700000000000001
2,30,2,0,2,0,0.431275577,2,0.2,0,2,0.0,0,2,0,0,0,2,0.0,14155776,0.2
2,31,22,16,6,2,5.8752679379999995,10,1.0,2,20,0.09090909090909091,2,14,0,10,2,4,0.125,99090432,13.0
2,32,6,3,3,1,1.722254441,3,0.3,0,6,0.0,0,6,0,3,0,3,0.0,42467328,1.5
2,33,19,12,7,1,4.109504373,8,0.8,2,17,0.10526315789473684,2,12,1,6,1,6,0.14285714285714285,84934656,8.8
2,34,6,2,4,0,1.386060417,4,0.4,0,6,0.0,0,6,0,2,0,4,0.0,42467328,2.0
2,35,23,15,8,5,6.081564962,9,0.9,4,19,0.17391304347826086,4,12,0,8,4,4,0.25,84934656,9.9
2,36,14,10,4,0,2.8621944046,7,0.7,2,12,0.14285714285714285,2,9,2,5,0,4,0.18181818181818182,63700992,5.6
2,37,18,12,6,2,4.659191652,8,0.8,2,16,0.1111111111111111,2,10,2,4,0,6,0.16666666666666666,70778880,7.2
2,38,2,1,1,0,0.533323556,2,0.2,0,2,0.0,0,2,0,1,0,1,0.0,14155776,0.2
2,39,21,13,8,0,7.495005445000002,10,1.0,5,16,0.23809523809523808,5,13,4,6,1,7,0.2777777777777778,92012544,12.0
2,40,11,8,3,1,2.9935573339999997,6,0.6,2,9,0.18181818181818182,1,8,1,5,0,3,0.1111111111111111,56623104,4.2
2,41,5,1,4,2,1.376024931,4,0.4,0,5,0.0,0,5,0,1,0,4,0.0,35389440,1.6
2,42,14,7,7,7,3.4017339790000003,8,0.8,1,13,0.07142857142857142,1,12,0,6,1,6,0.07692307692307693,84934656,8.8
2,43,16,13,3,4,2.6358955490000002,10,1.0,2,14,0.125,2,11,2,8,0,3,0.15384615384615385,77856768,10.0
2,44,10,5,5,0,2.4506820000000005,6,0.6,0,10,0.0,0,10,0,5,0,5,0.0,70778880,5.3999999999999995
2,45,6,4,2,0,1.680623443,3,0.3,0,6,0.0,0,5,0,3,0,2,0.0,35389440,1.2
2,46,8,4,4,0,2.059830577,8,0.8,1,7,0.125,1,7,1,3,0,4,0.125,49545216,4.800000000000001
2,47,7,2,5,4,1.70683293,3,0.3,0,7,0.0,0,6,0,1,0,5,0.0,42467328,1.5
2,48,8,4,4,1,1.670549898,4,0.4,1,7,0.125,1,6,0,3,1,3,0.14285714285714285,42467328,2.0
2,49,11,7,4,2,2.6621561940000005,5,0.5,0,11,0.0,0,8,0,4,0,4,0.0,56623104,3.5
2,50,11,5,6,1,2.8532196,6,0.6,1,10,0.09090909090909091,1,8,1,2,0,6,0.1111111111111111,56623104,4.2
2,51,4,1,3,1,1.091050833,3,0.3,1,3,0.25,1,3,0,1,1,2,0.25,21233664,0.6
2,52,5,3,2,0,1.044011325,3,0.3,0,5,0.0,0,5,0,3,0,2,0.0,35389440,1.2
2,53,30,21,9,6,7.191865236900001,10,1.0,3,27,0.1,3,16,1,9,2,7,0.15789473684210525,113246208,15.0
2,54,8,3,5,4,2.233781308,5,0.5,2,6,0.25,2,6,0,3,2,3,0.25,42467328,2.5
2,55,4,3,1,0,0.978904619,4,0.4,0,4,0.0,0,4,0,3,0,1,0.0,28311552,1.2000000000000002
2,56,6,3,3,0,1.5220969320000002,4,0.4,0,6,0.0,0,6,0,3,0,3,0.0,42467328,2.0
2,57,9,6,3,3,2.637447478,7,0.7,0,9,0.0,0,8,0,5,0,3,0.0,56623104,4.8999999999999995
2,58,13,8,5,6,3.2602901159999997,6,0.6,2,11,0.15384615384615385,2,9,0,6,2,3,0.18181818181818182,63700992,4.8
2,59,5,4,1,0,1.214653388,4,0.4,0,5,0.0,0,5,0,4,0,1,0.0,35389440,1.6
2,60,9,4,5,1,1.8007981169999998,5,0.5,0,9,0.0,0,8,0,3,0,5,0.0,56623104,3.5
2,61,21,14,7,6,3.473518430500001,8,0.8,5,16,0.23809523809523808,5,10,3,5,2,5,0.3333333333333333,70778880,7.2
2,62,14,7,7,1,3.352127388,6,0.6,2,12,0.14285714285714285,2,10,0,5,2,5,0.16666666666666666,70778880,5.3999999999999995
2,63,12,9,3,0,2.3605688959999998,5,0.5,3,9,0.25,3,5,0,5,3,0,0.375,35389440,2.0
2,64,5,3,2,1,1.16659674,5,0.5,0,5,0.0,0,5,0,3,0,2,0.0,35389440,2.0
2,65,37,22,15,9,9.491745072,10,1.0,12,25,0.32432432432432434,9,15,2,7,7,8,0.375,106168320,14.0
2,66,9,5,4,1,2.181000842,5,0.5,2,7,0.2222222222222222,1,6,1,2,0,4,0.14285714285714285,42467328,2.5
2,67,6,4,2,3,1.513342203,5,0.5,0,6,0.0,0,6,0,4,0,2,0.0,42467328,2.5
2,68,10,6,4,2,2.228126273,5,0.5,0,10,0.0,0,9,0,5,0,4,0.0,63700992,4.0
2,69,5,2,3,0,1.4732147150000001,5,0.5,1,4,0.2,1,4,1,1,0,3,0.2,28311552,1.5
2,70,9,8,1,3,2.1281548129999996,6,0.6,0,9,0.0,0,6,0,5,0,1,0.0,42467328,3.0
2,71,5,3,2,1,1.213663489,4,0.4,0,5,0.0,0,5,0,3,0,2,0.0,35389440,1.6
2,72,12,9,3,5,2.9745920900000002,8,0.8,0,12,0.0,0,10,0,7,0,3,0.0,70778880,7.2
2,73,7,5,2,1,1.748960434,5,0.5,0,7,0.0,0,6,0,4,0,2,0.0,42467328,2.5
2,74,24,12,12,2,5.991659925,8,0.8,9,15,0.375,5,14,4,3,1,11,0.2631578947368421,99090432,10.4
2,75,15,7,8,1,3.2967041420000003,7,0.7,3,12,0.2,3,12,2,5,1,7,0.2,84934656,7.699999999999999
2,76,8,5,3,0,2.088723123,4,0.4,0,8,0.0,0,6,0,3,0,3,0.0,42467328,2.0
2,77,23,16,7,3,4.947750538,10,1.0,4,19,0.17391304347826086,3,14,1,9,2,5,0.17647058823529413,99090432,13.0
2,78,4,2,2,0,1.08044976,2,0.2,0,4,0.0,0,4,0,2,0,2,0.0,28311552,0.6000000000000001
2,79,3,3,0,0,0.7191954700000001,3,0.3,0,3,0.0,0,3,0,3,0,0,0.0,21233664,0.6
2,80,12,6,6,0,2.7692255820000002,5,0.5,3,9,0.25,3,8,1,4,2,4,0.2727272727272727,56623104,3.5
2,81,26,14,12,1,6.227212712000002,10,1.0,7,19,0.2692307692307692,5,15,3,5,2,10,0.25,106168320,14.0
2,82,23,18,5,7,5.886468248000001,10,1.0,7,16,0.30434782608695654,3,12,2,8,1,4,0.2,84934656,11.0
2,83,8,3,5,0,1.855524093,5,0.5,1,7,0.125,1,7,1,2,0,5,0.125,49545216,3.0
2,84,20,11,9,16,2.8453495088,9,0.9,7,13,0.35,6,12,4,5,2,7,0.3333333333333333,84934656,9.9
2,85,12,7,5,1,4.221398175000001,6,0.6,4,8,0.3333333333333333,3,8,2,4,1,4,0.2727272727272727,56623104,4.2
2,86,7,3,4,1,1.6791206010000002,5,0.5,0,7,0.0,0,7,0,3,0,4,0.0,49545216,3.0
2,87,7,6,1,0,1.9045285140000003,6,0.6,0,7,0.0,0,6,0,5,0,1,0.0,42467328,3.0
2,88,13,8,5,0,3.2506385599999996,6,0.6,0,13,0.0,0,10,0,5,0,5,0.0,70778880,5.3999999999999995
2,89,10,6,4,2,2.504062205,5,0.5,0,10,0.0,0,8,0,4,0,4,0.0,56623104,3.5
2,90,3,1,2,1,0.829740465,3,0.3,0,3,0.0,0,3,0,1,0,2,0.0,21233664,0.6
2,91,6,3,3,2,1.553725183,3,0.3,0,6,0.0,0,6,0,3,0,3,0.0,42467328,1.5
2,92,9,6,3,2,2.3032059819999997,6,0.6,0,9,0.0,0,9,0,6,0,3,0.0,63700992,4.8
2,93,11,5,6,2,2.79103847,7,0.7,2,9,0.18181818181818182,2,9,2,3,0,6,0.18181818181818182,63700992,5.6
2,94,5,1,4,0,1.3922189040000001,3,0.3,0,5,0.0,0,5,0,1,0,4,0.0,35389440,1.2
2,95,6,5,1,0,1.451614126,3,0.3,0,6,0.0,0,3,0,2,0,1,0.0,21233664,0.6
2,96,12,5,7,4,2.883973435,5,0.5,1,11,0.08333333333333333,1,10,0,4,1,6,0.09090909090909091,70778880,4.5
2,97,5,3,2,0,1.7715674479999999,4,0.4,0,5,0.0,0,5,0,3,0,2,0.0,35389440,1.6
2,98,13,9,4,8,3.2600981009999996,6,0.6,0,13,0.0,0,10,0,6,0,4,0.0,70778880,5.3999999999999995
2,99,12,7,5,0,3.038446635,8,0.8,1,11,0.08333333333333333,1,11,1,6,0,5,0.08333333333333333,77856768,8.0
2,100,12,6,6,1,2.852101072,7,0.7,0,12,0.0,0,11,0,5,0,6,0.0,77856768,7.0
2,101,3,1,2,0,0.5541008119999999,3,0.3,0,3,0.0,0,3,0,1,0,2,0.0,21233664,0.6
2,102,11,6,5,1,2.6563499289999997,6,0.6,1,10,0.09090909090909091,1,9,0,5,1,4,0.1,63700992,4.8
2,103,4,2,2,3,0.9320292480000001,2,0.2,0,4,0.0,0,4,0,2,0,2,0.0,28311552,0.6000000000000001
2,104,6,4,2,0,1.5016756210000002,4,0.4,1,5,0.16666666666666666,1,5,1,3,0,2,0.16666666666666666,35389440,1.6
2,105,17,14,3,2,2.9994183189999997,10,1.0,3,14,0.17647058823529413,2,11,2,8,0,3,0.15384615384615385,77856768,10.0
2,106,5,3,2,0,1.2248305240000001,3,0.3,1,4,0.2,1,4,1,2,0,2,0.2,28311552,0.8999999999999999
2,107,2,1,1,0,0.445824772,1,0.1,0,2,0.0,0,2,0,1,0,1,0.0,14155776,0.1
2,108,21,16,5,12,3.952079043,10,1.0,1,20,0.047619047619047616,1,14,1,9,0,5,0.06666666666666667,99090432,13.0
2,109,13,8,5,1,3.48128672,7,0.7,4,9,0.3076923076923077,1,9,1,4,0,5,0.1,63700992,5.6
2,110,13,7,6,2,2.883984038,6,0.6,1,12,0.07692307692307693,1,10,0,5,1,5,0.09090909090909091,70778880,5.3999999999999995
2,112,21,13,8,8,6.851278975999999,6,0.6,6,15,0.2857142857142857,5,9,1,5,4,4,0.35714285714285715,63700992,4.8
2,113,10,6,4,3,2.1714297300000003,5,0.5,1,9,0.1,1,8,0,5,1,3,0.1111111111111111,56623104,3.5
2,114,6,3,3,0,1.6911736720000001,4,0.4,0,6,0.0,0,6,0,3,0,3,0.0,42467328,2.0
2,115,32,29,3,0,5.853023747,10,1.0,4,28,0.125,1,12,1,9,0,3,0.07692307692307693,84934656,11.0
2,116,3,2,1,0,0.563601763,3,0.3,0,3,0.0,0,3,0,2,0,1,0.0,21233664,0.6
2,117,6,1,5,1,1.549963371,4,0.4,1,5,0.16666666666666666,1,5,0,1,1,4,0.16666666666666666,35389440,1.6
2,118,7,2,5,0,1.779703392,3,0.3,2,5,0.2857142857142857,2,4,0,1,2,3,0.3333333333333333,28311552,0.8999999999999999
2,119,15,9,6,0,4.361164481,7,0.7,1,14,0.06666666666666667,1,11,0,6,1,5,0.08333333333333333,77856768,7.0
2,120,18,9,9,2,4.094179006999998,8,0.8,5,13,0.2777777777777778,3,11,1,4,2,7,0.21428571428571427,77856768,8.0
2,121,13,8,5,1,2.804679498,4,0.4,2,11,0.15384615384615385,2,7,0,4,2,3,0.2222222222222222,49545216,2.4000000000000004
2,122,4,2,2,0,0.9512910099999999,2,0.2,0,4,0.0,0,4,0,2,0,2,0.0,28311552,0.6000000000000001
2,123,5,5,0,1,1.032260299,4,0.4,0,5,0.0,0,4,0,4,0,0,0.0,28311552,1.2000000000000002
2,124,9,1,8,3,2.356090336,5,0.5,2,7,0.2222222222222222,2,7,1,0,1,7,0.2222222222222222,49545216,3.0
2,125,9,4,5,0,2.808586181,4,0.4,3,6,0.3333333333333333,2,6,1,2,1,4,0.25,42467328,2.0
2,126,12,8,4,0,3.13864988,6,0.6,1,11,0.08333333333333333,1,8,0,5,1,3,0.1111111111111111,56623104,4.2
2,127,5,2,3,0,1.166967272,3,0.3,0,5,0.0,0,5,0,2,0,3,0.0,35389440,1.2
2,128,43,28,15,1,10.935511930999997,10,1.0,20,23,0.46511627906976744,11,14,6,4,5,10,0.44,99090432,13.0
2,129,10,6,4,3,2.951272965,7,0.7,0,10,0.0,0,8,0,4,0,4,0.0,56623104,4.8999999999999995
2,130,15,12,3,1,3.9306920770000002,10,1.0,1,14,0.06666666666666667,1,12,1,9,0,3,0.07692307692307693,84934656,11.0
2,131,6,3,3,0,1.5233225369999999,5,0.5,0,6,0.0,0,6,0,3,0,3,0.0,42467328,2.5
2,132,20,16,4,0,3.785187356,10,1.0,1,19,0.05,1,13,1,9,0,4,0.07142857142857142,92012544,12.0
2,133,10,5,5,2,2.988180965,5,0.5,0,10,0.0,0,9,0,4,0,5,0.0,63700992,4.0
2,134,7,3,4,3,1.459079265,4,0.4,1,6,0.14285714285714285,1,6,0,3,1,3,0.14285714285714285,42467328,2.0
2,135,26,20,6,10,6.325932815,10,1.0,1,25,0.038461538461538464,1,15,0,10,1,5,0.0625,106168320,14.0
2,136,5,3,2,0,1.3284464779999998,3,0.3,2,3,0.4,1,3,1,1,0,2,0.25,21233664,0.6
2,137,6,3,3,1,1.529450253,3,0.3,2,4,0.3333333333333333,1,4,1,1,0,3,0.2,28311552,0.8999999999999999
2,138,7,3,4,1,1.985278501,4,0.4,0,7,0.0,0,7,0,3,0,4,0.0,49545216,2.4000000000000004
2,139,4,3,1,0,1.188306718,3,0.3,0,4,0.0,0,4,0,3,0,1,0.0,28311552,0.8999999999999999
2,140,7,3,4,0,1.743387803,5,0.5,1,6,0.14285714285714285,1,6,0,3,1,3,0.14285714285714285,42467328,2.5
2,141,21,11,10,2,3.757908181,7,0.7,6,15,0.2857142857142857,5,11,2,4,3,7,0.3125,77856768,7.0
2,142,7,5,2,2,1.828046322,5,0.5,0,7,0.0,0,7,0,5,0,2,0.0,49545216,3.0
2,143,16,13,3,2,8.423206685999999,10,1.0,3,13,0.1875,2,11,1,9,1,2,0.15384615384615385,77856768,10.0
2,144,6,2,4,3,1.824699521,6,0.6,1,5,0.16666666666666666,1,5,1,1,0,4,0.16666666666666666,35389440,2.4
2,145,9,6,3,2,2.043085516,6,0.6,0,9,0.0,0,8,0,5,0,3,0.0,56623104,4.2
2,146,25,15,10,2,2.5212358655000005,10,1.0,10,15,0.4,8,12,6,4,2,8,0.4,84934656,11.0
2,147,9,4,5,4,2.419626117,4,0.4,1,8,0.1111111111111111,1,6,0,2,1,4,0.14285714285714285,42467328,2.0
2,148,4,2,2,1,1.025628597,3,0.3,0,4,0.0,0,4,0,2,0,2,0.0,28311552,0.8999999999999999
2,149,7,5,2,0,1.938023328,3,0.3,0,7,0.0,0,5,0,3,0,2,0.0,35389440,1.2
2,150,6,3,3,0,1.553124159,3,0.3,1,5,0.16666666666666666,1,4,0,2,1,2,0.2,28311552,0.8999999999999999
2,151,9,6,3,2,2.269177586,6,0.6,0,9,0.0,0,9,0,6,0,3,0.0,63700992,4.8
2,152,10,7,3,3,2.60481818,5,0.5,0,10,0.0,0,8,0,5,0,3,0.0,56623104,3.5
2,153,8,5,3,4,1.8693132849999998,4,0.4,1,7,0.125,1,5,0,3,1,2,0.16666666666666666,35389440,1.6
2,154,6,2,4,0,1.658295379,5,0.5,0,6,0.0,0,6,0,2,0,4,0.0,42467328,2.5
2,155,7,2,5,0,1.773790509,4,0.4,1,6,0.14285714285714285,1,6,0,2,1,4,0.14285714285714285,42467328,2.0
2,156,8,4,4,0,2.488087178,2,0.2,0,8,0.0,0,6,0,2,0,4,0.0,42467328,1.0
2,157,9,4,5,1,2.1928389669999997,6,0.6,1,8,0.1111111111111111,1,8,0,4,1,4,0.1111111111111111,56623104,4.2
2,158,10,7,3,0,2.095131301,4,0.4,0,10,0.0,0,6,0,3,0,3,0.0,42467328,2.0
2,159,21,12,9,0,8.749781576999997,9,0.9,6,15,0.2857142857142857,5,12,4,4,1,8,0.29411764705882354,84934656,9.9
2,160,11,8,3,5,2.7773269419999997,6,0.6,1,10,0.09090909090909091,1,8,0,6,1,2,0.1111111111111111,56623104,4.2
2,161,12,7,5,3,3.1760554019999994,6,0.6,1,11,0.08333333333333333,1,9,0,5,1,4,0.1,63700992,4.8
2,162,7,4,3,0,1.8449760680000002,4,0.4,2,5,0.2857142857142857,2,4,1,2,1,2,0.3333333333333333,28311552,1.2000000000000002
2,163,8,5,3,3,2.322554678,6,0.6,1,7,0.125,1,7,0,5,1,2,0.125,49545216,3.5999999999999996
2,164,16,8,8,1,3.601013334,6,0.6,4,12,0.25,4,8,0,4,4,4,0.3333333333333333,56623104,4.2
2,165,9,4,5,0,2.318049969,6,0.6,1,8,0.1111111111111111,1,8,1,3,0,5,0.1111111111111111,56623104,4.2
2,166,12,5,7,4,2.672520355,7,0.7,2,10,0.16666666666666666,2,9,1,3,1,6,0.18181818181818182,63700992,5.6
2,167,1,1,0,0,0.267974317,1,0.1,0,1,0.0,0,1,0,1,0,0,0.0,7077888,0.0
2,168,8,3,5,1,2.253666701,3,0.3,1,7,0.125,1,7,1,2,0,5,0.125,49545216,1.7999999999999998
2,169,6,4,2,2,1.430837662,5,0.5,0,6,0.0,0,6,0,4,0,2,0.0,42467328,2.5
2,170,8,4,4,0,2.4473205360000003,5,0.5,1,7,0.125,1,6,1,2,0,4,0.14285714285714285,42467328,2.5
2,171,4,2,2,1,1.3146455000000001,3,0.3,0,4,0.0,0,4,0,2,0,2,0.0,28311552,0.8999999999999999
2,172,6,4,2,0,1.6035164889999998,4,0.4,0,6,0.0,0,6,0,4,0,2,0.0,42467328,2.0
2,173,16,8,8,0,3.2196219699999995,6,0.6,2,14,0.125,2,12,1,5,1,7,0.14285714285714285,84934656,6.6
2,174,21,11,10,10,5.826046736999999,8,0.8,5,16,0.23809523809523808,5,12,1,6,4,6,0.29411764705882354,84934656,8.8
2,175,4,3,1,2,1.008298994,2,0.2,0,4,0.0,0,3,0,2,0,1,0.0,21233664,0.4
2,176,12,4,8,2,2.8333730100000003,4,0.4,3,9,0.25,3,7,0,2,3,5,0.3,49545216,2.4000000000000004
2,177,17,10,7,0,4.237791286,6,0.6,2,15,0.11764705882352941,2,10,0,5,2,5,0.16666666666666666,70778880,5.3999999999999995
2,178,5,5,0,0,1.0371891409999998,4,0.4,0,5,0.0,0,4,0,4,0,0,0.0,28311552,1.2000000000000002
2,179,7,2,5,0,2.200540751,4,0.4,0,7,0.0,0,7,0,2,0,5,0.0,49545216,2.4000000000000004
2,180,8,5,3,0,2.235319406,4,0.4,0,8,0.0,0,6,0,3,0,3,0.0,42467328,2.0
2,181,21,11,10,0,5.067109763,6,0.6,3,18,0.14285714285714285,3,12,0,5,3,7,0.2,84934656,6.6
2,182,24,15,9,4,6.464095146000001,8,0.8,3,21,0.125,3,13,0,7,3,6,0.1875,92012544,9.600000000000001
2,183,20,8,12,1,4.676337065,9,0.9,3,17,0.15,3,15,2,4,1,11,0.16666666666666666,106168320,12.6
2,184,9,3,6,0,2.609107136,3,0.3,2,7,0.2222222222222222,2,6,0,2,2,4,0.25,42467328,1.5
2,185,6,3,3,2,1.2382833199999999,3,0.3,0,6,0.0,0,6,0,3,0,3,0.0,42467328,1.5
2,186,3,3,0,0,0.800784349,2,0.2,0,3,0.0,0,2,0,2,0,0,0.0,14155776,0.2
2,187,8,3,5,0,2.3221713299999998,4,0.4,1,7,0.125,1,7,1,2,0,5,0.125,49545216,2.4000000000000004
2,188,9,5,4,0,2.511994944,6,0.6,0,9,0.0,0,7,0,3,0,4,0.0,49545216,3.5999999999999996
2,189,7,4,3,0,1.846221567,3,0.3,0,7,0.0,0,6,0,3,0,3,0.0,42467328,1.5
2,190,10,6,4,1,2.82950312,4,0.4,0,10,0.0,0,7,0,3,0,4,0.0,49545216,2.4000000000000004
2,191,4,3,1,1,0.9229572560000001,3,0.3,0,4,0.0,0,4,0,3,0,1,0.0,28311552,0.8999999999999999
2,192,4,2,2,2,1.0426713380000001,3,0.3,0,4,0.0,0,4,0,2,0,2,0.0,28311552,0.8999999999999999
2,193,11,4,7,3,2.6699131730000003,5,0.5,1,10,0.09090909090909091,1,10,0,4,1,6,0.09090909090909091,70778880,4.5
2,194,9,4,5,3,2.3400508459999996,5,0.5,2,7,0.2222222222222222,2,6,1,2,1,4,0.25,42467328,2.5
2,195,25,14,11,2,2.1537571804999995,9,0.9,10,15,0.4,7,12,5,3,2,9,0.3684210526315789,84934656,9.9
2,196,12,4,8,0,3.280961036,6,0.6,2,10,0.16666666666666666,2,9,0,3,2,6,0.18181818181818182,63700992,4.8
2,197,7,4,3,4,1.9584849329999998,4,0.4,0,7,0.0,0,6,0,3,0,3,0.0,42467328,2.0
2,198,6,4,2,0,1.1658372289999999,4,0.4,1,5,0.16666666666666666,1,4,1,2,0,2,0.2,28311552,1.2000000000000002
2,199,18,9,9,0,3.9254601140000007,7,0.7,5,13,0.2777777777777778,5,10,2,4,3,6,0.3333333333333333,70778880,6.3
2,200,5,3,2,0,1.303126545,3,0.3,0,5,0.0,0,4,0,2,0,2,0.0,28311552,0.8999999999999999
2,201,19,13,6,0,4.8437067869999995,7,0.7,3,16,0.15789473684210525,2,11,1,6,1,5,0.15384615384615385,77856768,7.0
2,202,7,4,3,4,2.275781005,4,0.4,0,7,0.0,0,6,0,3,0,3,0.0,42467328,2.0
2,203,9,4,5,2,2.009896473,5,0.5,3,6,0.3333333333333333,3,6,3,1,0,5,0.3333333333333333,42467328,2.5
2,204,16,13,3,0,5.8005729640000006,10,1.0,1,15,0.0625,1,12,1,9,0,3,0.07692307692307693,84934656,11.0
2,205,17,8,9,1,3.886794746,8,0.8,4,13,0.23529411764705882,3,13,3,4,0,9,0.1875,92012544,9.600000000000001
2,206,12,5,7,8,3.9684117009999995,6,0.6,0,12,0.0,0,11,0,4,0,7,0.0,77856768,6.0
2,207,5,3,2,1,1.313475891,3,0.3,1,4,0.2,1,4,0,3,1,1,0.2,28311552,0.8999999999999999
2,208,6,3,3,1,1.596246481,4,0.4,0,6,0.0,0,5,0,2,0,3,0.0,35389440,1.6
2,209,29,20,9,2,7.458867548999999,8,0.8,5,24,0.1724137931034483,5,12,2,6,3,6,0.29411764705882354,84934656,8.8
2,210,12,8,4,0,4.052467972,7,0.7,0,12,0.0,0,10,0,6,0,4,0.0,70778880,6.3
2,211,9,6,3,0,2.72335133,5,0.5,0,9,0.0,0,7,0,4,0,3,0.0,49545216,3.0
2,212,3,1,2,0,0.88111104,2,0.2,0,3,0.0,0,3,0,1,0,2,0.0,21233664,0.4
2,213,21,16,5,2,4.208712667,10,1.0,2,19,0.09523809523809523,2,13,0,10,2,3,0.13333333333333333,92012544,12.0
2,214,7,5,2,0,1.381531917,6,0.6,0,7,0.0,0,7,0,5,0,2,0.0,49545216,3.5999999999999996
2,215,8,4,4,1,2.665072201,6,0.6,1,7,0.125,1,7,0,4,1,3,0.125,49545216,3.5999999999999996
2,216,6,2,4,0,1.952945589,4,0.4,0,6,0.0,0,6,0,2,0,4,0.0,42467328,2.0
2,217,17,13,4,2,4.747116953999999,10,1.0,2,15,0.11764705882352941,2,12,2,8,0,4,0.14285714285714285,84934656,11.0
2,218,8,4,4,2,1.9755246180000001,3,0.3,0,8,0.0,0,7,0,3,0,4,0.0,49545216,1.7999999999999998
2,219,11,7,4,3,3.398972333,6,0.6,1,10,0.09090909090909091,1,9,1,5,0,4,0.1,63700992,4.8
2,220,4,2,2,2,0.9690547439999999,1,0.1,0,4,0.0,0,3,0,1,0,2,0.0,21233664,0.2
2,221,7,3,4,1,1.8157462160000002,4,0.4,0,7,0.0,0,6,0,2,0,4,0.0,42467328,2.0
2,222,5,2,3,1,1.378996044,3,0.3,0,5,0.0,0,5,0,2,0,3,0.0,35389440,1.2
2,223,8,2,6,3,2.213949799,4,0.4,2,6,0.25,2,6,0,2,2,4,0.25,42467328,2.0
2,224,12,6,6,0,3.0311560780000004,6,0.6,1,11,0.08333333333333333,1,10,0,5,1,5,0.09090909090909091,70778880,5.3999999999999995
2,225,13,11,2,12,3.9728462099999997,10,1.0,0,13,0.0,0,12,0,10,0,2,0.0,84934656,11.0
2,226,8,3,5,0,2.5816039429999997,5,0.5,0,8,0.0,0,8,0,3,0,5,0.0,56623104,3.5
2,227,9,5,4,1,2.8108446440000003,6,0.6,0,9,0.0,0,8,0,4,0,4,0.0,56623104,4.2
2,228,7,4,3,4,1.8541414000000003,3,0.3,1,6,0.14285714285714285,1,5,1,2,0,3,0.16666666666666666,35389440,1.2
2,229,17,14,3,10,4.969345031999999,10,1.0,1,16,0.058823529411764705,1,12,1,9,0,3,0.07692307692307693,84934656,11.0
2,230,7,5,2,2,1.9432428490000002,4,0.4,0,7,0.0,0,6,0,4,0,2,0.0,42467328,2.0
2,231,5,1,4,0,1.354156702,4,0.4,0,5,0.0,0,5,0,1,0,4,0.0,35389440,1.6
2,232,5,3,2,0,1.43700698,4,0.4,0,5,0.0,0,5,0,3,0,2,0.0,35389440,1.6
2,233,16,11,5,6,3.465268014,7,0.7,2,14,0.125,2,10,1,6,1,4,0.16666666666666666,70778880,6.3
2,234,5,2,3,0,1.3215528870000002,3,0.3,0,5,0.0,0,5,0,2,0,3,0.0,35389440,1.2
2,235,3,1,2,0,0.616305412,3,0.3,0,3,0.0,0,3,0,1,0,2,0.0,21233664,0.6
2,236,8,6,2,0,1.5811127879999998,7,0.7,0,8,0.0,0,8,0,6,0,2,0.0,56623104,4.8999999999999995
2,237,16,11,5,8,3.7755438210000003,6,0.6,2,14,0.125,2,9,0,6,2,3,0.18181818181818182,63700992,4.8
2,238,7,4,3,1,1.633830025,5,0.5,2,5,0.2857142857142857,2,5,1,3,1,2,0.2857142857142857,35389440,2.0
2,239,7,4,3,0,2.034438163,4,0.4,0,7,0.0,0,6,0,3,0,3,0.0,42467328,2.0
2,240,4,2,2,2,1.0314146869999998,4,0.4,0,4,0.0,0,4,0,2,0,2,0.0,28311552,1.2000000000000002
2,241,21,15,6,0,6.077007757000001,10,1.0,3,18,0.14285714285714285,3,13,1,9,2,4,0.1875,92012544,12.0
2,242,4,2,2,1,0.971508593,4,0.4,0,4,0.0,0,4,0,2,0,2,0.0,28311552,1.2000000000000002
2,243,2,2,0,0,0.479343281,2,0.2,0,2,0.0,0,2,0,2,0,0,0.0,14155776,0.2
2,244,7,2,5,0,2.084833502,5,0.5,0,7,0.0,0,7,0,2,0,5,0.0,49545216,3.0
2,245,8,7,1,0,1.9178449049999997,6,0.6,0,8,0.0,0,7,0,6,0,1,0.0,49545216,3.5999999999999996
2,246,16,15,1,1,4.450929372999999,10,1.0,0,16,0.0,0,11,0,10,0,1,0.0,77856768,10.0
2,247,23,17,6,5,6.818909199,10,1.0,3,20,0.13043478260869565,2,14,1,9,1,5,0.125,99090432,13.0
2,248,2,0,2,0,0.527888923,2,0.2,0,2,0.0,0,2,0,0,0,2,0.0,14155776,0.2
2,249,6,3,3,0,1.5931339999999998,6,0.6,0,6,0.0,0,6,0,3,0,3,0.0,42467328,3.0
2,250,10,6,4,0,2.544020921,5,0.5,0,10,0.0,0,8,0,4,0,4,0.0,56623104,3.5
2,251,16,8,8,0,4.581385880999999,7,0.7,3,13,0.1875,2,12,1,5,1,7,0.14285714285714285,84934656,7.699999999999999
2,252,5,3,2,0,1.6830672619999998,3,0.3,0,5,0.0,0,5,0,3,0,2,0.0,35389440,1.2
2,253,7,4,3,2,1.86308217,4,0.4,0,7,0.0,0,7,0,4,0,3,0.0,49545216,2.4000000000000004
2,254,3,0,3,1,0.863211602,3,0.3,0,3,0.0,0,3,0,0,0,3,0.0,21233664,0.6
2,255,10,7,3,1,2.878584403,5,0.5,2,8,0.2,2,6,0,5,2,1,0.25,42467328,2.5
3,0,17,13,4,2,3.9953601226,6,0.6,2,15,0.11764705882352941,2,7,0,5,2,2,0.2222222222222222,49545216,3.5999999999999996
3,1,8,4,4,0,1.3622365749999996,6,0.6,0,8,0.0,0,8,0,4,0,4,0.0,56623104,4.2
3,2,4,2,2,0,0.792533801,3,0.3,1,3,0.25,1,3,0,2,1,1,0.25,21233664,0.6
3,3,5,4,1,0,0.819353476,4,0.4,0,5,0.0,0,4,0,3,0,1,0.0,28311552,1.2000000000000002
3,4,8,5,3,6,3.1345478300000007,4,0.4,0,8,0.0,0,6,0,3,0,3,0.0,42467328,2.0
3,6,7,6,1,0,0.8737256159,4,0.4,0,7,0.0,0,5,0,4,0,1,0.0,35389440,1.6
3,7,4,0,4,0,0.8088225419999999,4,0.4,0,4,0.0,0,4,0,0,0,4,0.0,28311552,1.2000000000000002
3,8,1,0,1,0,0.142900512,1,0.1,0,1,0.0,0,1,0,0,0,1,0.0,7077888,0.0
3,10,1,0,1,0,0.139426872,1,0.1,0,1,0.0,0,1,0,0,0,1,0.0,7077888,0.0
3,11,21,18,3,3,4.3073854350000005,10,1.0,2,19,0.09523809523809523,2,11,1,9,1,2,0.15384615384615385,77856768,10.0
3,13,3,3,0,1,1.059617013,1,0.1,0,3,0.0,0,1,0,1,0,0,0.0,7077888,0.0
3,14,16,11,5,5,4.243435367,6,0.6,2,14,0.125,2,9,0,6,2,3,0.18181818181818182,63700992,4.8
3,15,4,0,4,0,1.041124149,2,0.2,2,2,0.5,2,2,0,0,2,2,0.5,14155776,0.2
3,16,5,3,2,0,0.585226886,3,0.3,1,4,0.2,1,3,0,2,1,1,0.25,21233664,0.6
3,17,7,5,2,2,2.519579589,2,0.2,0,7,0.0,0,4,0,2,0,2,0.0,28311552,0.6000000000000001
3,18,5,4,1,0,1.0603473479999999,3,0.3,0,5,0.0,0,4,0,3,0,1,0.0,28311552,0.8999999999999999
3,19,3,1,2,0,0.6370954659999999,3,0.3,1,2,0.3333333333333333,1,2,1,0,0,2,0.3333333333333333,14155776,0.3
3,20,1,0,1,0,0.147412613,1,0.1,0,1,0.0,0,1,0,0,0,1,0.0,7077888,0.0
3,23,7,2,5,0,1.8433468349999997,4,0.4,2,5,0.2857142857142857,2,5,1,1,1,4,0.2857142857142857,35389440,1.6
3,25,2,2,0,0,0.261508763,2,0.2,0,2,0.0,0,2,0,2,0,0,0.0,14155776,0.2
3,26,20,11,9,4,5.7584394969999995,7,0.7,10,10,0.5,7,8,1,5,6,3,0.4666666666666667,56623104,4.8999999999999995
3,27,3,2,1,0,0.601816221,2,0.2,0,3,0.0,0,3,0,2,0,1,0.0,21233664,0.4
3,28,4,3,1,0,0.60403984,2,0.2,0,4,0.0,0,2,0,1,0,1,0.0,14155776,0.2
3,29,2,1,1,0,0.271947354,2,0.2,0,2,0.0,0,2,0,1,0,1,0.0,14155776,0.2
3,31,21,11,10,5,6.030921129999999,5,0.5,7,14,0.3333333333333333,6,8,1,3,5,5,0.42857142857142855,56623104,3.5
3,34,10,2,8,3,2.8670735510000003,3,0.3,5,5,0.5,5,5,0,2,5,3,0.5,35389440,1.2
3,35,18,16,2,0,3.3787424770999994,9,0.9,2,16,0.1111111111111111,2,8,1,7,1,1,0.2,56623104,6.3
3,36,9,6,3,3,2.532009326,5,0.5,1,8,0.1111111111111111,1,7,1,4,0,3,0.125,49545216,3.0
3,37,2,2,0,0,0.410451158,1,0.1,0,2,0.0,0,1,0,1,0,0,0.0,7077888,0.0
3,38,9,7,2,0,1.1725801382,5,0.5,0,9,0.0,0,6,0,4,0,2,0.0,42467328,2.5
3,40,19,8,11,4,6.059951486000001,5,0.5,11,8,0.5789473684210527,10,5,1,3,9,2,0.6666666666666666,35389440,2.0
3,41,5,3,2,0,0.6199462929,4,0.4,0,5,0.0,0,5,0,3,0,2,0.0,35389440,1.6
3,42,9,6,3,0,1.2943202026,3,0.3,3,6,0.3333333333333333,2,4,1,2,1,2,0.3333333333333333,28311552,0.8999999999999999
3,43,1,0,1,0,0.112814672,1,0.1,0,1,0.0,0,1,0,0,0,1,0.0,7077888,0.0
3,44,21,13,8,5,5.587118746000001,8,0.8,7,14,0.3333333333333333,6,9,1,6,5,3,0.4,63700992,6.4
3,45,1,0,1,0,0.109135307,1,0.1,0,1,0.0,0,1,0,0,0,1,0.0,7077888,0.0
3,46,3,1,2,0,0.499514967,2,0.2,0,3,0.0,0,3,0,1,0,2,0.0,21233664,0.4
3,49,3,3,0,0,0.34240882100000003,2,0.2,0,3,0.0,0,2,0,2,0,0,0.0,14155776,0.2
3,50,38,21,17,0,8.098865763,2,0.2,17,21,0.4473684210526316,17,2,0,2,17,0,0.8947368421052632,14155776,0.2
3,52,18,13,5,3,3.6124228919999997,4,0.4,1,17,0.05555555555555555,1,8,0,4,1,4,0.1111111111111111,56623104,2.8000000000000003
3,53,1,0,1,0,0.179105312,1,0.1,0,1,0.0,0,1,0,0,0,1,0.0,7077888,0.0
3,54,14,6,8,0,2.4114706519999998,7,0.7,3,11,0.21428571428571427,3,10,1,4,2,6,0.23076923076923078,70778880,6.3
3,55,1,0,1,0,0.148910612,1,0.1,0,1,0.0,0,1,0,0,0,1,0.0,7077888,0.0
3,57,6,3,3,0,1.098839267,5,0.5,1,5,0.16666666666666666,1,5,1,2,0,3,0.16666666666666666,35389440,2.0
3,59,37,27,10,2,8.275353161999998,8,0.8,13,24,0.35135135135135137,8,10,1,7,7,3,0.4444444444444444,70778880,7.2
3,60,398,233,165,229,160.547361063,10,1.0,379,19,0.9522613065326633,174,1,9,1,165,0,0.9942857142857143,7077888,0.0
3,61,14,9,5,11,6.238221408999999,8,0.8,1,13,0.07142857142857142,1,12,1,7,0,5,0.07692307692307693,84934656,8.8
3,62,13,9,4,0,2.0436160412000004,2,0.2,4,9,0.3076923076923077,4,2,0,2,4,0,0.6666666666666666,14155776,0.2
3,63,14,12,2,0,2.241772419,8,0.8,0,14,0.0,0,10,0,8,0,2,0.0,70778880,7.2
3,64,16,11,5,13,5.7634442,10,1.0,5,11,0.3125,5,10,1,9,4,1,0.3333333333333333,70778880,9.0
3,66,4,2,2,0,0.533053607,1,0.1,1,3,0.25,1,2,0,1,1,1,0.3333333333333333,14155776,0.1
3,67,5,2,3,0,0.73748687,5,0.5,0,5,0.0,0,5,0,2,0,3,0.0,35389440,2.0
3,68,27,21,6,2,7.74192345,10,1.0,6,21,0.2222222222222222,5,11,1,9,4,2,0.3125,77856768,10.0
3,69,1,0,1,0,0.0992879793,1,0.1,0,1,0.0,0,1,0,0,0,1,0.0,7077888,0.0
3,70,1,0,1,0,0.10556978,1,0.1,0,1,0.0,0,1,0,0,0,1,0.0,7077888,0.0
3,71,7,0,7,0,1.6926601079999999,2,0.2,5,2,0.7142857142857143,5,2,0,0,5,2,0.7142857142857143,14155776,0.2
3,72,9,1,8,0,1.787503331,2,0.2,5,4,0.5555555555555556,5,4,0,1,5,3,0.5555555555555556,28311552,0.6000000000000001
3,73,4,3,1,0,0.45299159,3,0.3,0,4,0.0,0,4,0,3,0,1,0.0,28311552,0.8999999999999999
3,74,263,167,96,1,64.18092829200002,10,1.0,219,44,0.8326996197718631,101,5,8,2,93,3,0.9528301886792453,35389440,4.0
3,75,4,2,2,1,0.9867309479999999,3,0.3,0,4,0.0,0,4,0,2,0,2,0.0,28311552,0.8999999999999999
3,77,15,8,7,0,1.9564254941,7,0.7,3,12,0.2,3,11,1,6,2,5,0.21428571428571427,77856768,7.0
3,79,10,10,0,0,2.2318338599999996,10,1.0,0,10,0.0,0,10,0,10,0,0,0.0,70778880,9.0
3,81,3,1,2,0,0.531749561,2,0.2,0,3,0.0,0,3,0,1,0,2,0.0,21233664,0.4
3,82,2,2,0,0,0.344369978,2,0.2,0,2,0.0,0,2,0,2,0,0,0.0,14155776,0.2
3,83,14,6,8,1,3.260963007,6,0.6,4,10,0.2857142857142857,4,8,1,3,3,5,0.3333333333333333,56623104,4.2
3,84,7,4,3,1,1.7895079689999998,5,0.5,0,7,0.0,0,6,0,3,0,3,0.0,42467328,2.5
3,86,6,4,2,0,0.8810280189999999,4,0.4,0,6,0.0,0,5,0,3,0,2,0.0,35389440,1.6
3,87,21,13,8,10,6.606876104,8,0.8,2,19,0.09523809523809523,2,14,1,7,1,7,0.125,99090432,10.4
3,89,1,0,1,0,0.109548286,1,0.1,0,1,0.0,0,1,0,0,0,1,0.0,7077888,0.0
3,90,19,2,17,0,2.9213305705999995,7,0.7,8,11,0.42105263157894735,8,10,0,1,8,9,0.4444444444444444,70778880,6.3
3,93,3,1,2,0,0.599726036,2,0.2,0,3,0.0,0,3,0,1,0,2,0.0,21233664,0.4
3,94,1,0,1,0,0.126420796,1,0.1,0,1,0.0,0,1,0,0,0,1,0.0,7077888,0.0
3,96,41,2,39,3,8.045438129899999,9,0.9,32,9,0.7804878048780488,32,9,1,1,31,8,0.7804878048780488,63700992,7.2
3,99,24,18,6,3,6.931563437,10,1.0,6,18,0.25,5,11,1,9,4,2,0.3125,77856768,10.0
3,100,6,4,2,0,0.817964986,4,0.4,3,3,0.5,2,3,1,2,1,1,0.4,21233664,0.8
3,101,41,1,40,18,13.705298378000002,8,0.8,33,8,0.8048780487804879,33,8,1,0,32,8,0.8048780487804879,56623104,5.6000000000000005
3,102,2,2,0,0,0.374672874,2,0.2,0,2,0.0,0,2,0,2,0,0,0.0,14155776,0.2
3,103,2,1,1,1,0.781218797,2,0.2,0,2,0.0,0,2,0,1,0,1,0.0,14155776,0.2
3,105,15,9,6,0,2.7411662789999998,6,0.6,2,13,0.13333333333333333,2,8,1,3,1,5,0.2,56623104,4.2
3,106,2,1,1,0,0.344399363,2,0.2,1,1,0.5,1,1,1,0,0,1,0.5,7077888,0.0
3,107,1,0,1,0,0.117042288,1,0.1,0,1,0.0,0,1,0,0,0,1,0.0,7077888,0.0
3,108,16,10,6,1,2.7660858490999995,8,0.8,2,14,0.125,2,10,0,6,2,4,0.16666666666666666,70778880,7.2
3,109,5,4,1,0,0.7443683,2,0.2,0,5,0.0,0,2,0,1,0,1,0.0,14155776,0.2
3,111,11,7,4,0,1.3636200355,5,0.5,1,10,0.09090909090909091,1,7,0,4,1,3,0.125,49545216,3.0
3,112,21,6,15,0,3.320788138,8,0.8,10,11,0.47619047619047616,10,10,1,4,9,6,0.5,70778880,7.2
3,113,1,0,1,0,0.131664157,1,0.1,0,1,0.0,0,1,0,0,0,1,0.0,7077888,0.0
3,114,13,12,1,1,3.0506987718,5,0.5,0,13,0.0,0,6,0,5,0,1,0.0,42467328,2.5
3,115,13,11,2,0,2.209017518,7,0.7,0,13,0.0,0,9,0,7,0,2,0.0,63700992,5.6
3,116,14,10,4,0,3.295432196,7,0.7,1,13,0.07142857142857142,1,9,0,6,1,3,0.1,63700992,5.6
3,117,7,3,4,0,0.8135486250000001,6,0.6,0,7,0.0,0,6,0,2,0,4,0.0,42467328,3.0
3,118,11,5,6,1,2.294310264,5,0.5,2,9,0.18181818181818182,2,6,0,2,2,4,0.25,42467328,2.5
3,119,80,43,37,3,17.008292475000008,10,1.0,58,22,0.725,39,8,6,4,33,4,0.8297872340425532,56623104,7.0
3,120,5,0,5,0,0.696202002,2,0.2,3,2,0.6,3,2,0,0,3,2,0.6,14155776,0.2
3,121,1,0,1,0,0.175059095,1,0.1,0,1,0.0,0,1,0,0,0,1,0.0,7077888,0.0
3,122,6,6,0,0,1.126347557,6,0.6,0,6,0.0,0,6,0,6,0,0,0.0,42467328,3.0
3,123,5,2,3,0,1.084299982,2,0.2,1,4,0.2,1,3,0,1,1,2,0.25,21233664,0.4
3,124,40,34,6,15,9.201900830000001,10,1.0,11,29,0.275,6,10,3,7,3,3,0.375,70778880,9.0
3,125,2,0,2,0,0.36424163,1,0.1,1,1,0.5,1,1,0,0,1,1,0.5,7077888,0.0
3,126,5,5,0,0,0.709396377,2,0.2,0,5,0.0,0,2,0,2,0,0,0.0,14155776,0.2
3,127,18,13,5,5,6.195230157,4,0.4,10,8,0.5555555555555556,6,3,2,2,4,1,0.6666666666666666,21233664,0.8
3,129,17,15,2,0,3.4036724275,10,1.0,4,13,0.23529411764705882,2,10,2,8,0,2,0.16666666666666666,70778880,9.0
3,130,8,6,2,2,1.993354975,3,0.3,2,6,0.25,2,3,0,3,2,0,0.4,21233664,0.6
3,131,5,4,1,0,0.961788862,4,0.4,0,5,0.0,0,4,0,3,0,1,0.0,28311552,1.2000000000000002
3,133,23,22,1,14,8.240946439999998,10,1.0,1,22,0.043478260869565216,1,10,0,10,1,0,0.09090909090909091,70778880,9.0
3,134,8,3,5,0,1.3284135310000003,3,0.3,3,5,0.375,3,4,0,2,3,2,0.42857142857142855,28311552,0.8999999999999999
3,135,6,5,1,0,0.929086104,4,0.4,0,6,0.0,0,4,0,3,0,1,0.0,28311552,1.2000000000000002
3,136,10,5,5,0,1.9114020900000002,2,0.2,4,6,0.4,4,3,0,2,4,1,0.5714285714285714,21233664,0.4
3,137,4,1,3,0,0.5525869433,3,0.3,0,4,0.0,0,4,0,1,0,3,0.0,28311552,0.8999999999999999
3,138,121,62,59,0,24.310887914599995,10,1.0,101,20,0.8347107438016529,61,8,8,2,53,6,0.8840579710144928,56623104,7.0
3,140,19,17,2,0,3.402021632000001,3,0.3,0,19,0.0,0,5,0,3,0,2,0.0,35389440,1.2
3,141,5,3,2,0,1.0156340668000001,2,0.2,1,4,0.2,1,3,0,2,1,1,0.25,21233664,0.4
3,142,5,4,1,0,0.749629416,2,0.2,0,5,0.0,0,2,0,1,0,1,0.0,14155776,0.2
3,143,10,10,0,0,3.0125219219999995,10,1.0,0,10,0.0,0,10,0,10,0,0,0.0,70778880,9.0
3,144,1,1,0,0,0.226362556,1,0.1,0,1,0.0,0,1,0,1,0,0,0.0,7077888,0.0
3,145,8,4,4,2,2.5996851920000004,6,0.6,2,6,0.25,1,6,1,2,0,4,0.14285714285714285,42467328,3.0
3,146,1,1,0,0,0.224324733,1,0.1,0,1,0.0,0,1,0,1,0,0,0.0,7077888,0.0
3,147,7,4,3,2,2.22206144,3,0.3,2,5,0.2857142857142857,2,4,0,3,2,1,0.3333333333333333,28311552,0.8999999999999999
3,148,48,41,7,1,9.828524128399998,10,1.0,19,29,0.3958333333333333,6,9,3,5,3,4,0.4,63700992,8.0
3,149,22,11,11,5,4.961116157999999,5,0.5,11,11,0.5,10,5,1,3,9,2,0.6666666666666666,35389440,2.0
3,150,6,5,1,0,0.998392284,3,0.3,0,6,0.0,0,4,0,3,0,1,0.0,28311552,0.8999999999999999
3,151,3,0,3,0,0.3831600997,3,0.3,0,3,0.0,0,3,0,0,0,3,0.0,21233664,0.6
3,152,1,1,0,0,0.116432294,1,0.1,0,1,0.0,0,1,0,1,0,0,0.0,7077888,0.0
3,153,10,10,0,0,2.188354672,10,1.0,0,10,0.0,0,10,0,10,0,0,0.0,70778880,9.0
3,155,4,1,3,0,0.688177929,2,0.2,1,3,0.25,1,3,0,1,1,2,0.25,21233664,0.4
3,156,11,9,2,0,1.5201791296000002,7,0.7,1,10,0.09090909090909091,1,8,0,7,1,1,0.1111111111111111,56623104,4.8999999999999995
3,158,6,3,3,0,1.6604361980000002,1,0.1,2,4,0.3333333333333333,2,2,0,1,2,1,0.5,14155776,0.1
3,159,6,3,3,0,1.112557457,2,0.2,1,5,0.16666666666666666,1,4,0,2,1,2,0.2,28311552,0.6000000000000001
3,160,6,5,1,0,0.8616114410000001,5,0.5,0,6,0.0,0,6,0,5,0,1,0.0,42467328,2.5
3,161,2,1,1,0,0.338232085,1,0.1,0,2,0.0,0,2,0,1,0,1,0.0,14155776,0.1
3,163,18,10,8,4,5.678323998,8,0.8,1,17,0.05555555555555555,1,14,0,7,1,7,0.06666666666666667,99090432,10.4
3,164,3,0,3,0,0.49326619600000005,3,0.3,0,3,0.0,0,3,0,0,0,3,0.0,21233664,0.6
3,165,9,5,4,0,1.731510669,5,0.5,1,8,0.1111111111111111,1,7,0,4,1,3,0.125,49545216,3.0
3,166,33,32,1,0,6.376400055000001,9,0.9,3,30,0.09090909090909091,1,9,1,8,0,1,0.1,63700992,7.2
3,170,1,1,0,0,0.154303223,1,0.1,0,1,0.0,0,1,0,1,0,0,0.0,7077888,0.0
3,171,2,2,0,0,0.2204157484,2,0.2,0,2,0.0,0,2,0,2,0,0,0.0,14155776,0.2
3,172,3,1,2,1,0.686275139,2,0.2,1,2,0.3333333333333333,1,2,0,1,1,1,0.3333333333333333,14155776,0.2
3,173,75,43,32,0,12.8912595813,10,1.0,38,37,0.5066666666666667,30,12,5,5,25,7,0.7142857142857143,84934656,11.0
3,174,1,1,0,1,0.285839081,1,0.1,0,1,0.0,0,1,0,1,0,0,0.0,7077888,0.0
3,175,10,10,0,0,2.452389373,10,1.0,0,10,0.0,0,10,0,10,0,0,0.0,70778880,9.0
3,176,1,1,0,0,0.104850456,1,0.1,0,1,0.0,0,1,0,1,0,0,0.0,7077888,0.0
3,177,1,0,1,0,0.209769249,1,0.1,0,1,0.0,0,1,0,0,0,1,0.0,7077888,0.0
3,178,13,8,5,0,2.727673502,5,0.5,4,9,0.3076923076923077,2,7,1,3,1,4,0.2222222222222222,49545216,3.0
3,179,7,3,4,0,1.2210196990000002,3,0.3,5,2,0.7142857142857143,4,2,2,0,2,2,0.6666666666666666,14155776,0.3
3,180,4,2,2,0,0.4600699542,3,0.3,0,4,0.0,0,4,0,2,0,2,0.0,28311552,0.8999999999999999
3,182,1,1,0,0,0.147826865,1,0.1,0,1,0.0,0,1,0,1,0,0,0.0,7077888,0.0
3,184,3,2,1,0,0.623099029,2,0.2,0,3,0.0,0,3,0,2,0,1,0.0,21233664,0.4
3,186,4,0,4,0,0.582412124,2,0.2,2,2,0.5,2,2,0,0,2,2,0.5,14155776,0.2
3,187,1,1,0,0,0.125492394,1,0.1,0,1,0.0,0,1,0,1,0,0,0.0,7077888,0.0
3,188,1,1,0,0,0.133357048,1,0.1,0,1,0.0,0,1,0,1,0,0,0.0,7077888,0.0
3,189,6,0,6,0,1.890575648,1,0.1,5,1,0.8333333333333334,5,1,0,0,5,1,0.8333333333333334,7077888,0.0
3,190,10,10,0,0,1.2740597599999999,10,1.0,0,10,0.0,0,10,0,10,0,0,0.0,70778880,9.0
3,192,2,1,1,0,0.29316812800000003,2,0.2,0,2,0.0,0,2,0,1,0,1,0.0,14155776,0.2
3,193,1,1,0,0,0.219771847,1,0.1,0,1,0.0,0,1,0,1,0,0,0.0,7077888,0.0
3,194,6,2,4,0,1.285354538,1,0.1,2,4,0.3333333333333333,2,3,0,1,2,2,0.4,21233664,0.2
3,195,1,0,1,0,0.285127163,1,0.1,0,1,0.0,0,1,0,0,0,1,0.0,7077888,0.0
3,196,2,2,0,0,0.304404467,1,0.1,0,2,0.0,0,1,0,1,0,0,0.0,7077888,0.0
3,197,10,9,1,0,1.8239859049999998,9,0.9,0,10,0.0,0,10,0,9,0,1,0.0,70778880,8.1
3,198,9,6,3,0,1.486998969,4,0.4,1,8,0.1111111111111111,1,5,0,3,1,2,0.16666666666666666,35389440,1.6
3,199,5,1,4,0,0.8014229829999999,3,0.3,0,5,0.0,0,5,0,1,0,4,0.0,35389440,1.2
3,200,5,1,4,0,0.849923953,4,0.4,0,5,0.0,0,5,0,1,0,4,0.0,35389440,1.6
3,201,13,12,1,3,3.3213389079999995,5,0.5,0,13,0.0,0,6,0,5,0,1,0.0,42467328,2.5
3,202,22,13,9,1,4.342511772,6,0.6,4,18,0.18181818181818182,4,9,0,4,4,5,0.3076923076923077,63700992,4.8
3,203,1,1,0,0,0.160357684,1,0.1,0,1,0.0,0,1,0,1,0,0,0.0,7077888,0.0
3,204,2,2,0,0,0.335303962,1,0.1,0,2,0.0,0,1,0,1,0,0,0.0,7077888,0.0
3,208,43,16,27,1,8.150647082600003,6,0.6,39,4,0.9069767441860465,26,4,2,1,24,3,0.8666666666666667,28311552,1.7999999999999998
3,209,2,2,0,0,0.348036289,2,0.2,0,2,0.0,0,2,0,2,0,0,0.0,14155776,0.2
3,210,33,14,19,1,5.831425739999999,8,0.8,15,18,0.45454545454545453,14,12,1,6,13,6,0.5384615384615384,84934656,8.8
3,211,10,10,0,0,2.831412164,10,1.0,0,10,0.0,0,10,0,10,0,0,0.0,70778880,9.0
3,212,18,14,4,8,6.8443787259999995,5,0.5,6,12,0.3333333333333333,2,7,1,4,1,3,0.2222222222222222,49545216,3.0
3,213,19,16,3,0,3.6397179842,10,1.0,5,14,0.2631578947368421,2,11,2,8,0,3,0.15384615384615385,77856768,10.0
3,214,2,0,2,0,0.388452678,1,0.1,1,1,0.5,1,1,0,0,1,1,0.5,7077888,0.0
3,215,3,1,2,0,0.352214478,3,0.3,0,3,0.0,0,3,0,1,0,2,0.0,21233664,0.6
3,218,10,5,5,0,1.9101396050000001,4,0.4,2,8,0.2,2,5,0,2,2,3,0.2857142857142857,35389440,1.6
3,220,3,1,2,0,0.556816503,3,0.3,1,2,0.3333333333333333,1,2,1,0,0,2,0.3333333333333333,14155776,0.3
3,221,1,0,1,0,0.119401306,1,0.1,0,1,0.0,0,1,0,0,0,1,0.0,7077888,0.0
3,222,5,0,5,3,1.9128555950000001,2,0.2,3,2,0.6,3,2,0,0,3,2,0.6,14155776,0.2
3,223,11,7,4,8,4.620011568,6,0.6,0,11,0.0,0,8,0,4,0,4,0.0,56623104,4.2
3,224,23,10,13,0,4.2790518099999995,6,0.6,8,15,0.34782608695652173,8,8,1,2,7,6,0.5,56623104,4.2
3,225,12,6,6,3,3.2927031369999997,5,0.5,3,9,0.25,3,8,1,4,2,4,0.2727272727272727,56623104,3.5
3,226,3,1,2,0,0.466402709,3,0.3,0,3,0.0,0,3,0,1,0,2,0.0,21233664,0.6
3,227,13,8,5,0,3.4690719559999996,8,0.8,0,13,0.0,0,10,0,5,0,5,0.0,70778880,7.2
3,228,5,1,4,0,0.695315345,1,0.1,3,2,0.6,3,2,0,1,3,1,0.6,14155776,0.1
3,229,4,3,1,0,0.538270369,2,0.2,0,4,0.0,0,3,0,2,0,1,0.0,21233664,0.4
3,231,2,1,1,0,0.289915144,1,0.1,0,2,0.0,0,2,0,1,0,1,0.0,14155776,0.1
3,234,3,2,1,0,0.612504288,2,0.2,0,3,0.0,0,3,0,2,0,1,0.0,21233664,0.4
3,235,23,22,1,12,7.142028884,10,1.0,3,20,0.13043478260869565,2,9,1,9,1,0,0.18181818181818182,63700992,8.0
3,236,1,0,1,0,0.143620968,1,0.1,0,1,0.0,0,1,0,0,0,1,0.0,7077888,0.0
3,237,23,15,8,3,6.12360546,4,0.4,8,15,0.34782608695652173,8,4,0,4,8,0,0.6666666666666666,28311552,1.2000000000000002
3,239,2,0,2,0,0.30320923,1,0.1,1,1,0.5,1,1,0,0,1,1,0.5,7077888,0.0
3,240,12,3,9,2,2.9321476090000003,6,0.6,5,7,0.4166666666666667,5,7,2,1,3,6,0.4166666666666667,49545216,3.5999999999999996
3,241,3,1,2,0,0.501089632,2,0.2,0,3,0.0,0,3,0,1,0,2,0.0,21233664,0.4
3,242,3,2,1,0,0.5555748189999999,2,0.2,0,3,0.0,0,2,0,1,0,1,0.0,14155776,0.2
3,243,1,0,1,0,0.130829304,1,0.1,0,1,0.0,0,1,0,0,0,1,0.0,7077888,0.0
3,244,4,3,1,0,0.7436074327,4,0.4,0,4,0.0,0,4,0,3,0,1,0.0,28311552,1.2000000000000002
3,245,2,1,1,0,0.40475228399999996,2,0.2,0,2,0.0,0,2,0,1,0,1,0.0,14155776,0.2
3,246,3,1,2,0,0.46281322900000005,2,0.2,1,2,0.3333333333333333,1,2,0,1,1,1,0.3333333333333333,14155776,0.2
3,248,4,3,1,0,0.76341255,2,0.2,0,4,0.0,0,3,0,2,0,1,0.0,21233664,0.4
3,249,4,2,2,0,0.9834233370000001,1,0.1,1,3,0.25,1,2,0,1,1,1,0.3333333333333333,14155776,0.1
3,250,9,8,1,0,1.406001055,2,0.2,0,9,0.0,0,3,0,2,0,1,0.0,21233664,0.4
3,251,5,4,1,0,0.99051024,4,0.4,0,5,0.0,0,4,0,3,0,1,0.0,28311552,1.2000000000000002
3,252,6,3,3,4,2.1460142440000003,1,0.1,2,4,0.3333333333333333,2,2,0,1,2,1,0.5,14155776,0.1
3,254,1,0,1,0,0.12241751,1,0.1,0,1,0.0,0,1,0,0,0,1,0.0,7077888,0.0
4,1,61,41,20,23,18.0180477523,9,0.9,19,42,0.3114754098360656,18,11,1,8,17,3,0.6206896551724138,77856768,9.0
4,2,22,12,10,5,5.574135675999999,7,0.7,8,14,0.36363636363636365,7,10,1,6,6,4,0.4117647058823529,70778880,6.3
4,3,13,6,7,0,2.0787921988,7,0.7,2,11,0.15384615384615385,2,10,1,4,1,6,0.16666666666666666,70778880,6.3
4,4,21,12,9,8,5.793620748,5,0.5,6,15,0.2857142857142857,6,8,0,5,6,3,0.42857142857142855,56623104,3.5
4,5,3,0,3,0,0.327336893,3,0.3,0,3,0.0,0,3,0,0,0,3,0.0,21233664,0.6
4,7,8,4,4,0,1.419097499,6,0.6,3,5,0.375,3,5,1,3,2,2,0.375,35389440,2.4
4,8,161,112,49,42,47.70494076699998,10,1.0,117,44,0.7267080745341615,51,8,7,3,44,5,0.864406779661017,56623104,7.0
4,9,16,13,3,0,3.076895789000001,8,0.8,1,15,0.0625,1,10,1,7,0,3,0.09090909090909091,70778880,7.2
4,11,30,17,13,3,6.23846139,7,0.7,12,18,0.4,10,8,1,4,9,4,0.5555555555555556,56623104,4.8999999999999995
4,13,6,3,3,0,1.3159010100000001,2,0.2,2,4,0.3333333333333333,2,2,0,1,2,1,0.5,14155776,0.2
4,15,8,7,1,3,2.421420948,4,0.4,0,8,0.0,0,4,0,3,0,1,0.0,28311552,1.2000000000000002
4,16,317,186,131,52,83.42440022200002,10,1.0,300,17,0.9463722397476341,139,2,9,1,130,1,0.9858156028368794,14155776,1.0
4,20,5,2,3,0,0.814262913,1,0.1,1,4,0.2,1,3,0,1,1,2,0.25,21233664,0.2
4,21,1,1,0,0,0.180248469,1,0.1,0,1,0.0,0,1,0,1,0,0,0.0,7077888,0.0
4,22,3,0,3,0,0.437879339,3,0.3,0,3,0.0,0,3,0,0,0,3,0.0,21233664,0.6
4,24,1,1,0,0,0.168178409,1,0.1,0,1,0.0,0,1,0,1,0,0,0.0,7077888,0.0
4,26,16,15,1,0,1.4732171156000002,10,1.0,0,16,0.0,0,11,0,10,0,1,0.0,77856768,10.0
4,27,8,4,4,3,1.9781815569999996,4,0.4,0,8,0.0,0,7,0,3,0,4,0.0,49545216,2.4000000000000004
4,28,24,20,4,0,4.085607601,10,1.0,7,17,0.2916666666666667,5,9,2,8,3,1,0.35714285714285715,63700992,8.0
4,29,8,6,2,5,3.5799816229999997,5,0.5,0,8,0.0,0,6,0,4,0,2,0.0,42467328,2.5
4,30,4,4,0,0,0.6839250920000001,3,0.3,0,4,0.0,0,3,0,3,0,0,0.0,21233664,0.6
4,31,3,1,2,0,0.501771301,2,0.2,1,2,0.3333333333333333,1,2,0,1,1,1,0.3333333333333333,14155776,0.2
4,32,31,18,13,4,9.044856713,3,0.3,13,18,0.41935483870967744,13,3,0,3,13,0,0.8125,21233664,0.6
4,33,17,7,10,1,4.074170097,4,0.4,7,10,0.4117647058823529,7,6,0,3,7,3,0.5384615384615384,42467328,2.0
4,34,1,1,0,1,0.530320048,1,0.1,0,1,0.0,0,1,0,1,0,0,0.0,7077888,0.0
4,37,4,3,1,2,1.350398749,2,0.2,0,4,0.0,0,3,0,2,0,1,0.0,21233664,0.4
4,38,28,20,8,9,8.027570238700001,9,0.9,7,21,0.25,5,12,1,8,4,4,0.29411764705882354,84934656,9.9
4,39,17,11,6,2,3.670362231999999,5,0.5,3,14,0.17647058823529413,3,8,0,5,3,3,0.2727272727272727,56623104,3.5
4,41,2,1,1,0,0.40392334799999996,1,0.1,0,2,0.0,0,2,0,1,0,1,0.0,14155776,0.1
4,43,3,0,3,0,0.533225462,1,0.1,1,2,0.3333333333333333,1,2,0,0,1,2,0.3333333333333333,14155776,0.1
4,45,4,1,3,0,0.847254336,3,0.3,1,3,0.25,1,3,0,1,1,2,0.25,21233664,0.6
4,46,13,9,4,0,2.456710175,6,0.6,1,12,0.07692307692307693,1,8,1,4,0,4,0.1111111111111111,56623104,4.2
4,50,24,23,1,0,2.8566083881999997,10,1.0,1,23,0.041666666666666664,1,10,0,10,1,0,0.09090909090909091,70778880,9.0
4,52,1,0,1,0,0.281512052,1,0.1,0,1,0.0,0,1,0,0,0,1,0.0,7077888,0.0
4,53,7,2,5,1,2.0542227790000003,3,0.3,1,6,0.14285714285714285,1,6,0,2,1,4,0.14285714285714285,42467328,1.5
4,55,8,3,5,4,2.663288325,3,0.3,2,6,0.25,2,5,0,2,2,3,0.2857142857142857,35389440,1.2
4,56,23,15,8,10,8.381726459999998,8,0.8,10,13,0.43478260869565216,6,10,3,5,3,5,0.375,70778880,7.2
4,57,1,1,0,0,0.17914173,1,0.1,0,1,0.0,0,1,0,1,0,0,0.0,7077888,0.0
4,58,1,0,1,0,0.153740272,1,0.1,0,1,0.0,0,1,0,0,0,1,0.0,7077888,0.0
4,61,1,0,1,0,0.154967338,1,0.1,0,1,0.0,0,1,0,0,0,1,0.0,7077888,0.0
4,63,2,2,0,0,0.2362328763,2,0.2,0,2,0.0,0,2,0,2,0,0,0.0,14155776,0.2
4,64,10,10,0,10,12.50947642,10,1.0,0,10,0.0,0,10,0,10,0,0,0.0,70778880,9.0
4,65,14,6,8,4,4.319168003,5,0.5,3,11,0.21428571428571427,3,8,0,3,3,5,0.2727272727272727,56623104,3.5
4,66,6,2,4,0,1.085511759,5,0.5,1,5,0.16666666666666666,1,5,1,1,0,4,0.16666666666666666,35389440,2.0
4,67,8,2,6,0,1.772552133,2,0.2,5,3,0.625,5,3,1,1,4,2,0.625,21233664,0.4
4,68,17,15,2,3,4.985879347,6,0.6,7,10,0.4117647058823529,2,6,1,5,1,1,0.25,42467328,3.0
4,69,7,3,4,6,3.039602606,4,0.4,2,5,0.2857142857142857,2,5,1,2,1,3,0.2857142857142857,35389440,1.6
4,70,9,2,7,0,1.7180748590000001,4,0.4,5,4,0.5555555555555556,5,4,1,1,4,3,0.5555555555555556,28311552,1.2000000000000002
4,72,1,1,0,0,0.191209406,1,0.1,0,1,0.0,0,1,0,1,0,0,0.0,7077888,0.0
4,73,6,5,1,0,0.9425657839999999,4,0.4,0,6,0.0,0,4,0,3,0,1,0.0,28311552,1.2000000000000002
4,76,6,5,1,0,1.076724156,5,0.5,0,6,0.0,0,6,0,5,0,1,0.0,42467328,2.5
4,77,13,8,5,1,2.54352361,5,0.5,1,12,0.07692307692307693,1,7,0,3,1,4,0.125,49545216,3.0
4,78,27,20,7,0,4.765562169999999,9,0.9,12,15,0.4444444444444444,7,7,3,4,4,3,0.5,49545216,5.4
4,80,6,0,6,1,1.657879546,4,0.4,1,5,0.16666666666666666,1,5,0,0,1,5,0.16666666666666666,35389440,1.6
4,81,6,3,3,2,2.1523221130000003,4,0.4,0,6,0.0,0,6,0,3,0,3,0.0,42467328,2.0
4,82,2,0,2,1,0.665433913,2,0.2,0,2,0.0,0,2,0,0,0,2,0.0,14155776,0.2
4,83,15,0,15,1,2.8985883589999997,1,0.1,14,1,0.9333333333333333,14,1,0,0,14,1,0.9333333333333333,7077888,0.0
4,88,9,4,5,0,1.3025960179999998,5,0.5,0,9,0.0,0,8,0,3,0,5,0.0,56623104,3.5
4,89,1,0,1,0,0.116718367,1,0.1,0,1,0.0,0,1,0,0,0,1,0.0,7077888,0.0
4,90,12,3,9,1,2.599822729,4,0.4,4,8,0.3333333333333333,4,8,1,2,3,6,0.3333333333333333,56623104,2.8000000000000003
4,92,1,0,1,0,0.172818765,1,0.1,0,1,0.0,0,1,0,0,0,1,0.0,7077888,0.0
4,93,5,3,2,0,0.7500282970000001,4,0.4,0,5,0.0,0,4,0,2,0,2,0.0,28311552,1.2000000000000002
4,94,15,11,4,0,2.7980053946,6,0.6,1,14,0.06666666666666667,1,9,0,6,1,3,0.1,63700992,4.8
4,97,65,29,36,9,15.356249347999999,9,0.9,48,17,0.7384615384615385,33,12,7,2,26,10,0.7333333333333333,84934656,9.9
4,98,13,11,2,10,7.745679147000001,10,1.0,0,13,0.0,0,12,0,10,0,2,0.0,84934656,11.0
4,100,9,9,0,1,1.726811871,3,0.3,0,9,0.0,0,3,0,3,0,0,0.0,21233664,0.6
4,102,4,4,0,0,0.85613273,4,0.4,0,4,0.0,0,4,0,4,0,0,0.0,28311552,1.2000000000000002
4,103,43,24,19,13,11.457243129,10,1.0,20,23,0.46511627906976744,13,16,4,6,9,10,0.4482758620689655,113246208,15.0
4,104,12,3,9,3,3.633449884000001,6,0.6,2,10,0.16666666666666666,2,10,0,3,2,7,0.16666666666666666,70778880,5.3999999999999995
4,105,15,3,12,3,3.679025234,4,0.4,8,7,0.5333333333333333,8,6,1,1,7,5,0.5714285714285714,42467328,2.0
4,106,6,3,3,1,1.8860762420000001,4,0.4,0,6,0.0,0,6,0,3,0,3,0.0,42467328,2.0
4,107,2,1,1,0,0.294914081,2,0.2,0,2,0.0,0,2,0,1,0,1,0.0,14155776,0.2
4,108,4,2,2,0,0.690630227,3,0.3,1,3,0.25,1,3,0,2,1,1,0.25,21233664,0.6
4,109,12,6,6,0,2.041000314,5,0.5,1,11,0.08333333333333333,1,9,0,4,1,5,0.1,63700992,4.0
4,110,15,13,2,0,1.3779042999000002,10,1.0,1,14,0.06666666666666667,1,11,1,9,0,2,0.08333333333333333,77856768,10.0
4,112,6,3,3,0,0.9838449950000001,3,0.3,1,5,0.16666666666666666,1,4,0,2,1,2,0.2,28311552,0.8999999999999999
4,113,17,12,5,0,2.711004688,7,0.7,2,15,0.11764705882352941,2,10,0,7,2,3,0.16666666666666666,70778880,6.3
4,114,8,5,3,2,2.120707469,4,0.4,1,7,0.125,1,6,0,4,1,2,0.14285714285714285,42467328,2.0
4,115,10,8,2,1,2.2791001489999996,3,0.3,2,8,0.2,2,3,0,3,2,0,0.4,21233664,0.6
4,116,11,6,5,1,2.568324774,3,0.3,3,8,0.2727272727272727,3,5,0,3,3,2,0.375,35389440,1.2
4,117,16,10,6,0,2.7583552887000002,6,0.6,4,12,0.25,4,7,0,5,4,2,0.36363636363636365,49545216,3.5999999999999996
4,118,5,0,5,1,1.2240260090000001,1,0.1,4,1,0.8,4,1,0,0,4,1,0.8,7077888,0.0
4,119,216,121,95,38,56.00777054700002,10,1.0,173,43,0.8009259259259259,99,6,7,3,92,3,0.9428571428571428,42467328,5.0
4,120,3,2,1,0,0.556364223,2,0.2,0,3,0.0,0,3,0,2,0,1,0.0,21233664,0.4
4,122,28,20,8,4,7.312395347999999,7,0.7,10,18,0.35714285714285715,6,7,2,3,4,4,0.46153846153846156,49545216,4.199999999999999
4,123,7,1,6,0,1.046483548,4,0.4,3,4,0.42857142857142855,3,4,0,1,3,3,0.42857142857142855,28311552,1.2000000000000002
4,125,2,0,2,0,0.396746353,2,0.2,0,2,0.0,0,2,0,0,0,2,0.0,14155776,0.2
4,126,38,14,24,7,8.970706808000001,8,0.8,26,12,0.6842105263157895,21,8,3,2,18,6,0.7241379310344828,56623104,5.6000000000000005
4,127,28,16,12,10,9.128669680000005,6,0.6,10,18,0.35714285714285715,10,7,0,5,10,2,0.5882352941176471,49545216,3.5999999999999996
4,128,2,0,2,0,0.251146272,2,0.2,0,2,0.0,0,2,0,0,0,2,0.0,14155776,0.2
4,129,6,4,2,1,1.99372536,3,0.3,3,3,0.5,1,3,1,1,0,2,0.25,21233664,0.6
4,130,1,1,0,0,0.190852046,1,0.1,0,1,0.0,0,1,0,1,0,0,0.0,7077888,0.0
4,134,1,1,0,0,0.154682383,1,0.1,0,1,0.0,0,1,0,1,0,0,0.0,7077888,0.0
4,135,12,7,5,1,3.0173641429999996,3,0.3,3,9,0.25,3,5,0,3,3,2,0.375,35389440,1.2
4,136,1,0,1,0,0.159859166,1,0.1,0,1,0.0,0,1,0,0,0,1,0.0,7077888,0.0
4,137,5,3,2,0,0.841998443,3,0.3,0,5,0.0,0,4,0,2,0,2,0.0,28311552,0.8999999999999999
4,140,9,3,6,2,2.266726583,3,0.3,4,5,0.4444444444444444,4,4,0,2,4,2,0.5,28311552,0.8999999999999999
4,142,34,23,11,3,7.748941278000001,8,0.8,19,15,0.5588235294117647,8,8,2,3,6,5,0.5,56623104,5.6000000000000005
4,143,6,0,6,0,1.019408428,3,0.3,3,3,0.5,3,3,0,0,3,3,0.5,21233664,0.6
4,144,18,6,12,0,3.4424958809999997,8,0.8,9,9,0.5,8,9,2,3,6,6,0.47058823529411764,63700992,6.4
4,146,15,3,12,0,2.614457399,5,0.5,10,5,0.6666666666666666,9,5,1,1,8,4,0.6428571428571429,35389440,2.0
4,148,8,5,3,3,3.2589273160000003,4,0.4,3,5,0.375,3,4,1,3,2,1,0.42857142857142855,28311552,1.2000000000000002
4,151,10,10,0,0,1.8362992849999997,5,0.5,0,10,0.0,0,5,0,5,0,0,0.0,35389440,2.0
4,154,9,9,0,0,1.258141636,9,0.9,0,9,0.0,0,9,0,9,0,0,0.0,63700992,7.2
4,156,11,6,5,4,3.095289096,4,0.4,2,9,0.18181818181818182,2,5,0,2,2,3,0.2857142857142857,35389440,1.6
4,157,3,1,2,0,0.503175319,3,0.3,0,3,0.0,0,3,0,1,0,2,0.0,21233664,0.6
4,158,2,1,1,0,0.27075775,1,0.1,0,2,0.0,0,2,0,1,0,1,0.0,14155776,0.1
4,159,49,38,11,9,12.613749176999997,10,1.0,17,32,0.3469387755102041,11,10,3,7,8,3,0.5238095238095238,70778880,9.0
4,161,93,79,14,7,19.469506719000005,10,1.0,32,61,0.34408602150537637,11,13,3,7,8,6,0.4583333333333333,92012544,12.0
4,162,1,1,0,0,0.155215979,1,0.1,0,1,0.0,0,1,0,1,0,0,0.0,7077888,0.0
4,164,22,14,8,4,6.567967607999999,9,0.9,6,16,0.2727272727272727,6,10,1,7,5,3,0.375,70778880,8.1
4,166,2,2,0,0,0.38486956,1,0.1,0,2,0.0,0,1,0,1,0,0,0.0,7077888,0.0
4,167,13,8,5,0,2.069103547,6,0.6,3,10,0.23076923076923078,3,8,1,5,2,3,0.2727272727272727,56623104,4.2
4,169,5,2,3,0,0.9977468549999999,3,0.3,0,5,0.0,0,4,0,1,0,3,0.0,28311552,0.8999999999999999
4,170,13,10,3,0,2.838306891,10,1.0,0,13,0.0,0,13,0,10,0,3,0.0,92012544,12.0
4,171,8,1,7,0,1.362467826,2,0.2,5,3,0.625,5,3,0,1,5,2,0.625,21233664,0.4
4,172,8,4,4,0,1.635133355,3,0.3,0,8,0.0,0,7,0,3,0,4,0.0,49545216,1.7999999999999998
4,173,1,0,1,0,0.186524138,1,0.1,0,1,0.0,0,1,0,0,0,1,0.0,7077888,0.0
4,174,1,0,1,0,0.278624535,1,0.1,0,1,0.0,0,1,0,0,0,1,0.0,7077888,0.0
4,175,18,9,9,12,7.644803000999999,6,0.6,2,16,0.1111111111111111,2,12,0,5,2,7,0.14285714285714285,84934656,6.6
4,176,10,10,0,0,1.0130279960000002,10,1.0,0,10,0.0,0,10,0,10,0,0,0.0,70778880,9.0
4,177,3,1,2,1,0.712596745,1,0.1,0,3,0.0,0,3,0,1,0,2,0.0,21233664,0.2
4,178,10,10,0,0,0.5092486812,10,1.0,0,10,0.0,0,10,0,10,0,0,0.0,70778880,9.0
4,180,11,10,1,1,2.183782086,8,0.8,1,10,0.09090909090909091,1,7,1,6,0,1,0.125,49545216,4.800000000000001
4,181,4,2,2,0,0.883414909,3,0.3,0,4,0.0,0,3,0,1,0,2,0.0,21233664,0.6
4,182,10,10,0,0,0.5043506100999999,10,1.0,0,10,0.0,0,10,0,10,0,0,0.0,70778880,9.0
4,183,12,12,0,0,2.144573785,8,0.8,0,12,0.0,0,8,0,8,0,0,0.0,56623104,5.6000000000000005
4,186,20,14,6,3,4.342031234100001,5,0.5,5,15,0.25,4,7,1,4,3,3,0.36363636363636365,49545216,3.0
4,187,1,0,1,0,0.237760276,1,0.1,0,1,0.0,0,1,0,0,0,1,0.0,7077888,0.0
4,188,15,4,11,0,3.076585308,5,0.5,9,6,0.6,8,6,1,2,7,4,0.5714285714285714,42467328,2.5
4,189,1,1,0,0,0.232367486,1,0.1,0,1,0.0,0,1,0,1,0,0,0.0,7077888,0.0
4,190,5,5,0,3,1.61057505,2,0.2,0,5,0.0,0,2,0,2,0,0,0.0,14155776,0.2
4,191,2,0,2,0,0.456248463,1,0.1,0,2,0.0,0,2,0,0,0,2,0.0,14155776,0.1
4,192,1,0,1,0,0.105534121,1,0.1,0,1,0.0,0,1,0,0,0,1,0.0,7077888,0.0
4,194,5,3,2,0,0.901545048,3,0.3,1,4,0.2,1,3,0,2,1,1,0.25,21233664,0.6
4,195,8,0,8,0,1.26013717,8,0.8,0,8,0.0,0,8,0,0,0,8,0.0,56623104,5.6000000000000005
4,196,3,0,3,0,0.461782068,2,0.2,1,2,0.3333333333333333,1,2,0,0,1,2,0.3333333333333333,14155776,0.2
4,197,25,10,15,3,6.58751212,7,0.7,12,13,0.48,11,10,2,4,9,6,0.5238095238095238,70778880,6.3
4,198,12,7,5,5,3.8326163289999995,6,0.6,1,11,0.08333333333333333,1,9,0,5,1,4,0.1,63700992,4.8
4,200,6,5,1,0,1.076181292,1,0.1,0,6,0.0,0,2,0,1,0,1,0.0,14155776,0.1
4,201,10,9,1,0,2.043095826,6,0.6,0,10,0.0,0,7,0,6,0,1,0.0,49545216,3.5999999999999996
4,202,3,3,0,1,0.726017878,1,0.1,0,3,0.0,0,1,0,1,0,0,0.0,7077888,0.0
4,203,1,0,1,0,0.126934692,1,0.1,0,1,0.0,0,1,0,0,0,1,0.0,7077888,0.0
4,204,6,5,1,0,0.8327394290000001,5,0.5,0,6,0.0,0,6,0,5,0,1,0.0,42467328,2.5
4,206,4,3,1,1,0.974809855,2,0.2,0,4,0.0,0,3,0,2,0,1,0.0,21233664,0.4
4,209,1,0,1,1,0.511039972,1,0.1,0,1,0.0,0,1,0,0,0,1,0.0,7077888,0.0
4,210,7,4,3,2,1.8862528069,5,0.5,1,6,0.14285714285714285,1,5,0,3,1,2,0.16666666666666666,35389440,2.0
4,211,1,1,0,0,0.165820017,1,0.1,0,1,0.0,0,1,0,1,0,0,0.0,7077888,0.0
4,212,6,4,2,0,0.8955982920000001,4,0.4,0,6,0.0,0,5,0,3,0,2,0.0,35389440,1.6
4,213,14,12,2,7,5.275539576,7,0.7,4,10,0.2857142857142857,2,7,1,6,1,1,0.2222222222222222,49545216,4.199999999999999
4,214,9,9,0,0,1.780592994,5,0.5,0,9,0.0,0,5,0,5,0,0,0.0,35389440,2.0
4,217,6,6,0,0,0.975816877,5,0.5,0,6,0.0,0,5,0,5,0,0,0.0,35389440,2.0
4,218,8,7,1,3,2.715822025,4,0.4,0,8,0.0,0,5,0,4,0,1,0.0,35389440,1.6
4,219,8,4,4,0,1.3466639820000001,4,0.4,3,5,0.375,3,4,0,3,3,1,0.42857142857142855,28311552,1.2000000000000002
4,220,12,6,6,3,3.920328197,7,0.7,2,10,0.16666666666666666,2,9,1,4,1,5,0.18181818181818182,63700992,5.6
4,222,2,2,0,0,0.262506157,2,0.2,0,2,0.0,0,2,0,2,0,0,0.0,14155776,0.2
4,224,16,7,9,0,2.910537221,8,0.8,2,14,0.125,2,12,0,5,2,7,0.14285714285714285,84934656,8.8
4,226,15,2,13,0,3.024346218,2,0.2,10,5,0.6666666666666666,10,4,0,1,10,3,0.7142857142857143,28311552,0.6000000000000001
4,227,17,8,9,4,4.0510606022,7,0.7,6,11,0.35294117647058826,6,8,1,4,5,4,0.42857142857142855,56623104,4.8999999999999995
4,228,2,2,0,0,0.37492969600000003,2,0.2,0,2,0.0,0,2,0,2,0,0,0.0,14155776,0.2
4,230,29,23,6,9,8.941482961999998,10,1.0,12,17,0.41379310344827586,6,10,6,4,0,6,0.375,70778880,9.0
4,231,5,5,0,0,0.8519962870000001,2,0.2,0,5,0.0,0,2,0,2,0,0,0.0,14155776,0.2
4,233,63,1,62,7,16.109164468000003,8,0.8,54,9,0.8571428571428571,54,9,1,0,53,9,0.8571428571428571,63700992,6.4
4,234,1,0,1,1,0.451471806,1,0.1,0,1,0.0,0,1,0,0,0,1,0.0,7077888,0.0
4,235,3,2,1,2,0.799406811,3,0.3,0,3,0.0,0,3,0,2,0,1,0.0,21233664,0.6
4,236,10,5,5,0,1.7924893419999999,7,0.7,1,9,0.1,1,8,0,4,1,4,0.1111111111111111,56623104,4.8999999999999995
4,237,17,12,5,4,5.644197822000001,6,0.6,0,17,0.0,0,9,0,4,0,5,0.0,63700992,4.8
4,238,10,10,0,0,1.717413499,5,0.5,0,10,0.0,0,5,0,5,0,0,0.0,35389440,2.0
4,239,22,11,11,0,3.7386617940000004,5,0.5,13,9,0.5909090909090909,7,6,1,1,6,5,0.5384615384615384,42467328,2.5
4,241,3,1,2,0,0.5618614710000001,2,0.2,1,2,0.3333333333333333,1,2,0,1,1,1,0.3333333333333333,14155776,0.2
4,242,22,15,7,10,7.29820022,10,1.0,6,16,0.2727272727272727,5,12,2,8,3,4,0.29411764705882354,84934656,11.0
4,244,4,2,2,0,0.726485074,2,0.2,0,4,0.0,0,4,0,2,0,2,0.0,28311552,0.6000000000000001
4,248,24,15,9,4,7.478674265,9,0.9,7,17,0.2916666666666667,4,14,3,6,1,8,0.2222222222222222,99090432,11.700000000000001
4,249,8,5,3,1,2.1740703,3,0.3,1,7,0.125,1,5,0,3,1,2,0.16666666666666666,35389440,1.2
4,250,13,8,5,9,6.269371971,4,0.4,1,12,0.07692307692307693,1,8,0,4,1,4,0.1111111111111111,56623104,2.8000000000000003
4,251,19,13,6,5,5.466824881999999,6,0.6,2,17,0.10526315789473684,2,8,0,4,2,4,0.2,56623104,4.2
4,252,6,2,4,0,0.908833102,3,0.3,2,4,0.3333333333333333,2,4,0,2,2,2,0.3333333333333333,28311552,0.8999999999999999
4,254,11,10,1,0,1.886390938,8,0.8,1,10,0.09090909090909091,1,8,1,7,0,1,0.1111111111111111,56623104,5.6000000000000005
4,255,7,6,1,1,1.5521998399999999,3,0.3,0,7,0.0,0,3,0,2,0,1,0.0,21233664,0.6
5,0,9,3,6,0,1.8380218599999998,2,0.2,3,6,0.3333333333333333,3,5,0,2,3,3,0.375,35389440,0.8
5,1,10,10,0,0,0.20635663719999997,10,1.0,0,10,0.0,0,10,0,10,0,0,0.0,70778880,9.0
5,2,15,14,1,3,4.160502047,10,1.0,1,14,0.06666666666666667,1,10,0,10,1,0,0.09090909090909091,70778880,9.0
5,4,1,1,0,0,0.162222207,1,0.1,0,1,0.0,0,1,0,1,0,0,0.0,7077888,0.0
5,6,6,6,0,0,1.0675361460000001,3,0.3,0,6,0.0,0,3,0,3,0,0,0.0,21233664,0.6
5,9,3,3,0,0,0.40755233199999996,3,0.3,0,3,0.0,0,3,0,3,0,0,0.0,21233664,0.6
5,10,7,6,1,0,0.847778945,6,0.6,0,7,0.0,0,7,0,6,0,1,0.0,49545216,3.5999999999999996
5,11,13,13,0,0,2.1905556909999997,10,1.0,0,13,0.0,0,10,0,10,0,0,0.0,70778880,9.0
5,12,19,6,13,0,3.0445044201000004,9,0.9,4,15,0.21052631578947367,4,15,1,5,3,10,0.21052631578947367,106168320,12.6
5,13,6,5,1,0,0.6903805964999999,5,0.5,0,6,0.0,0,5,0,4,0,1,0.0,35389440,2.0
5,14,27,15,12,1,4.927452930099999,4,0.4,11,16,0.4074074074074074,11,5,0,4,11,1,0.6875,35389440,1.6
5,15,6,4,2,0,1.115197494,4,0.4,0,6,0.0,0,5,0,3,0,2,0.0,35389440,1.6
5,18,12,8,4,5,3.543357834,2,0.2,3,9,0.25,3,3,0,2,3,1,0.5,21233664,0.4
5,19,24,6,18,9,7.482181477000002,3,0.3,15,9,0.625,15,5,0,2,15,3,0.75,35389440,1.2
5,20,11,11,0,0,1.751447498,5,0.5,0,11,0.0,0,5,0,5,0,0,0.0,35389440,2.0
5,21,4,2,2,0,0.7892690750000001,4,0.4,0,4,0.0,0,4,0,2,0,2,0.0,28311552,1.2000000000000002
5,22,47,29,18,5,10.966875449999998,6,0.6,23,24,0.48936170212765956,17,6,2,3,15,3,0.7391304347826086,42467328,3.0
5,23,65,41,24,1,11.3859777475,10,1.0,34,31,0.5230769230769231,23,11,5,5,18,6,0.6764705882352942,77856768,10.0
5,26,3,0,3,0,0.625049382,1,0.1,2,1,0.6666666666666666,2,1,0,0,2,1,0.6666666666666666,7077888,0.0
5,28,4,4,0,0,0.629915982,2,0.2,0,4,0.0,0,2,0,2,0,0,0.0,14155776,0.2
5,29,7,6,1,1,1.398240253,5,0.5,0,7,0.0,0,6,0,5,0,1,0.0,42467328,2.5
5,31,14,2,12,0,2.8182670470000004,4,0.4,8,6,0.5714285714285714,8,6,0,2,8,4,0.5714285714285714,42467328,2.0
5,32,9,8,1,3,2.6071904019999996,6,0.6,0,9,0.0,0,6,0,5,0,1,0.0,42467328,3.0
5,33,5,0,5,0,0.937193021,2,0.2,3,2,0.6,3,2,0,0,3,2,0.6,14155776,0.2
5,34,91,52,39,4,18.446806796699995,9,0.9,59,32,0.6483516483516484,42,6,6,3,36,3,0.875,42467328,4.5
5,35,21,15,6,11,16.379334766,10,1.0,4,17,0.19047619047619047,4,12,0,10,4,2,0.25,84934656,11.0
5,36,23,15,8,2,4.964970677999999,5,0.5,8,15,0.34782608695652173,7,6,1,4,6,2,0.5384615384615384,42467328,2.5
5,38,4,2,2,0,1.046913222,2,0.2,1,3,0.25,1,3,0,2,1,1,0.25,21233664,0.4
5,40,6,2,4,2,1.877888724,3,0.3,2,4,0.3333333333333333,2,4,1,1,1,3,0.3333333333333333,28311552,0.8999999999999999
5,41,3,3,0,0,0.5556408310000001,3,0.3,0,3,0.0,0,3,0,3,0,0,0.0,21233664,0.6
5,43,2,0,2,0,0.544832245,1,0.1,1,1,0.5,1,1,0,0,1,1,0.5,7077888,0.0
5,44,29,14,15,0,5.277261577000001,10,1.0,15,14,0.5172413793103449,13,11,4,5,9,6,0.5416666666666666,77856768,10.0
5,45,21,15,6,5,6.0153674200000005,6,0.6,15,6,0.7142857142857143,5,5,3,1,2,4,0.5,35389440,2.4
5,46,27,11,16,15,10.584487051999997,5,0.5,16,11,0.5925925925925926,16,4,1,3,15,1,0.8,28311552,1.5
5,47,20,15,5,7,7.186130494999999,6,0.6,7,13,0.35,3,8,1,5,2,3,0.2727272727272727,56623104,4.2
5,49,15,7,8,0,3.1350133270000007,6,0.6,4,11,0.26666666666666666,4,8,1,3,3,5,0.3333333333333333,56623104,4.2
5,51,1,0,1,0,0.16098842,1,0.1,0,1,0.0,0,1,0,0,0,1,0.0,7077888,0.0
5,52,1,0,1,0,0.184380308,1,0.1,0,1,0.0,0,1,0,0,0,1,0.0,7077888,0.0
5,53,13,7,6,0,2.167880349,5,0.5,5,8,0.38461538461538464,5,6,1,4,4,2,0.45454545454545453,42467328,2.5
5,54,3,3,0,0,0.6354303800000001,3,0.3,0,3,0.0,0,3,0,3,0,0,0.0,21233664,0.6
5,55,19,11,8,1,4.840396239,3,0.3,6,13,0.3157894736842105,6,5,0,3,6,2,0.5454545454545454,35389440,1.2
5,57,6,4,2,0,1.1429337259999999,5,0.5,1,5,0.16666666666666666,1,5,0,4,1,1,0.16666666666666666,35389440,2.0
5,59,22,22,0,0,6.240369545,10,1.0,0,22,0.0,0,10,0,10,0,0,0.0,70778880,9.0
5,61,13,6,7,3,3.5182596300000006,4,0.4,3,10,0.23076923076923078,3,7,0,3,3,4,0.3,49545216,2.4000000000000004
5,62,20,13,7,0,3.721506254,6,0.6,5,15,0.25,5,8,0,6,5,2,0.38461538461538464,56623104,4.2
5,63,117,81,36,16,28.666139922999996,10,1.0,65,52,0.5555555555555556,39,7,5,5,34,2,0.8478260869565217,49545216,6.0
5,64,1,1,0,0,0.116500929,1,0.1,0,1,0.0,0,1,0,1,0,0,0.0,7077888,0.0
5,65,13,8,5,0,2.766994895,3,0.3,2,11,0.15384615384615385,2,5,0,2,2,3,0.2857142857142857,35389440,1.2
5,67,1,1,0,0,0.151110083,1,0.1,0,1,0.0,0,1,0,1,0,0,0.0,7077888,0.0
5,68,1,0,1,0,0.096386455,1,0.1,0,1,0.0,0,1,0,0,0,1,0.0,7077888,0.0
5,69,10,10,0,0,1.5055763420000003,10,1.0,0,10,0.0,0,10,0,10,0,0,0.0,70778880,9.0
5,72,1,1,0,0,0.0917855874,1,0.1,0,1,0.0,0,1,0,1,0,0,0.0,7077888,0.0
5,76,15,9,6,3,3.5403794206,8,0.8,5,10,0.3333333333333333,2,9,1,4,1,5,0.18181818181818182,63700992,6.4
5,78,25,15,10,0,5.404601424,3,0.3,22,3,0.88,10,3,2,1,8,2,0.7692307692307693,21233664,0.6
5,80,17,12,5,0,2.9776899799999996,9,0.9,6,11,0.35294117647058826,4,9,2,6,2,3,0.3076923076923077,63700992,7.2
5,83,2,2,0,0,0.350789771,2,0.2,0,2,0.0,0,2,0,2,0,0,0.0,14155776,0.2
5,84,11,8,3,1,2.119421408,5,0.5,0,11,0.0,0,7,0,4,0,3,0.0,49545216,3.0
5,85,17,14,3,9,5.927344924,6,0.6,8,9,0.47058823529411764,3,6,2,4,1,2,0.3333333333333333,42467328,3.0
5,86,6,2,4,0,0.9468050450000001,2,0.2,2,4,0.3333333333333333,2,3,0,1,2,2,0.4,21233664,0.4
5,89,3,2,1,2,1.752306937,2,0.2,0,3,0.0,0,3,0,2,0,1,0.0,21233664,0.4
5,90,48,21,27,9,12.295703494,5,0.5,37,11,0.7708333333333334,27,5,2,3,25,2,0.84375,35389440,2.0
5,92,15,10,5,1,1.3623351887,10,1.0,3,12,0.2,3,12,0,10,3,2,0.2,84934656,11.0
5,93,38,12,26,2,8.741560941,8,0.8,22,16,0.5789473684210527,22,10,2,4,20,6,0.6875,70778880,7.2
5,94,17,12,5,0,4.267901795,3,0.3,3,14,0.17647058823529413,3,4,0,2,3,2,0.42857142857142855,28311552,0.8999999999999999
5,95,4,1,3,0,0.627704187,1,0.1,1,3,0.25,1,3,0,1,1,2,0.25,21233664,0.2
5,96,58,28,30,11,14.383272729000005,9,0.9,38,20,0.6551724137931034,29,10,5,4,24,6,0.7435897435897436,70778880,8.1
5,98,3,3,0,0,0.419916414,3,0.3,0,3,0.0,0,3,0,3,0,0,0.0,21233664,0.6
5,99,7,3,4,0,1.287560314,4,0.4,2,5,0.2857142857142857,2,5,0,3,2,2,0.2857142857142857,35389440,1.6
5,101,2,0,2,0,0.342964247,1,0.1,1,1,0.5,1,1,0,0,1,1,0.5,7077888,0.0
5,102,3,2,1,0,0.537273228,1,0.1,0,3,0.0,0,2,0,1,0,1,0.0,14155776,0.1
5,104,2,0,2,0,0.36087295399999997,1,0.1,1,1,0.5,1,1,0,0,1,1,0.5,7077888,0.0
5,105,1,0,1,0,0.242984027,1,0.1,0,1,0.0,0,1,0,0,0,1,0.0,7077888,0.0
5,106,1,0,1,0,0.168876052,1,0.1,0,1,0.0,0,1,0,0,0,1,0.0,7077888,0.0
5,107,13,6,7,8,5.276657164,6,0.6,2,11,0.15384615384615385,2,9,1,3,1,6,0.18181818181818182,63700992,4.8
5,109,15,14,1,0,2.1538261682,8,0.8,0,15,0.0,0,9,0,8,0,1,0.0,63700992,6.4
5,110,1,0,1,0,0.134962201,1,0.1,0,1,0.0,0,1,0,0,0,1,0.0,7077888,0.0
5,113,2,2,0,0,0.428805173,1,0.1,0,2,0.0,0,1,0,1,0,0,0.0,7077888,0.0
5,115,8,4,4,1,1.5592413090000001,4,0.4,0,8,0.0,0,7,0,3,0,4,0.0,49545216,2.4000000000000004
5,117,8,0,8,0,1.659359173,2,0.2,4,4,0.5,4,4,0,0,4,4,0.5,28311552,0.6000000000000001
5,119,1,0,1,0,0.112929121,1,0.1,0,1,0.0,0,1,0,0,0,1,0.0,7077888,0.0
5,121,16,4,12,0,3.265942336,3,0.3,9,7,0.5625,9,5,0,2,9,3,0.6428571428571429,35389440,1.2
5,122,2,1,1,0,0.380730793,2,0.2,0,2,0.0,0,2,0,1,0,1,0.0,14155776,0.2
5,125,85,63,22,5,18.404807101000003,8,0.8,50,35,0.5882352941176471,22,8,4,4,18,4,0.7333333333333333,56623104,5.6000000000000005
5,127,13,8,5,0,1.9266196339999997,7,0.7,0,13,0.0,0,11,0,6,0,5,0.0,77856768,7.0
5,128,1,1,0,0,0.191128999,1,0.1,0,1,0.0,0,1,0,1,0,0,0.0,7077888,0.0
5,129,37,32,5,1,5.082013872300001,10,1.0,8,29,0.21621621621621623,4,11,2,8,2,3,0.26666666666666666,77856768,10.0
5,130,7,0,7,2,2.0268523110000003,3,0.3,4,3,0.5714285714285714,4,3,0,0,4,3,0.5714285714285714,21233664,0.6
5,131,8,5,3,0,1.284795506,3,0.3,1,7,0.125,1,3,0,1,1,2,0.25,21233664,0.6
5,132,8,7,1,0,1.840823501,4,0.4,2,6,0.25,1,4,1,3,0,1,0.2,28311552,1.2000000000000002
5,133,2,0,2,1,0.57870394,1,0.1,1,1,0.5,1,1,0,0,1,1,0.5,7077888,0.0
5,134,106,73,33,42,32.8368441319,10,1.0,57,49,0.5377358490566038,31,12,4,6,27,6,0.7209302325581395,84934656,11.0
5,137,60,25,35,13,16.772856295000004,6,0.6,45,15,0.75,33,7,3,2,30,5,0.825,49545216,3.5999999999999996
5,140,4,2,2,1,0.951783612,2,0.2,0,4,0.0,0,4,0,2,0,2,0.0,28311552,0.6000000000000001
5,141,10,3,7,2,3.328487185,2,0.2,4,6,0.4,4,5,0,2,4,3,0.4444444444444444,35389440,0.8
5,143,7,2,5,1,1.4469833079999999,2,0.2,4,3,0.5714285714285714,4,2,0,1,4,1,0.6666666666666666,14155776,0.2
5,146,2,0,2,0,0.348192752,1,0.1,0,2,0.0,0,2,0,0,0,2,0.0,14155776,0.1
5,148,5,2,3,0,0.8571592789999999,2,0.2,1,4,0.2,1,3,0,1,1,2,0.25,21233664,0.4
5,149,15,11,4,0,3.7896675920000003,3,0.3,3,12,0.2,3,4,0,3,3,1,0.42857142857142855,28311552,0.8999999999999999
5,150,26,16,10,12,9.161865456000001,7,0.7,8,18,0.3076923076923077,8,9,1,6,7,3,0.47058823529411764,63700992,5.6
5,151,4,1,3,0,0.749154718,2,0.2,1,3,0.25,1,3,0,1,1,2,0.25,21233664,0.4
5,155,16,8,8,7,5.303060412000001,4,0.4,8,8,0.5,5,6,1,2,4,4,0.45454545454545453,42467328,2.0
5,156,13,8,5,1,2.7780338369999997,2,0.2,3,10,0.23076923076923078,3,3,0,1,3,2,0.5,21233664,0.4
5,157,1,0,1,0,0.203429505,1,0.1,0,1,0.0,0,1,0,0,0,1,0.0,7077888,0.0
5,159,6,3,3,1,1.364663422,3,0.3,2,4,0.3333333333333333,2,4,1,2,1,2,0.3333333333333333,28311552,0.8999999999999999
5,160,9,3,6,1,2.210626885,4,0.4,2,7,0.2222222222222222,2,7,0,3,2,4,0.2222222222222222,49545216,2.4000000000000004
5,161,35,9,26,3,7.851754732199998,5,0.5,25,10,0.7142857142857143,23,6,1,2,22,4,0.7931034482758621,42467328,2.5
5,162,8,8,0,0,0.8667047169,7,0.7,0,8,0.0,0,7,0,7,0,0,0.0,49545216,4.199999999999999
5,163,1,0,1,0,0.148840591,1,0.1,0,1,0.0,0,1,0,0,0,1,0.0,7077888,0.0
5,164,30,0,30,2,8.17687884,10,1.0,21,9,0.7,21,9,0,0,21,9,0.7,63700992,8.0
5,165,2,2,0,0,0.639906973,2,0.2,0,2,0.0,0,2,0,2,0,0,0.0,14155776,0.2
5,169,128,75,53,35,36.94805295510002,10,1.0,96,32,0.75,57,6,7,3,50,3,0.9047619047619048,42467328,5.0
5,171,24,10,14,8,6.744296862,3,0.3,12,12,0.5,12,5,0,3,12,2,0.7058823529411765,35389440,1.2
5,172,24,7,17,0,3.7450870577000006,6,0.6,12,12,0.5,12,9,1,3,11,6,0.5714285714285714,63700992,4.8
5,174,3,3,0,0,0.379821755,3,0.3,0,3,0.0,0,3,0,3,0,0,0.0,21233664,0.6
5,175,19,12,7,7,6.2288410070000015,10,1.0,8,11,0.42105263157894735,7,10,6,4,1,6,0.4117647058823529,70778880,9.0
5,179,19,12,7,6,5.5394150170000005,5,0.5,4,15,0.21052631578947367,4,7,0,4,4,3,0.36363636363636365,49545216,3.0
5,180,28,14,14,8,8.402920394999999,8,0.8,12,16,0.42857142857142855,12,9,0,7,12,2,0.5714285714285714,63700992,6.4
5,181,2,0,2,1,0.670469314,1,0.1,1,1,0.5,1,1,0,0,1,1,0.5,7077888,0.0
5,182,2,2,0,0,0.33209839399999996,1,0.1,0,2,0.0,0,1,0,1,0,0,0.0,7077888,0.0
5,183,10,5,5,3,3.083769799,2,0.2,3,7,0.3,3,4,0,2,3,2,0.42857142857142855,28311552,0.6000000000000001
5,185,18,8,10,0,3.6490373630000006,5,0.5,10,8,0.5555555555555556,7,6,2,1,5,5,0.5384615384615384,42467328,2.5
5,186,10,1,9,3,2.904663428,5,0.5,4,6,0.4,4,6,0,1,4,5,0.4,42467328,2.5
5,189,11,5,6,0,2.332103999,1,0.1,5,6,0.45454545454545453,5,2,0,1,5,1,0.7142857142857143,14155776,0.1
5,190,5,3,2,0,0.923946575,3,0.3,0,5,0.0,0,3,0,1,0,2,0.0,21233664,0.6
5,191,3,0,3,0,0.652087808,1,0.1,1,2,0.3333333333333333,1,2,0,0,1,2,0.3333333333333333,14155776,0.1
5,192,2,1,1,0,0.389474749,1,0.1,0,2,0.0,0,2,0,1,0,1,0.0,14155776,0.1
5,193,2,2,0,0,0.348068446,2,0.2,0,2,0.0,0,2,0,2,0,0,0.0,14155776,0.2
5,194,3,3,0,0,0.472344459,3,0.3,0,3,0.0,0,3,0,3,0,0,0.0,21233664,0.6
5,195,17,8,9,5,4.419927387,2,0.2,7,10,0.4117647058823529,7,4,0,2,7,2,0.6363636363636364,28311552,0.6000000000000001
5,197,3,3,0,0,0.49626663400000004,1,0.1,0,3,0.0,0,1,0,1,0,0,0.0,7077888,0.0
5,198,6,0,6,2,2.034773052,2,0.2,4,2,0.6666666666666666,4,2,0,0,4,2,0.6666666666666666,14155776,0.2
5,200,9,5,4,1,2.239829093,4,0.4,3,6,0.3333333333333333,1,6,1,2,0,4,0.14285714285714285,42467328,2.0
5,201,6,4,2,0,1.140459777,3,0.3,4,2,0.6666666666666666,2,2,1,1,1,1,0.5,14155776,0.3
5,205,9,2,7,2,2.998182712,3,0.3,3,6,0.3333333333333333,3,5,0,1,3,4,0.375,35389440,1.2
5,207,6,2,4,0,0.7767667179000001,4,0.4,0,6,0.0,0,6,0,2,0,4,0.0,42467328,2.0
5,208,14,6,8,2,3.187426856,6,0.6,5,9,0.35714285714285715,5,9,0,6,5,3,0.35714285714285715,63700992,4.8
5,209,2,0,2,0,0.34494777,2,0.2,0,2,0.0,0,2,0,0,0,2,0.0,14155776,0.2
5,210,2,2,0,0,0.265048072,1,0.1,0,2,0.0,0,1,0,1,0,0,0.0,7077888,0.0
5,211,10,6,4,4,2.94845113,1,0.1,3,7,0.3,3,2,0,1,3,1,0.6,14155776,0.1
5,212,4,4,0,0,0.45118825100000004,4,0.4,0,4,0.0,0,4,0,4,0,0,0.0,28311552,1.2000000000000002
5,213,2,1,1,0,0.39420245600000003,2,0.2,0,2,0.0,0,2,0,1,0,1,0.0,14155776,0.2
5,214,1,1,0,0,0.155212596,1,0.1,0,1,0.0,0,1,0,1,0,0,0.0,7077888,0.0
5,215,3,3,0,0,0.537646115,1,0.1,0,3,0.0,0,1,0,1,0,0,0.0,7077888,0.0
5,216,1,1,0,0,0.183571056,1,0.1,0,1,0.0,0,1,0,1,0,0,0.0,7077888,0.0
5,217,10,5,5,0,2.030682055,4,0.4,2,8,0.2,2,5,0,2,2,3,0.2857142857142857,35389440,1.6
5,220,10,6,4,0,2.046585381,1,0.1,2,8,0.2,2,3,0,1,2,2,0.4,21233664,0.2
5,221,23,18,5,2,4.8701306440000005,6,0.6,9,14,0.391304347826087,3,6,2,2,1,4,0.3333333333333333,42467328,3.0
5,222,5,1,4,1,1.1688365040000002,4,0.4,0,5,0.0,0,5,0,1,0,4,0.0,35389440,1.6
5,224,17,10,7,2,4.162290663,8,0.8,3,14,0.17647058823529413,3,12,1,7,2,5,0.2,84934656,8.8
5,225,40,16,24,14,11.510394601,1,0.1,24,16,0.6,24,1,0,1,24,0,0.96,7077888,0.0
5,226,13,3,10,0,2.697615058,3,0.3,5,8,0.38461538461538464,5,7,0,2,5,5,0.4166666666666667,49545216,1.7999999999999998
5,228,15,8,7,8,5.150610781999999,4,0.4,10,5,0.6666666666666666,5,5,1,2,4,3,0.5,35389440,1.6
5,229,4,0,4,0,1.443441719,1,0.1,3,1,0.75,3,1,0,0,3,1,0.75,7077888,0.0
5,230,1,0,1,0,0.220308542,1,0.1,0,1,0.0,0,1,0,0,0,1,0.0,7077888,0.0
5,231,2,1,1,0,0.27272255700000003,1,0.1,0,2,0.0,0,2,0,1,0,1,0.0,14155776,0.1
5,235,11,10,1,0,0.39765556139999997,10,1.0,0,11,0.0,0,11,0,10,0,1,0.0,77856768,10.0
5,236,4,1,3,0,0.590916142,2,0.2,2,2,0.5,2,2,1,0,1,2,0.5,14155776,0.2
5,237,1,1,0,0,0.123456426,1,0.1,0,1,0.0,0,1,0,1,0,0,0.0,7077888,0.0
5,238,18,15,3,5,4.618964924999999,3,0.3,12,6,0.6666666666666666,2,3,1,1,1,2,0.4,21233664,0.6
5,239,3,0,3,0,0.3115442839,1,0.1,2,1,0.6666666666666666,2,1,0,0,2,1,0.6666666666666666,7077888,0.0
5,241,11,2,9,0,1.866527992,2,0.2,7,4,0.6363636363636364,7,3,0,1,7,2,0.7,21233664,0.4
5,242,6,4,2,2,1.932605804,5,0.5,1,5,0.16666666666666666,1,5,1,3,0,2,0.16666666666666666,35389440,2.0
5,243,5,3,2,1,1.504673451,1,0.1,1,4,0.2,1,2,0,1,1,1,0.3333333333333333,14155776,0.1
5,244,7,2,5,1,1.5587629520000001,2,0.2,2,5,0.2857142857142857,2,4,0,1,2,3,0.3333333333333333,28311552,0.6000000000000001
5,245,22,16,6,3,5.839275076000001,5,0.5,3,19,0.13636363636363635,3,8,0,5,3,3,0.2727272727272727,56623104,3.5
5,246,9,5,4,1,2.2333331710000004,6,0.6,1,8,0.1111111111111111,1,7,1,3,0,4,0.125,49545216,3.5999999999999996
5,247,4,2,2,0,0.812923968,2,0.2,1,3,0.25,1,2,0,1,1,1,0.3333333333333333,14155776,0.2
5,248,2,0,2,0,0.347338706,2,0.2,0,2,0.0,0,2,0,0,0,2,0.0,14155776,0.2
5,249,98,67,31,21,28.101792135000014,10,1.0,68,30,0.6938775510204082,33,8,6,4,27,4,0.8048780487804879,56623104,7.0
5,250,6,3,3,0,1.246046767,2,0.2,2,4,0.3333333333333333,2,3,0,2,2,1,0.4,21233664,0.4
5,251,21,15,6,0,3.711780826000001,9,0.9,4,17,0.19047619047619047,4,11,1,8,3,3,0.26666666666666666,77856768,9.0
5,252,154,142,12,56,51.05473240399999,10,1.0,49,105,0.3181818181818182,14,8,3,7,11,1,0.6363636363636364,56623104,7.0
5,253,23,16,7,0,4.915515156,4,0.4,8,15,0.34782608695652173,7,4,1,3,6,1,0.6363636363636364,28311552,1.2000000000000002
5,254,26,22,4,9,8.3609053499,6,0.6,4,22,0.15384615384615385,4,6,1,5,3,1,0.4,42467328,3.0
5,255,2,2,0,0,0.309564658,1,0.1,0,2,0.0,0,1,0,1,0,0,0.0,7077888,0.0
6,0,11,9,2,3,3.053810486,8,0.8,1,10,0.09090909090909091,1,8,1,6,0,2,0.1111111111111111,56623104,5.6000000000000005
6,1,148,103,45,70,52.732072820999974,10,1.0,106,42,0.7162162162162162,48,7,7,3,41,4,0.8727272727272727,49545216,6.0
6,2,1,0,1,0,0.177638397,1,0.1,0,1,0.0,0,1,0,0,0,1,0.0,7077888,0.0
6,3,26,21,5,13,9.273945184,6,0.6,5,21,0.19230769230769232,5,6,1,5,4,1,0.45454545454545453,42467328,3.0
6,4,12,0,12,3,3.5121997289999998,10,1.0,2,10,0.16666666666666666,2,10,0,0,2,10,0.16666666666666666,70778880,9.0
6,6,12,3,9,0,2.162571416,6,0.6,3,9,0.25,3,8,0,2,3,6,0.2727272727272727,56623104,4.2
6,7,4,0,4,0,0.921490521,1,0.1,3,1,0.75,3,1,0,0,3,1,0.75,7077888,0.0
6,8,3,3,0,0,0.542067408,2,0.2,0,3,0.0,0,2,0,2,0,0,0.0,14155776,0.2
6,9,17,11,6,2,3.688200655,8,0.8,4,13,0.23529411764705882,3,10,1,6,2,4,0.23076923076923078,70778880,7.2
6,10,2,2,0,0,0.319364488,2,0.2,0,2,0.0,0,2,0,2,0,0,0.0,14155776,0.2
6,11,1,0,1,0,0.175493583,1,0.1,0,1,0.0,0,1,0,0,0,1,0.0,7077888,0.0
6,13,13,10,3,0,0.6789936824,10,1.0,2,11,0.15384615384615385,2,11,0,10,2,1,0.15384615384615385,77856768,10.0
6,14,10,10,0,0,0.1699858495,10,1.0,0,10,0.0,0,10,0,10,0,0,0.0,70778880,9.0
6,15,7,5,2,2,2.065498292,4,0.4,0,7,0.0,0,5,0,3,0,2,0.0,35389440,1.6
6,16,46,40,6,1,8.730314246999999,10,1.0,14,32,0.30434782608695654,5,11,2,8,3,3,0.3125,77856768,10.0
6,17,18,10,8,5,4.972180591000001,6,0.6,2,16,0.1111111111111111,2,11,0,5,2,6,0.15384615384615385,77856768,6.0
6,20,12,6,6,6,4.199143173,7,0.7,0,12,0.0,0,11,0,5,0,6,0.0,77856768,7.0
6,21,4,3,1,0,0.685850419,3,0.3,0,4,0.0,0,3,0,2,0,1,0.0,21233664,0.6
6,22,1,0,1,0,0.102239877,1,0.1,0,1,0.0,0,1,0,0,0,1,0.0,7077888,0.0
6,23,3,3,0,0,0.486578628,3,0.3,0,3,0.0,0,3,0,3,0,0,0.0,21233664,0.6
6,24,2,2,0,0,0.355296582,2,0.2,0,2,0.0,0,2,0,2,0,0,0.0,14155776,0.2
6,25,1,0,1,0,0.16287671,1,0.1,0,1,0.0,0,1,0,0,0,1,0.0,7077888,0.0
6,27,2,1,1,0,0.455739647,1,0.1,0,2,0.0,0,2,0,1,0,1,0.0,14155776,0.1
6,29,35,26,9,15,11.80915952,8,0.8,13,22,0.37142857142857144,8,9,1,7,7,2,0.47058823529411764,63700992,6.4
6,30,20,10,10,1,4.047427042000001,6,0.6,7,13,0.35,7,8,1,4,6,4,0.4666666666666667,56623104,4.2
6,31,24,10,14,8,8.096760975,6,0.6,12,12,0.5,10,10,2,4,8,6,0.5,70778880,5.3999999999999995
6,32,2,2,0,0,0.320353187,1,0.1,0,2,0.0,0,1,0,1,0,0,0.0,7077888,0.0
6,34,36,17,19,2,8.352906735000001,4,0.4,20,16,0.5555555555555556,17,6,1,3,16,3,0.7391304347826086,42467328,2.0
6,35,9,4,5,0,1.837877675,3,0.3,4,5,0.4444444444444444,4,4,0,3,4,1,0.5,28311552,0.8999999999999999
6,38,3,2,1,0,0.528721571,2,0.2,0,3,0.0,0,2,0,1,0,1,0.0,14155776,0.2
6,39,5,4,1,0,0.915990651,3,0.3,0,5,0.0,0,4,0,3,0,1,0.0,28311552,0.8999999999999999
6,42,19,11,8,7,6.9009448,4,0.4,7,12,0.3684210526315789,7,5,1,3,6,2,0.5833333333333334,35389440,1.6
6,43,7,4,3,1,1.478270441,5,0.5,0,7,0.0,0,6,0,3,0,3,0.0,42467328,2.5
6,46,1,1,0,0,0.167085916,1,0.1,0,1,0.0,0,1,0,1,0,0,0.0,7077888,0.0
6,47,3,2,1,0,0.44532890599999997,3,0.3,0,3,0.0,0,3,0,2,0,1,0.0,21233664,0.6
6,48,5,2,3,0,0.992351204,2,0.2,0,5,0.0,0,4,0,1,0,3,0.0,28311552,0.6000000000000001
6,49,9,2,7,2,2.205524461,3,0.3,5,4,0.5555555555555556,5,4,0,2,5,2,0.5555555555555556,28311552,0.8999999999999999
6,50,82,63,19,8,19.533723698,9,0.9,20,62,0.24390243902439024,20,8,1,8,19,0,0.7142857142857143,56623104,6.3
6,51,30,0,30,0,5.999076352,7,0.7,18,12,0.6,18,12,0,0,18,12,0.6,84934656,7.699999999999999
6,52,76,41,35,4,16.217705774100004,10,1.0,47,29,0.618421052631579,33,11,4,5,29,6,0.75,77856768,10.0
6,53,75,23,52,10,17.710941585800008,10,1.0,60,15,0.8,55,7,7,3,48,4,0.8870967741935484,49545216,6.0
6,54,1,1,0,0,0.154330403,1,0.1,0,1,0.0,0,1,0,1,0,0,0.0,7077888,0.0
6,55,6,2,4,2,1.843142644,2,0.2,2,4,0.3333333333333333,2,3,0,1,2,2,0.4,21233664,0.4
6,56,34,32,2,13,19.2827121234,10,1.0,5,29,0.14705882352941177,2,10,2,8,0,2,0.16666666666666666,70778880,9.0
6,57,21,15,6,3,5.974881669000001,10,1.0,5,16,0.23809523809523808,5,11,1,9,4,2,0.3125,77856768,10.0
6,58,22,9,13,6,6.057269976000001,6,0.6,9,13,0.4090909090909091,9,9,1,4,8,5,0.5,63700992,4.8
6,62,15,6,9,2,3.704480946,6,0.6,4,11,0.26666666666666666,4,9,1,3,3,6,0.3076923076923077,63700992,4.8
6,64,10,8,2,0,2.093714745,3,0.3,1,9,0.1,1,4,0,3,1,1,0.2,28311552,0.8999999999999999
6,65,3,3,0,1,0.7087427980000001,3,0.3,0,3,0.0,0,3,0,3,0,0,0.0,21233664,0.6
6,67,13,9,4,0,2.227468759,2,0.2,2,11,0.15384615384615385,2,4,0,2,2,2,0.3333333333333333,28311552,0.6000000000000001
6,68,54,43,11,2,11.345725468999996,9,0.9,29,25,0.5370370370370371,10,9,5,3,5,6,0.5263157894736842,63700992,7.2
6,69,21,9,12,4,5.639706851000001,5,0.5,12,9,0.5714285714285714,8,7,2,1,6,6,0.5333333333333333,49545216,3.0
6,70,4,0,4,0,0.583883926,3,0.3,1,3,0.25,1,3,0,0,1,3,0.25,21233664,0.6
6,71,5,2,3,0,1.002072468,4,0.4,1,4,0.2,1,4,0,2,1,2,0.2,28311552,1.2000000000000002
6,73,6,5,1,0,1.171041086,4,0.4,0,6,0.0,0,4,0,3,0,1,0.0,28311552,1.2000000000000002
6,75,42,16,26,0,9.290310248,5,0.5,35,7,0.8333333333333334,26,5,2,3,24,2,0.8387096774193549,35389440,2.0
6,76,40,37,3,0,8.151397887,9,0.9,7,33,0.175,2,10,1,8,1,2,0.16666666666666666,70778880,8.1
6,77,22,8,14,7,7.126513245000001,5,0.5,11,11,0.5,11,7,0,4,11,3,0.6111111111111112,49545216,3.0
6,78,32,21,11,1,5.128759458,10,1.0,10,22,0.3125,8,13,2,8,6,5,0.38095238095238093,92012544,12.0
6,79,3,0,3,0,0.440441415,3,0.3,0,3,0.0,0,3,0,0,0,3,0.0,21233664,0.6
6,80,13,13,0,0,0.6473954177,10,1.0,0,13,0.0,0,10,0,10,0,0,0.0,70778880,9.0
6,82,2,1,1,1,0.695864856,2,0.2,0,2,0.0,0,2,0,1,0,1,0.0,14155776,0.2
6,85,6,1,5,1,1.5175203389999998,1,0.1,4,2,0.6666666666666666,4,2,0,1,4,1,0.6666666666666666,14155776,0.1
6,86,1,1,0,0,0.162750319,1,0.1,0,1,0.0,0,1,0,1,0,0,0.0,7077888,0.0
6,87,24,15,9,5,6.78544022,5,0.5,7,17,0.2916666666666667,7,7,0,5,7,2,0.5,49545216,3.0
6,89,10,2,8,0,1.7565316099999997,3,0.3,5,5,0.5,5,4,0,1,5,3,0.5555555555555556,28311552,0.8999999999999999
6,90,6,3,3,1,1.658092022,3,0.3,0,6,0.0,0,5,0,2,0,3,0.0,35389440,1.2
6,91,23,13,10,5,6.301525370999999,9,0.9,3,20,0.13043478260869565,3,15,0,8,3,7,0.16666666666666666,106168320,12.6
6,92,17,11,6,4,5.478654223,6,0.6,2,15,0.11764705882352941,2,9,0,5,2,4,0.18181818181818182,63700992,4.8
6,93,19,8,11,3,4.633971571,4,0.4,13,6,0.6842105263157895,7,6,1,1,6,5,0.5384615384615384,42467328,2.0
6,94,3,1,2,0,0.553820848,3,0.3,0,3,0.0,0,3,0,1,0,2,0.0,21233664,0.6
6,95,16,8,8,5,5.172577605000001,4,0.4,3,13,0.1875,3,9,0,4,3,5,0.25,63700992,3.2
6,96,7,2,5,1,1.670601413,2,0.2,2,5,0.2857142857142857,2,4,0,1,2,3,0.3333333333333333,28311552,0.6000000000000001
6,98,1,1,0,0,0.163045391,1,0.1,0,1,0.0,0,1,0,1,0,0,0.0,7077888,0.0
6,99,3,3,0,0,0.484275267,2,0.2,0,3,0.0,0,2,0,2,0,0,0.0,14155776,0.2
6,103,5,2,3,2,1.525611445,2,0.2,1,4,0.2,1,3,0,1,1,2,0.25,21233664,0.4
6,104,5,1,4,0,0.854882717,3,0.3,1,4,0.2,1,4,0,1,1,3,0.2,28311552,0.8999999999999999
6,105,14,7,7,3,3.281742468999999,4,0.4,5,9,0.35714285714285715,5,4,0,2,5,2,0.5555555555555556,28311552,1.2000000000000002
6,107,5,0,5,0,0.709202574,3,0.3,2,3,0.4,2,3,0,0,2,3,0.4,21233664,0.6
6,110,8,2,6,0,1.305916816,4,0.4,3,5,0.375,3,5,1,1,2,4,0.375,35389440,1.6
6,111,118,48,70,28,32.96788746500001,10,1.0,109,9,0.923728813559322,76,4,9,1,67,3,0.95,28311552,3.0
6,112,15,12,3,5,4.7170266960000005,5,0.5,0,15,0.0,0,7,0,4,0,3,0.0,49545216,3.0
6,113,16,7,9,2,3.6988476519999995,4,0.4,7,9,0.4375,7,6,1,3,6,3,0.5384615384615384,42467328,2.0
6,117,3,2,1,0,0.557851986,1,0.1,0,3,0.0,0,2,0,1,0,1,0.0,14155776,0.1
6,118,1,0,1,0,0.408672571,1,0.1,0,1,0.0,0,1,0,0,0,1,0.0,7077888,0.0
6,119,73,50,23,17,19.892095354999995,10,1.0,26,47,0.3561643835616438,18,15,2,8,16,7,0.5454545454545454,106168320,14.0
6,120,1,0,1,0,0.169606537,1,0.1,0,1,0.0,0,1,0,0,0,1,0.0,7077888,0.0
6,123,5,0,5,0,0.712147005,3,0.3,1,4,0.2,1,4,0,0,1,4,0.2,28311552,0.8999999999999999
6,124,20,14,6,0,3.5419433539999994,10,1.0,4,16,0.2,4,12,2,8,2,4,0.25,84934656,11.0
6,128,10,6,4,0,1.6500676506999998,4,0.4,3,7,0.3,3,5,1,3,2,2,0.375,35389440,1.6
6,129,2,1,1,0,0.328939437,1,0.1,0,2,0.0,0,2,0,1,0,1,0.0,14155776,0.1
6,130,2,1,1,0,0.588716954,1,0.1,0,2,0.0,0,2,0,1,0,1,0.0,14155776,0.1
6,131,6,4,2,0,0.9291235069999999,3,0.3,0,6,0.0,0,5,0,3,0,2,0.0,35389440,1.2
6,132,1,0,1,0,0.109399125,1,0.1,0,1,0.0,0,1,0,0,0,1,0.0,7077888,0.0
6,134,18,6,12,1,4.301145762,3,0.3,9,9,0.5,9,6,0,3,9,3,0.6,42467328,1.5
6,136,4,4,0,0,0.8880272069999999,2,0.2,0,4,0.0,0,2,0,2,0,0,0.0,14155776,0.2
6,137,13,12,1,0,2.921735063,10,1.0,1,12,0.07692307692307693,1,10,1,9,0,1,0.09090909090909091,70778880,9.0
6,138,94,43,51,4,20.17750682999999,10,1.0,77,17,0.8191489361702128,51,10,8,2,43,8,0.8360655737704918,70778880,9.0
6,139,12,6,6,3,3.3888581400000004,2,0.2,3,9,0.25,3,5,0,2,3,3,0.375,35389440,0.8
6,140,8,5,3,1,1.7850751429999998,3,0.3,0,8,0.0,0,5,0,2,0,3,0.0,35389440,1.2
6,141,2,0,2,0,0.370404691,2,0.2,0,2,0.0,0,2,0,0,0,2,0.0,14155776,0.2
6,142,1,0,1,0,0.165145367,1,0.1,0,1,0.0,0,1,0,0,0,1,0.0,7077888,0.0
6,143,1,0,1,0,0.126037389,1,0.1,0,1,0.0,0,1,0,0,0,1,0.0,7077888,0.0
6,144,5,4,1,0,1.2280529740000001,4,0.4,0,5,0.0,0,5,0,4,0,1,0.0,35389440,1.6
6,145,7,7,0,1,1.619977371,4,0.4,0,7,0.0,0,4,0,4,0,0,0.0,28311552,1.2000000000000002
6,146,75,50,25,17,20.75391065,8,0.8,44,31,0.5866666666666667,28,5,3,5,25,0,0.8484848484848485,35389440,3.2
6,147,9,9,0,4,2.945978492,4,0.4,0,9,0.0,0,4,0,4,0,0,0.0,28311552,1.2000000000000002
6,149,5,3,2,0,0.932175904,1,0.1,1,4,0.2,1,2,0,1,1,1,0.3333333333333333,14155776,0.1
6,150,4,3,1,1,1.06162487,2,0.2,0,4,0.0,0,3,0,2,0,1,0.0,21233664,0.4
6,152,31,18,13,3,6.686725472,10,1.0,14,17,0.45161290322580644,11,11,3,6,8,5,0.5,77856768,10.0
6,156,15,5,10,3,3.727340491,4,0.4,5,10,0.3333333333333333,5,8,0,3,5,5,0.38461538461538464,56623104,2.8000000000000003
6,157,2,0,2,1,0.5351388,1,0.1,1,1,0.5,1,1,0,0,1,1,0.5,7077888,0.0
6,158,12,11,1,0,1.888477312,4,0.4,0,12,0.0,0,5,0,4,0,1,0.0,35389440,1.6
6,161,6,2,4,1,1.02093108,3,0.3,4,2,0.6666666666666666,4,2,1,1,3,1,0.6666666666666666,14155776,0.3
6,164,18,8,10,0,3.527736845,4,0.4,7,11,0.3888888888888889,7,6,0,3,7,3,0.5384615384615384,42467328,2.0
6,165,2,1,1,0,0.354824349,2,0.2,0,2,0.0,0,2,0,1,0,1,0.0,14155776,0.2
6,166,1,0,1,0,0.196183607,1,0.1,0,1,0.0,0,1,0,0,0,1,0.0,7077888,0.0
6,167,23,23,0,0,4.376272542000001,6,0.6,0,23,0.0,0,6,0,6,0,0,0.0,42467328,3.0
6,168,21,14,7,2,5.207671732999999,4,0.4,4,17,0.19047619047619047,4,6,0,3,4,3,0.4,42467328,2.0
6,169,9,2,7,1,2.090875164,4,0.4,5,4,0.5555555555555556,5,4,1,1,4,3,0.5555555555555556,28311552,1.2000000000000002
6,170,20,11,9,14,7.885428653,6,0.6,9,11,0.45,6,9,2,4,4,5,0.4,63700992,4.8
6,172,6,6,0,0,0.3286983767,4,0.4,0,6,0.0,0,4,0,4,0,0,0.0,28311552,1.2000000000000002
6,173,7,7,0,0,1.0122912899999998,6,0.6,0,7,0.0,0,6,0,6,0,0,0.0,42467328,3.0
6,174,24,8,16,4,6.125146536999999,6,0.6,13,11,0.5416666666666666,13,7,1,3,12,4,0.65,49545216,3.5999999999999996
6,177,18,7,11,2,4.569801375,4,0.4,6,12,0.3333333333333333,6,8,1,2,5,6,0.42857142857142855,56623104,2.8000000000000003
6,178,5,2,3,0,1.310441763,2,0.2,1,4,0.2,1,3,0,1,1,2,0.25,21233664,0.4
6,179,12,5,7,5,3.1542061579999996,4,0.4,4,8,0.3333333333333333,4,6,0,3,4,3,0.4,42467328,2.0
6,180,7,7,0,1,1.6676137,3,0.3,0,7,0.0,0,3,0,3,0,0,0.0,21233664,0.6
6,181,11,8,3,1,2.174744532,6,0.6,1,10,0.09090909090909091,1,7,1,4,0,3,0.125,49545216,3.5999999999999996
6,183,112,67,45,17,27.285818862000003,10,1.0,78,34,0.6964285714285714,46,9,6,4,40,5,0.8363636363636363,63700992,8.0
6,184,4,3,1,0,0.9419125770000001,2,0.2,0,4,0.0,0,3,0,2,0,1,0.0,21233664,0.4
6,185,6,3,3,0,1.1356049320000001,3,0.3,0,6,0.0,0,5,0,2,0,3,0.0,35389440,1.2
6,186,1,1,0,0,0.197012603,1,0.1,0,1,0.0,0,1,0,1,0,0,0.0,7077888,0.0
6,187,5,2,3,0,0.994977309,1,0.1,1,4,0.2,1,3,0,1,1,2,0.25,21233664,0.2
6,188,1,0,1,0,0.266743958,1,0.1,0,1,0.0,0,1,0,0,0,1,0.0,7077888,0.0
6,189,3,2,1,0,0.5026520640000001,2,0.2,0,3,0.0,0,2,0,1,0,1,0.0,14155776,0.2
6,190,12,11,1,0,2.8900544339999996,10,1.0,0,12,0.0,0,11,0,10,0,1,0.0,77856768,10.0
6,192,16,8,8,5,4.851581437999999,5,0.5,3,13,0.1875,3,9,0,4,3,5,0.25,63700992,4.0
6,194,6,6,0,1,1.474770531,4,0.4,0,6,0.0,0,4,0,4,0,0,0.0,28311552,1.2000000000000002
6,195,15,11,4,3,3.733744889999999,6,0.6,2,13,0.13333333333333333,2,7,0,5,2,2,0.2222222222222222,49545216,3.5999999999999996
6,196,11,6,5,0,2.1325381109999997,5,0.5,1,10,0.09090909090909091,1,7,0,3,1,4,0.125,49545216,3.0
6,197,1,0,1,0,0.21490249,1,0.1,0,1,0.0,0,1,0,0,0,1,0.0,7077888,0.0
6,199,14,12,2,0,2.5415723320000003,10,1.0,1,13,0.07142857142857142,1,11,1,9,0,2,0.08333333333333333,77856768,10.0
6,200,20,14,6,2,4.270099506,5,0.5,3,17,0.15,3,8,0,5,3,3,0.2727272727272727,56623104,3.5
6,201,25,20,5,0,4.167870101300001,10,1.0,6,19,0.24,5,10,2,8,3,2,0.3333333333333333,70778880,9.0
6,202,2,1,1,0,0.318865925,1,0.1,0,2,0.0,0,2,0,1,0,1,0.0,14155776,0.1
6,203,1,1,0,0,0.245691553,1,0.1,0,1,0.0,0,1,0,1,0,0,0.0,7077888,0.0
6,204,13,13,0,0,2.4250788530000005,9,0.9,0,13,0.0,0,9,0,9,0,0,0.0,63700992,7.2
6,205,11,8,3,1,2.670054318,6,0.6,2,9,0.18181818181818182,2,5,1,3,1,2,0.2857142857142857,35389440,2.4
6,207,22,21,1,12,8.356540398000002,10,1.0,0,22,0.0,0,11,0,10,0,1,0.0,77856768,10.0
6,209,6,3,3,0,1.066245244,2,0.2,0,6,0.0,0,5,0,2,0,3,0.0,35389440,0.8
6,210,2,2,0,0,0.39696608499999997,2,0.2,0,2,0.0,0,2,0,2,0,0,0.0,14155776,0.2
6,212,14,8,6,0,3.124366791,5,0.5,2,12,0.14285714285714285,2,7,0,3,2,4,0.2222222222222222,49545216,3.0
6,213,2,2,0,0,0.367134944,2,0.2,0,2,0.0,0,2,0,2,0,0,0.0,14155776,0.2
6,214,35,31,4,5,8.439645045,9,0.9,2,33,0.05714285714285714,2,11,0,9,2,2,0.15384615384615385,77856768,9.0
6,215,1,0,1,0,0.16106607,1,0.1,0,1,0.0,0,1,0,0,0,1,0.0,7077888,0.0
6,218,7,3,4,0,1.468347206,4,0.4,4,3,0.5714285714285714,3,3,1,1,2,2,0.5,21233664,0.8
6,219,14,9,5,4,3.4211244590000005,5,0.5,3,11,0.21428571428571427,2,8,1,4,1,4,0.2,56623104,3.5
6,220,6,0,6,2,1.46924077,1,0.1,4,2,0.6666666666666666,4,2,0,0,4,2,0.6666666666666666,14155776,0.1
6,221,2,1,1,0,0.43303521,2,0.2,0,2,0.0,0,2,0,1,0,1,0.0,14155776,0.2
6,222,2,1,1,0,0.302808955,1,0.1,0,2,0.0,0,2,0,1,0,1,0.0,14155776,0.1
6,224,2,2,0,0,0.388418272,1,0.1,0,2,0.0,0,1,0,1,0,0,0.0,7077888,0.0
6,225,1,1,0,0,0.198119044,1,0.1,0,1,0.0,0,1,0,1,0,0,0.0,7077888,0.0
6,226,6,3,3,2,1.459404827,2,0.2,1,5,0.16666666666666666,1,4,0,2,1,2,0.2,28311552,0.6000000000000001
6,227,5,3,2,0,0.86008881,3,0.3,0,5,0.0,0,5,0,3,0,2,0.0,35389440,1.2
6,228,14,7,7,2,3.485533833,5,0.5,3,11,0.21428571428571427,3,7,0,3,3,4,0.3,49545216,3.0
6,229,5,2,3,3,1.712008564,1,0.1,2,3,0.4,2,2,0,1,2,1,0.5,14155776,0.1
6,230,10,5,5,3,2.6447571670000003,4,0.4,3,7,0.3,3,6,1,3,2,3,0.3333333333333333,42467328,2.0
6,231,8,6,2,1,1.5594556859999997,4,0.4,0,8,0.0,0,5,0,3,0,2,0.0,35389440,1.6
6,232,1,1,0,0,0.19352138,1,0.1,0,1,0.0,0,1,0,1,0,0,0.0,7077888,0.0
6,234,2,1,1,0,0.34125821300000003,1,0.1,0,2,0.0,0,2,0,1,0,1,0.0,14155776,0.1
6,235,1,0,1,0,0.186975762,1,0.1,0,1,0.0,0,1,0,0,0,1,0.0,7077888,0.0
6,236,32,32,0,1,5.681411218999998,10,1.0,0,32,0.0,0,10,0,10,0,0,0.0,70778880,9.0
6,237,1,1,0,0,0.150621623,1,0.1,0,1,0.0,0,1,0,1,0,0,0.0,7077888,0.0
6,238,12,8,4,7,5.134838611,3,0.3,2,10,0.16666666666666666,2,4,0,2,2,2,0.3333333333333333,28311552,0.8999999999999999
6,239,6,4,2,1,1.6531607350000002,4,0.4,1,5,0.16666666666666666,1,4,1,2,0,2,0.2,28311552,1.2000000000000002
6,241,5,3,2,0,1.0321673150000001,3,0.3,0,5,0.0,0,5,0,3,0,2,0.0,35389440,1.2
6,242,16,3,13,3,4.1056613340000006,3,0.3,9,7,0.5625,9,5,0,1,9,4,0.6428571428571429,35389440,1.2
6,243,8,5,3,0,1.432338818,5,0.5,2,6,0.25,2,5,1,3,1,2,0.2857142857142857,35389440,2.0
6,244,1,0,1,0,0.119119927,1,0.1,0,1,0.0,0,1,0,0,0,1,0.0,7077888,0.0
6,246,2,1,1,0,0.557255089,1,0.1,0,2,0.0,0,2,0,1,0,1,0.0,14155776,0.1
6,248,1,0,1,0,0.147899181,1,0.1,0,1,0.0,0,1,0,0,0,1,0.0,7077888,0.0
6,250,1,0,1,0,0.127942026,1,0.1,0,1,0.0,0,1,0,0,0,1,0.0,7077888,0.0
6,252,11,4,7,7,3.937312662,3,0.3,6,5,0.5454545454545454,6,3,1,1,5,2,0.6666666666666666,21233664,0.6
6,254,23,12,11,7,6.369110061000001,6,0.6,11,12,0.4782608695652174,8,8,2,3,6,5,0.5,56623104,4.2
6,255,8,5,3,3,2.505303607,2,0.2,2,6,0.25,2,3,0,2,2,1,0.4,21233664,0.4
7,3,1,1,0,0,0.165249959,1,0.1,0,1,0.0,0,1,0,1,0,0,0.0,7077888,0.0
7,6,13,9,4,1,3.0745075190000004,3,0.3,3,10,0.23076923076923078,2,5,1,2,1,3,0.2857142857142857,35389440,1.2
7,7,5,5,0,0,0.8643694219999999,2,0.2,0,5,0.0,0,2,0,2,0,0,0.0,14155776,0.2
7,8,10,10,0,10,3.8652095500000003,10,1.0,0,10,0.0,0,10,0,10,0,0,0.0,70778880,9.0
7,9,15,8,7,0,2.6747827539999998,4,0.4,2,13,0.13333333333333333,2,8,0,3,2,5,0.2,56623104,2.8000000000000003
7,12,1,1,0,0,0.16418539,1,0.1,0,1,0.0,0,1,0,1,0,0,0.0,7077888,0.0
7,14,2,2,0,0,0.281214937,2,0.2,0,2,0.0,0,2,0,2,0,0,0.0,14155776,0.2
7,15,1,0,1,0,0.151921168,1,0.1,0,1,0.0,0,1,0,0,0,1,0.0,7077888,0.0
7,16,1,1,0,0,0.122221448,1,0.1,0,1,0.0,0,1,0,1,0,0,0.0,7077888,0.0
7,18,4,1,3,0,0.6961565470000001,3,0.3,1,3,0.25,1,3,0,1,1,2,0.25,21233664,0.6
7,22,2,1,1,0,0.33263014199999996,1,0.1,0,2,0.0,0,2,0,1,0,1,0.0,14155776,0.1
7,23,20,8,12,10,7.040405451000001,2,0.2,9,11,0.45,9,5,0,2,9,3,0.6428571428571429,35389440,0.8
7,24,2,1,1,0,0.49002644500000003,1,0.1,0,2,0.0,0,2,0,1,0,1,0.0,14155776,0.1
7,26,10,10,0,0,2.131317378,10,1.0,0,10,0.0,0,10,0,10,0,0,0.0,70778880,9.0
7,27,2,2,0,0,0.42112371400000004,1,0.1,0,2,0.0,0,1,0,1,0,0,0.0,7077888,0.0
7,28,28,18,10,8,7.980005532,7,0.7,11,17,0.39285714285714285,9,8,1,6,8,2,0.5294117647058824,56623104,4.8999999999999995
7,30,1,1,0,0,0.168255985,1,0.1,0,1,0.0,0,1,0,1,0,0,0.0,7077888,0.0
7,32,5,2,3,2,1.4343099149999998,4,0.4,0,5,0.0,0,5,0,2,0,3,0.0,35389440,1.6
7,33,5,3,2,0,0.841584668,3,0.3,1,4,0.2,1,3,1,1,0,2,0.25,21233664,0.6
7,34,13,5,8,0,2.7518567749999994,1,0.1,7,6,0.5384615384615384,7,2,0,1,7,1,0.7777777777777778,14155776,0.1
7,35,13,1,12,0,2.2402974199999997,8,0.8,3,10,0.23076923076923078,3,10,0,1,3,9,0.23076923076923078,70778880,7.2
7,36,1,0,1,0,0.230778992,1,0.1,0,1,0.0,0,1,0,0,0,1,0.0,7077888,0.0
7,37,5,5,0,0,0.859282822,1,0.1,0,5,0.0,0,1,0,1,0,0,0.0,7077888,0.0
7,38,1,1,0,0,0.149227098,1,0.1,0,1,0.0,0,1,0,1,0,0,0.0,7077888,0.0
7,39,8,0,8,0,1.6287996319999998,2,0.2,5,3,0.625,5,3,0,0,5,3,0.625,21233664,0.4
7,40,13,6,7,3,4.149510757,3,0.3,4,9,0.3076923076923077,4,4,0,1,4,3,0.5,28311552,0.8999999999999999
7,41,3,1,2,0,0.549346969,2,0.2,0,3,0.0,0,3,0,1,0,2,0.0,21233664,0.4
7,43,10,4,6,2,3.0010877259999997,4,0.4,3,7,0.3,3,7,1,3,2,4,0.3,49545216,2.4000000000000004
7,44,17,10,7,0,3.1626265520000008,2,0.2,6,11,0.35294117647058826,6,2,0,1,6,1,0.75,14155776,0.2
7,46,3,0,3,0,0.413434415,1,0.1,2,1,0.6666666666666666,2,1,0,0,2,1,0.6666666666666666,7077888,0.0
7,47,9,2,7,2,2.3934798399999995,4,0.4,3,6,0.3333333333333333,3,6,0,2,3,4,0.3333333333333333,42467328,2.0
7,49,4,0,4,0,0.9791704560000001,1,0.1,3,1,0.75,3,1,0,0,3,1,0.75,7077888,0.0
7,51,4,1,3,2,1.203017279,2,0.2,1,3,0.25,1,3,0,1,1,2,0.25,21233664,0.4
7,53,2,1,1,0,0.266092643,2,0.2,0,2,0.0,0,2,0,1,0,1,0.0,14155776,0.2
7,54,17,1,16,0,2.9723346230000005,8,0.8,8,9,0.47058823529411764,8,9,1,0,7,9,0.47058823529411764,63700992,6.4
7,55,1,0,1,0,0.142054632,1,0.1,0,1,0.0,0,1,0,0,0,1,0.0,7077888,0.0
7,56,10,10,0,0,2.53899926,10,1.0,0,10,0.0,0,10,0,10,0,0,0.0,70778880,9.0
7,59,6,2,4,0,1.0397985580000002,3,0.3,2,4,0.3333333333333333,2,4,0,2,2,2,0.3333333333333333,28311552,0.8999999999999999
7,60,56,56,0,3,10.5126866568,10,1.0,0,56,0.0,0,10,0,10,0,0,0.0,70778880,9.0
7,61,7,5,2,0,1.4885886309999998,3,0.3,2,5,0.2857142857142857,2,3,1,2,1,1,0.4,21233664,0.6
7,62,4,4,0,0,0.6292984340000001,4,0.4,0,4,0.0,0,4,0,4,0,0,0.0,28311552,1.2000000000000002
7,64,1,0,1,0,0.16068083,1,0.1,0,1,0.0,0,1,0,0,0,1,0.0,7077888,0.0
7,65,2,1,1,0,0.454855279,2,0.2,1,1,0.5,1,1,1,0,0,1,0.5,7077888,0.0
7,66,22,6,16,3,4.731117189000001,7,0.7,11,11,0.5,10,9,2,1,8,8,0.5263157894736842,63700992,5.6
7,68,41,30,11,3,10.080915190399999,9,0.9,16,25,0.3902439024390244,12,7,3,5,9,2,0.631578947368421,49545216,5.4
7,69,23,11,12,14,9.013410268999998,1,0.1,12,11,0.5217391304347826,12,1,0,1,12,0,0.9230769230769231,7077888,0.0
7,70,6,6,0,1,1.2049128869999999,2,0.2,0,6,0.0,0,2,0,2,0,0,0.0,14155776,0.2
7,72,6,1,5,0,0.88049502,2,0.2,3,3,0.5,3,3,0,1,3,2,0.5,21233664,0.4
7,73,11,3,8,3,3.248714239,5,0.5,4,7,0.36363636363636365,4,6,0,2,4,4,0.4,42467328,2.5
7,74,2,2,0,0,0.409073114,2,0.2,0,2,0.0,0,2,0,2,0,0,0.0,14155776,0.2
7,75,6,1,5,0,1.113534882,2,0.2,3,3,0.5,3,3,0,1,3,2,0.5,21233664,0.4
7,76,15,7,8,3,3.662658379,3,0.3,6,9,0.4,6,4,0,2,6,2,0.6,28311552,0.8999999999999999
7,78,7,4,3,0,1.091929571,1,0.1,2,5,0.2857142857142857,2,2,0,1,2,1,0.5,14155776,0.1
7,80,20,12,8,5,5.386592459999999,5,0.5,12,8,0.6,5,6,2,1,3,5,0.45454545454545453,42467328,2.5
7,81,12,8,4,4,3.454009144,6,0.6,5,7,0.4166666666666667,3,7,2,4,1,3,0.3,49545216,3.5999999999999996
7,82,30,5,25,1,6.0925256270000006,4,0.4,23,7,0.7666666666666667,22,6,2,1,20,5,0.7857142857142857,42467328,2.0
7,83,1,0,1,0,0.14776659,1,0.1,0,1,0.0,0,1,0,0,0,1,0.0,7077888,0.0
7,85,5,0,5,0,0.983826458,1,0.1,3,2,0.6,3,2,0,0,3,2,0.6,14155776,0.1
7,87,15,13,2,0,2.5945747330000004,10,1.0,2,13,0.13333333333333333,2,10,1,9,1,1,0.16666666666666666,70778880,9.0
7,88,22,11,11,3,5.756561714,1,0.1,9,13,0.4090909090909091,9,3,0,1,9,2,0.75,21233664,0.2
7,89,1,1,0,0,0.103486881,1,0.1,0,1,0.0,0,1,0,1,0,0,0.0,7077888,0.0
7,90,16,2,14,0,3.507403345,2,0.2,12,4,0.75,12,4,0,2,12,2,0.75,28311552,0.6000000000000001
7,92,1,0,1,0,0.154723346,1,0.1,0,1,0.0,0,1,0,0,0,1,0.0,7077888,0.0
7,93,1,1,0,0,0.130832553,1,0.1,0,1,0.0,0,1,0,1,0,0,0.0,7077888,0.0
7,95,4,2,2,0,0.645387649,2,0.2,1,3,0.25,1,2,0,1,1,1,0.3333333333333333,14155776,0.2
7,96,17,3,14,2,3.8213503360000005,5,0.5,8,9,0.47058823529411764,8,8,0,2,8,6,0.5,56623104,3.5
7,97,2,1,1,0,0.33992864199999995,1,0.1,0,2,0.0,0,2,0,1,0,1,0.0,14155776,0.1
7,99,11,6,5,0,2.5049471260000002,4,0.4,2,9,0.18181818181818182,2,6,0,3,2,3,0.25,42467328,2.0
7,100,94,89,5,15,22.6989346882,10,1.0,27,67,0.2872340425531915,6,9,3,7,3,2,0.4,63700992,8.0
7,101,1,1,0,0,0.1272071,1,0.1,0,1,0.0,0,1,0,1,0,0,0.0,7077888,0.0
7,102,3,3,0,0,0.5082253809999999,1,0.1,0,3,0.0,0,1,0,1,0,0,0.0,7077888,0.0
7,103,8,6,2,3,2.542868197,2,0.2,1,7,0.125,1,3,0,2,1,1,0.25,21233664,0.4
7,105,310,186,124,55,82.80859570110002,10,1.0,298,12,0.9612903225806452,133,1,9,1,124,0,0.9925373134328358,7077888,0.0
7,106,12,9,3,3,3.241866858,2,0.2,2,10,0.16666666666666666,2,3,0,2,2,1,0.4,21233664,0.4
7,107,4,0,4,0,0.650125563,1,0.1,3,1,0.75,3,1,0,0,3,1,0.75,7077888,0.0
7,110,37,29,8,2,6.9631233356000015,10,1.0,20,17,0.5405405405405406,9,8,4,5,5,3,0.5294117647058824,56623104,7.0
7,111,2,2,0,0,0.261662483,2,0.2,0,2,0.0,0,2,0,2,0,0,0.0,14155776,0.2
7,112,3,2,1,0,0.466781035,2,0.2,0,3,0.0,0,2,0,1,0,1,0.0,14155776,0.2
7,114,14,7,7,4,3.8797639769999996,2,0.2,4,10,0.2857142857142857,4,5,0,2,4,3,0.4444444444444444,35389440,0.8
7,115,17,11,6,2,3.9669152649999995,10,1.0,6,11,0.35294117647058826,6,10,4,6,2,4,0.375,70778880,9.0
7,121,3,1,2,0,0.509317428,2,0.2,0,3,0.0,0,3,0,1,0,2,0.0,21233664,0.4
7,122,42,25,17,1,7.775104969999999,10,1.0,28,14,0.6666666666666666,17,10,2,8,15,2,0.6296296296296297,70778880,9.0
7,125,1,0,1,0,0.280988157,1,0.1,0,1,0.0,0,1,0,0,0,1,0.0,7077888,0.0
7,128,10,4,6,3,2.770098283,2,0.2,5,5,0.5,5,2,0,1,5,1,0.7142857142857143,14155776,0.2
7,129,1,1,0,0,0.0801358446,1,0.1,0,1,0.0,0,1,0,1,0,0,0.0,7077888,0.0
7,130,4,0,4,0,0.672530442,1,0.1,3,1,0.75,3,1,0,0,3,1,0.75,7077888,0.0
7,131,16,6,10,0,3.4370957000000004,1,0.1,9,7,0.5625,9,2,0,1,9,1,0.8181818181818182,14155776,0.1
7,132,3,1,2,0,0.508036166,1,0.1,0,3,0.0,0,3,0,1,0,2,0.0,21233664,0.2
7,133,17,7,10,0,3.475881546,4,0.4,10,7,0.5882352941176471,9,5,1,3,8,2,0.6428571428571429,35389440,1.6
7,134,1,1,0,0,0.147933021,1,0.1,0,1,0.0,0,1,0,1,0,0,0.0,7077888,0.0
7,135,66,15,51,6,16.1820098756,10,1.0,57,9,0.8636363636363636,53,8,7,3,46,5,0.8688524590163934,56623104,7.0
7,136,1,0,1,0,0.216809243,1,0.1,0,1,0.0,0,1,0,0,0,1,0.0,7077888,0.0
7,138,19,6,13,1,4.325947121,3,0.3,11,8,0.5789473684210527,11,4,1,1,10,3,0.7333333333333333,28311552,0.8999999999999999
7,139,8,5,3,2,2.1129816179999996,4,0.4,1,7,0.125,1,6,0,4,1,2,0.14285714285714285,42467328,2.0
7,140,85,21,64,26,23.172368175299997,10,1.0,77,8,0.9058823529411765,70,3,8,1,62,2,0.958904109589041,21233664,2.0
7,141,181,142,39,80,62.01652946700001,10,1.0,147,34,0.8121546961325967,43,6,8,2,35,4,0.8775510204081632,42467328,5.0
7,142,11,10,1,0,2.2370911893,10,1.0,0,11,0.0,0,11,0,10,0,1,0.0,77856768,10.0
7,144,1,0,1,0,0.164080054,1,0.1,0,1,0.0,0,1,0,0,0,1,0.0,7077888,0.0
7,145,4,4,0,0,0.738860905,3,0.3,0,4,0.0,0,3,0,3,0,0,0.0,21233664,0.6
7,146,1,1,0,0,0.162084132,1,0.1,0,1,0.0,0,1,0,1,0,0,0.0,7077888,0.0
7,147,4,3,1,0,0.551070921,3,0.3,0,4,0.0,0,4,0,3,0,1,0.0,28311552,0.8999999999999999
7,151,4,0,4,0,0.975178868,2,0.2,1,3,0.25,1,3,0,0,1,3,0.25,21233664,0.4
7,152,19,13,6,0,2.8788428817,9,0.9,5,14,0.2631578947368421,5,10,2,7,3,3,0.3333333333333333,70778880,8.1
7,153,14,4,10,7,4.672021731,4,0.4,7,7,0.5,7,5,0,2,7,3,0.5833333333333334,35389440,1.6
7,155,9,2,7,2,2.765110255,2,0.2,6,3,0.6666666666666666,6,2,0,1,6,1,0.75,14155776,0.2
7,156,1,0,1,0,0.10412176,1,0.1,0,1,0.0,0,1,0,0,0,1,0.0,7077888,0.0
7,157,12,4,8,3,3.492299258,6,0.6,4,8,0.3333333333333333,4,7,0,3,4,4,0.36363636363636365,49545216,3.5999999999999996
7,158,2,0,2,0,0.345616073,1,0.1,1,1,0.5,1,1,0,0,1,1,0.5,7077888,0.0
7,161,1,0,1,0,0.121380217,1,0.1,0,1,0.0,0,1,0,0,0,1,0.0,7077888,0.0
7,164,1,1,0,0,0.178886145,1,0.1,0,1,0.0,0,1,0,1,0,0,0.0,7077888,0.0
7,165,5,1,4,0,0.738179863,4,0.4,2,3,0.4,2,3,1,0,1,3,0.4,21233664,0.8
7,166,8,4,4,1,1.646740614,3,0.3,2,6,0.25,2,5,0,3,2,2,0.2857142857142857,35389440,1.2
7,168,17,11,6,4,4.936882508999999,5,0.5,6,11,0.35294117647058826,4,7,1,4,3,3,0.36363636363636365,49545216,3.0
7,169,12,11,1,0,2.5287245940000003,10,1.0,0,12,0.0,0,11,0,10,0,1,0.0,77856768,10.0
7,170,1,1,0,0,0.187893867,1,0.1,0,1,0.0,0,1,0,1,0,0,0.0,7077888,0.0
7,172,5,3,2,3,1.629330844,2,0.2,1,4,0.2,1,3,0,2,1,1,0.25,21233664,0.4
7,174,30,20,10,4,8.170639368,9,0.9,6,24,0.2,5,14,1,8,4,6,0.2631578947368421,99090432,11.700000000000001
7,175,18,7,11,4,4.960924403999999,2,0.2,9,9,0.5,9,4,0,2,9,2,0.6923076923076923,28311552,0.6000000000000001
7,176,3,3,0,0,0.542253151,2,0.2,0,3,0.0,0,2,0,2,0,0,0.0,14155776,0.2
7,177,83,60,23,13,21.9271916132,6,0.6,56,27,0.6746987951807228,24,5,3,3,21,2,0.8275862068965517,35389440,2.4
7,179,1,0,1,0,0.116489075,1,0.1,0,1,0.0,0,1,0,0,0,1,0.0,7077888,0.0
7,180,88,74,14,2,16.173032101,10,1.0,49,39,0.5568181818181818,15,9,3,7,12,2,0.625,63700992,8.0
7,181,3,2,1,0,0.520674467,1,0.1,0,3,0.0,0,2,0,1,0,1,0.0,14155776,0.1
7,182,8,4,4,2,2.4350964729999998,5,0.5,0,8,0.0,0,7,0,3,0,4,0.0,49545216,3.0
7,183,7,3,4,0,1.297162086,2,0.2,2,5,0.2857142857142857,2,3,0,1,2,2,0.4,21233664,0.4
7,184,46,26,20,0,8.9541014038,7,0.7,24,22,0.5217391304347826,19,8,1,6,18,2,0.7037037037037037,56623104,4.8999999999999995
7,185,5,0,5,1,1.2407392710000003,3,0.3,2,3,0.4,2,3,0,0,2,3,0.4,21233664,0.6
7,186,12,3,9,0,2.3144472969999996,4,0.4,6,6,0.5,6,5,0,2,6,3,0.5454545454545454,35389440,1.6
7,188,10,10,0,0,2.057008207,10,1.0,0,10,0.0,0,10,0,10,0,0,0.0,70778880,9.0
7,189,12,11,1,2,3.393709585,3,0.3,0,12,0.0,0,4,0,3,0,1,0.0,28311552,0.8999999999999999
7,191,19,13,6,1,3.7753931299999994,5,0.5,6,13,0.3157894736842105,6,5,0,5,6,0,0.5454545454545454,35389440,2.0
7,192,5,4,1,2,2.187477319,2,0.2,0,5,0.0,0,2,0,1,0,1,0.0,14155776,0.2
7,193,1,0,1,0,0.127849862,1,0.1,0,1,0.0,0,1,0,0,0,1,0.0,7077888,0.0
7,194,17,12,5,4,4.596847133,7,0.7,3,14,0.17647058823529413,3,7,1,4,2,3,0.3,49545216,4.199999999999999
7,195,1,1,0,0,0.183121324,1,0.1,0,1,0.0,0,1,0,1,0,0,0.0,7077888,0.0
7,196,12,6,6,3,3.0795375710000004,6,0.6,3,9,0.25,3,7,0,4,3,3,0.3,49545216,3.5999999999999996
7,197,1,0,1,0,0.210751444,1,0.1,0,1,0.0,0,1,0,0,0,1,0.0,7077888,0.0
7,198,2,1,1,0,0.266846582,2,0.2,0,2,0.0,0,2,0,1,0,1,0.0,14155776,0.2
7,199,3,3,0,0,0.43194619500000003,2,0.2,0,3,0.0,0,2,0,2,0,0,0.0,14155776,0.2
7,200,1,0,1,0,0.183915645,1,0.1,0,1,0.0,0,1,0,0,0,1,0.0,7077888,0.0
7,201,42,24,18,16,13.307962117000002,5,0.5,32,10,0.7619047619047619,19,4,2,3,17,1,0.8260869565217391,28311552,1.5
7,202,2,0,2,0,0.3880032,2,0.2,0,2,0.0,0,2,0,0,0,2,0.0,14155776,0.2
7,204,11,4,7,2,2.853003978,3,0.3,5,6,0.45454545454545453,5,4,0,2,5,2,0.5555555555555556,28311552,0.8999999999999999
7,205,1,1,0,0,0.144997448,1,0.1,0,1,0.0,0,1,0,1,0,0,0.0,7077888,0.0
7,206,2,2,0,0,0.479611099,1,0.1,0,2,0.0,0,1,0,1,0,0,0.0,7077888,0.0
7,207,39,16,23,5,9.773900138999998,5,0.5,20,19,0.5128205128205128,19,9,2,3,17,6,0.6785714285714286,63700992,4.0
7,209,16,13,3,1,2.605521254,10,1.0,2,14,0.125,2,11,2,8,0,3,0.15384615384615385,77856768,10.0
7,210,1,0,1,0,0.166690215,1,0.1,0,1,0.0,0,1,0,0,0,1,0.0,7077888,0.0
7,211,1,1,0,0,0.14387691,1,0.1,0,1,0.0,0,1,0,1,0,0,0.0,7077888,0.0
7,212,48,37,11,4,10.4174161,10,1.0,13,35,0.2708333333333333,11,10,1,9,10,1,0.5238095238095238,70778880,9.0
7,214,1,1,0,0,0.143690795,1,0.1,0,1,0.0,0,1,0,1,0,0,0.0,7077888,0.0
7,215,4,1,3,0,0.6601648769999999,2,0.2,2,2,0.5,2,2,0,1,2,1,0.5,14155776,0.2
7,216,1,1,0,0,0.192870945,1,0.1,0,1,0.0,0,1,0,1,0,0,0.0,7077888,0.0
7,217,26,3,23,0,4.979321286,3,0.3,20,6,0.7692307692307693,20,4,0,1,20,3,0.8333333333333334,28311552,0.8999999999999999
7,221,1,0,1,0,0.149729937,1,0.1,0,1,0.0,0,1,0,0,0,1,0.0,7077888,0.0
7,223,1,1,0,0,0.13490732,1,0.1,0,1,0.0,0,1,0,1,0,0,0.0,7077888,0.0
7,224,4,1,3,0,0.738905817,2,0.2,1,3,0.25,1,3,0,1,1,2,0.25,21233664,0.4
7,225,1,1,0,0,0.196245342,1,0.1,0,1,0.0,0,1,0,1,0,0,0.0,7077888,0.0
7,227,2,1,1,0,0.395364553,1,0.1,0,2,0.0,0,2,0,1,0,1,0.0,14155776,0.1
7,229,1,0,1,0,0.170436174,1,0.1,0,1,0.0,0,1,0,0,0,1,0.0,7077888,0.0
7,232,59,57,2,11,14.331989455000004,10,1.0,4,55,0.06779661016949153,3,9,3,7,0,2,0.25,63700992,8.0
7,233,121,94,27,3,30.330854835999993,10,1.0,74,47,0.6115702479338843,29,8,6,4,23,4,0.7837837837837838,56623104,7.0
7,234,1,0,1,0,0.161490411,1,0.1,0,1,0.0,0,1,0,0,0,1,0.0,7077888,0.0
7,235,5,2,3,1,1.072104126,1,0.1,1,4,0.2,1,3,0,1,1,2,0.25,21233664,0.2
7,237,3,1,2,0,0.6826198099999999,2,0.2,0,3,0.0,0,3,0,1,0,2,0.0,21233664,0.4
7,238,56,31,25,25,19.799710333000004,4,0.4,25,31,0.44642857142857145,25,4,0,4,25,0,0.8620689655172413,28311552,1.2000000000000002
7,239,10,4,6,0,2.062280446,3,0.3,3,7,0.3,3,5,0,2,3,3,0.375,35389440,1.2
7,240,1,0,1,0,0.14396292,1,0.1,0,1,0.0,0,1,0,0,0,1,0.0,7077888,0.0
7,241,1,0,1,0,0.14069511,1,0.1,0,1,0.0,0,1,0,0,0,1,0.0,7077888,0.0
7,243,14,6,8,5,4.543945551,3,0.3,7,7,0.5,7,3,0,2,7,1,0.7,21233664,0.6
7,244,12,3,9,0,2.156664357,3,0.3,4,8,0.3333333333333333,4,7,0,2,4,5,0.36363636363636365,49545216,1.7999999999999998
7,245,35,23,12,17,12.171871540999996,3,0.3,26,9,0.7428571428571429,12,3,2,1,10,2,0.8,21233664,0.6
7,246,14,7,7,7,4.814740373999999,1,0.1,6,8,0.42857142857142855,6,2,0,1,6,1,0.75,14155776,0.1
7,247,1,0,1,0,0.180795774,1,0.1,0,1,0.0,0,1,0,0,0,1,0.0,7077888,0.0
7,248,12,8,4,6,3.904077023,6,0.6,0,12,0.0,0,8,0,4,0,4,0.0,56623104,4.2
7,249,1,0,1,0,0.217626691,1,0.1,0,1,0.0,0,1,0,0,0,1,0.0,7077888,0.0
7,250,7,4,3,0,1.209691523,2,0.2,2,5,0.2857142857142857,2,3,0,2,2,1,0.4,21233664,0.4
7,251,1,1,0,0,0.192721844,1,0.1,0,1,0.0,0,1,0,1,0,0,0.0,7077888,0.0
7,252,3,2,1,0,0.592103288,1,0.1,0,3,0.0,0,2,0,1,0,1,0.0,14155776,0.1
7,253,6,1,5,0,1.2242789280000002,5,0.5,0,6,0.0,0,6,0,1,0,5,0.0,42467328,2.5
7,254,8,4,4,0,1.644308567,4,0.4,4,4,0.5,2,4,1,1,1,3,0.3333333333333333,28311552,1.2000000000000002
8,0,3,3,0,1,0.894109934,3,0.3,0,3,0.0,0,3,0,3,0,0,0.0,21233664,0.6
8,1,3,1,2,0,0.573974445,2,0.2,0,3,0.0,0,3,0,1,0,2,0.0,21233664,0.4
8,2,8,6,2,1,1.6710403860000003,3,0.3,1,7,0.125,1,4,1,2,0,2,0.2,28311552,0.8999999999999999
8,4,11,10,1,0,0.28786732060000003,10,1.0,0,11,0.0,0,11,0,10,0,1,0.0,77856768,10.0
8,5,5,2,3,0,0.739122905,1,0.1,2,3,0.4,2,2,0,1,2,1,0.5,14155776,0.1
8,6,17,11,6,1,3.8449527630000007,3,0.3,3,14,0.17647058823529413,3,6,0,3,3,3,0.3333333333333333,42467328,1.5
8,7,4,4,0,0,0.6802088770000001,1,0.1,0,4,0.0,0,1,0,1,0,0,0.0,7077888,0.0
8,9,20,14,6,13,7.312363371,1,0.1,6,14,0.3,6,1,0,1,6,0,0.8571428571428571,7077888,0.0
8,10,8,4,4,1,1.5887675739999998,3,0.3,1,7,0.125,1,5,0,2,1,3,0.16666666666666666,35389440,1.2
8,11,6,2,4,0,0.886437357,3,0.3,2,4,0.3333333333333333,2,3,0,1,2,2,0.4,21233664,0.6
8,12,10,6,4,4,3.3746152369999995,4,0.4,2,8,0.2,2,6,1,3,1,3,0.25,42467328,2.0
8,13,10,6,4,2,2.444804177,5,0.5,1,9,0.1,1,7,0,4,1,3,0.125,49545216,3.0
8,14,1,1,0,0,0.178289935,1,0.1,0,1,0.0,0,1,0,1,0,0,0.0,7077888,0.0
8,15,13,7,6,0,1.9976202170000001,4,0.4,4,9,0.3076923076923077,4,5,0,3,4,2,0.4444444444444444,35389440,1.6
8,16,16,9,7,1,2.47188703,4,0.4,5,11,0.3125,5,5,1,2,4,3,0.5,35389440,1.6
8,17,12,8,4,2,3.157103866,6,0.6,2,10,0.16666666666666666,2,7,0,5,2,2,0.2222222222222222,49545216,3.5999999999999996
8,18,5,0,5,0,0.5553273712,2,0.2,1,4,0.2,1,4,0,0,1,4,0.2,28311552,0.6000000000000001
8,20,84,84,0,22,31.92691031620001,10,1.0,0,84,0.0,0,10,0,10,0,0,0.0,70778880,9.0
8,21,6,1,5,0,1.0928262020000001,2,0.2,3,3,0.5,3,3,0,1,3,2,0.5,21233664,0.4
8,22,10,10,0,0,0.1807835419,10,1.0,0,10,0.0,0,10,0,10,0,0,0.0,70778880,9.0
8,23,2,2,0,0,0.259365521,2,0.2,0,2,0.0,0,2,0,2,0,0,0.0,14155776,0.2
8,24,3,1,2,0,0.55238767,2,0.2,0,3,0.0,0,3,0,1,0,2,0.0,21233664,0.4
8,25,14,14,0,0,2.225234836,3,0.3,0,14,0.0,0,3,0,3,0,0,0.0,21233664,0.6
8,26,3,2,1,0,0.4172412232,2,0.2,0,3,0.0,0,3,0,2,0,1,0.0,21233664,0.4
8,28,134,96,38,29,38.896644411400004,10,1.0,90,44,0.6716417910447762,42,6,6,4,36,2,0.875,42467328,5.0
8,29,1,1,0,0,0.167835787,1,0.1,0,1,0.0,0,1,0,1,0,0,0.0,7077888,0.0
8,30,4,4,0,0,0.530777364,2,0.2,0,4,0.0,0,2,0,2,0,0,0.0,14155776,0.2
8,31,2,0,2,0,0.288339734,1,0.1,1,1,0.5,1,1,0,0,1,1,0.5,7077888,0.0
8,32,30,8,22,6,7.8827484748000005,4,0.4,21,9,0.7,20,5,1,2,19,3,0.8,35389440,1.6
8,33,20,9,11,2,5.338326186000001,1,0.1,10,10,0.5,10,2,0,1,10,1,0.8333333333333334,14155776,0.1
8,34,1,1,0,1,0.401191831,1,0.1,0,1,0.0,0,1,0,1,0,0,0.0,7077888,0.0
8,35,10,9,1,0,2.3966109159999998,7,0.7,2,8,0.2,1,7,1,6,0,1,0.125,49545216,4.199999999999999
8,37,5,2,3,0,0.7020318293999999,2,0.2,2,3,0.4,2,3,0,2,2,1,0.4,21233664,0.4
8,38,2,0,2,0,0.232825204,2,0.2,0,2,0.0,0,2,0,0,0,2,0.0,14155776,0.2
8,39,74,48,26,17,20.2815895748,10,1.0,35,39,0.47297297297297297,25,11,4,6,21,5,0.6944444444444444,77856768,10.0
8,41,1,1,0,0,0.0955318511,1,0.1,0,1,0.0,0,1,0,1,0,0,0.0,7077888,0.0
8,42,6,6,0,3,1.6865738639999999,3,0.3,0,6,0.0,0,3,0,3,0,0,0.0,21233664,0.6
8,43,1,1,0,0,0.148856223,1,0.1,0,1,0.0,0,1,0,1,0,0,0.0,7077888,0.0
8,45,4,1,3,0,0.6585875299999999,2,0.2,1,3,0.25,1,3,0,1,1,2,0.25,21233664,0.4
8,47,6,3,3,0,1.264307932,3,0.3,1,5,0.16666666666666666,1,5,0,3,1,2,0.16666666666666666,35389440,1.2
8,48,22,6,16,0,4.344570785,2,0.2,14,8,0.6363636363636364,14,3,0,1,14,2,0.8235294117647058,21233664,0.4
8,50,13,7,6,0,2.2108628822000003,3,0.3,3,10,0.23076923076923078,3,6,0,3,3,3,0.3333333333333333,42467328,1.5
8,51,7,5,2,0,1.2422322339999998,3,0.3,0,7,0.0,0,4,0,2,0,2,0.0,28311552,0.8999999999999999
8,52,1,1,0,0,0.113676101,1,0.1,0,1,0.0,0,1,0,1,0,0,0.0,7077888,0.0
8,53,157,81,76,43,44.2355935318,9,0.9,135,22,0.8598726114649682,80,4,6,2,74,2,0.9523809523809523,28311552,2.7
8,55,5,5,0,0,0.80996123,3,0.3,0,5,0.0,0,3,0,3,0,0,0.0,21233664,0.6
8,56,8,3,5,0,1.556871055,4,0.4,2,6,0.25,2,5,1,1,1,4,0.2857142857142857,35389440,1.6
8,57,2,0,2,0,0.393407614,1,0.1,1,1,0.5,1,1,0,0,1,1,0.5,7077888,0.0
8,58,1,1,0,1,0.274637043,1,0.1,0,1,0.0,0,1,0,1,0,0,0.0,7077888,0.0
8,60,2,2,0,0,0.364961759,1,0.1,0,2,0.0,0,1,0,1,0,0,0.0,7077888,0.0
8,61,1,1,0,0,0.190881684,1,0.1,0,1,0.0,0,1,0,1,0,0,0.0,7077888,0.0
8,62,2,1,1,0,0.346999913,1,0.1,0,2,0.0,0,2,0,1,0,1,0.0,14155776,0.1
8,63,3,1,2,0,0.372763969,1,0.1,1,2,0.3333333333333333,1,2,0,1,1,1,0.3333333333333333,14155776,0.1
8,64,2,2,0,0,0.331858545,2,0.2,0,2,0.0,0,2,0,2,0,0,0.0,14155776,0.2
8,65,2,1,1,0,0.47819083900000003,1,0.1,0,2,0.0,0,2,0,1,0,1,0.0,14155776,0.1
8,66,2,1,1,0,0.280733809,1,0.1,0,2,0.0,0,2,0,1,0,1,0.0,14155776,0.1
8,67,17,11,6,0,4.013692409,10,1.0,6,11,0.35294117647058826,6,10,6,4,0,6,0.375,70778880,9.0
8,68,41,22,19,7,11.132648916,3,0.3,30,11,0.7317073170731707,20,2,2,1,18,1,0.9090909090909091,14155776,0.3
8,70,6,4,2,0,0.9229529649999999,1,0.1,1,5,0.16666666666666666,1,2,0,1,1,1,0.3333333333333333,14155776,0.1
8,71,16,8,8,4,4.9395070059999995,4,0.4,8,8,0.5,7,5,2,2,5,3,0.5833333333333334,35389440,1.6
8,73,12,6,6,6,3.877022416,2,0.2,3,9,0.25,3,5,0,2,3,3,0.375,35389440,0.8
8,74,4,2,2,0,0.5961193300000001,4,0.4,0,4,0.0,0,4,0,2,0,2,0.0,28311552,1.2000000000000002
8,75,4,2,2,0,0.5362009999,2,0.2,1,3,0.25,1,2,0,1,1,1,0.3333333333333333,14155776,0.2
8,76,12,12,0,0,0.37910203269999987,10,1.0,0,12,0.0,0,10,0,10,0,0,0.0,70778880,9.0
8,77,2,2,0,0,0.220488407,2,0.2,0,2,0.0,0,2,0,2,0,0,0.0,14155776,0.2
8,78,15,7,8,3,3.618651114,3,0.3,5,10,0.3333333333333333,5,6,0,3,5,3,0.45454545454545453,42467328,1.5
8,79,1,1,0,0,0.198804572,1,0.1,0,1,0.0,0,1,0,1,0,0,0.0,7077888,0.0
8,80,2,1,1,0,0.406233191,2,0.2,0,2,0.0,0,2,0,1,0,1,0.0,14155776,0.2
8,81,12,8,4,8,4.235431194,5,0.5,2,10,0.16666666666666666,2,7,1,4,1,3,0.2222222222222222,49545216,3.0
8,82,18,14,4,3,4.432446001,5,0.5,3,15,0.16666666666666666,3,6,1,4,2,2,0.3333333333333333,42467328,2.5
8,83,3,3,0,0,0.393695727,2,0.2,0,3,0.0,0,2,0,2,0,0,0.0,14155776,0.2
8,84,93,88,5,5,20.829076272000002,10,1.0,16,77,0.17204301075268819,5,10,2,8,3,2,0.3333333333333333,70778880,9.0
8,85,18,8,10,3,4.930163206,5,0.5,7,11,0.3888888888888889,5,9,1,3,4,6,0.35714285714285715,63700992,4.0
8,86,1,0,1,0,0.188054711,1,0.1,0,1,0.0,0,1,0,0,0,1,0.0,7077888,0.0
8,90,10,10,0,0,1.2012765179999998,10,1.0,0,10,0.0,0,10,0,10,0,0,0.0,70778880,9.0
8,92,1,1,0,0,0.117224455,1,0.1,0,1,0.0,0,1,0,1,0,0,0.0,7077888,0.0
8,93,1,1,0,0,0.141511559,1,0.1,0,1,0.0,0,1,0,1,0,0,0.0,7077888,0.0
8,94,2,1,1,0,0.343694255,1,0.1,0,2,0.0,0,2,0,1,0,1,0.0,14155776,0.1
8,95,1,0,1,0,0.136277199,1,0.1,0,1,0.0,0,1,0,0,0,1,0.0,7077888,0.0
8,96,10,6,4,3,2.489025443,1,0.1,3,7,0.3,3,2,0,1,3,1,0.6,14155776,0.1
8,97,7,4,3,1,1.16932927,4,0.4,1,6,0.14285714285714285,1,6,1,3,0,3,0.14285714285714285,42467328,2.0
8,98,39,19,20,12,13.506836728000001,3,0.3,20,19,0.5128205128205128,20,3,0,3,20,0,0.8695652173913043,21233664,0.6
8,99,3,0,3,0,0.70324935,1,0.1,2,1,0.6666666666666666,2,1,0,0,2,1,0.6666666666666666,7077888,0.0
8,101,2,1,1,0,0.287071876,1,0.1,0,2,0.0,0,2,0,1,0,1,0.0,14155776,0.1
8,102,10,10,0,0,1.0745183374,10,1.0,0,10,0.0,0,10,0,10,0,0,0.0,70778880,9.0
8,103,16,8,8,5,4.4664174307,6,0.6,3,13,0.1875,3,9,0,4,3,5,0.25,63700992,4.8
8,104,16,16,0,1,3.305354923,5,0.5,0,16,0.0,0,5,0,5,0,0,0.0,35389440,2.0
8,105,1,0,1,0,0.156256542,1,0.1,0,1,0.0,0,1,0,0,0,1,0.0,7077888,0.0
8,106,2,2,0,0,0.372983709,2,0.2,0,2,0.0,0,2,0,2,0,0,0.0,14155776,0.2
8,109,47,24,23,2,9.486702451699998,10,1.0,36,11,0.7659574468085106,23,10,6,4,17,6,0.696969696969697,70778880,9.0
8,110,20,11,9,6,5.313479409000001,5,0.5,7,13,0.35,7,7,0,5,7,2,0.5,49545216,3.0
8,111,3,3,0,0,0.628035411,3,0.3,0,3,0.0,0,3,0,3,0,0,0.0,21233664,0.6
8,113,1,1,0,0,0.148925304,1,0.1,0,1,0.0,0,1,0,1,0,0,0.0,7077888,0.0
8,114,23,11,12,10,7.808367402,3,0.3,8,15,0.34782608695652173,8,7,0,3,8,4,0.5333333333333333,49545216,1.7999999999999998
8,115,135,65,70,37,39.50720698369998,10,1.0,127,8,0.9407407407407408,78,2,9,1,69,1,0.975,14155776,1.0
8,116,11,5,6,1,2.6268688732,2,0.2,3,8,0.2727272727272727,3,4,0,1,3,3,0.42857142857142855,28311552,0.6000000000000001
8,118,5,2,3,0,0.5860635786999999,1,0.1,3,2,0.6,3,1,0,1,3,0,0.75,7077888,0.0
8,119,5,3,2,0,0.7078356149999999,2,0.2,1,4,0.2,1,2,0,1,1,1,0.3333333333333333,14155776,0.2
8,120,1,1,0,0,0.26431185,1,0.1,0,1,0.0,0,1,0,1,0,0,0.0,7077888,0.0
8,121,16,5,11,1,3.8945696720000003,2,0.2,9,7,0.5625,9,4,0,2,9,2,0.6923076923076923,28311552,0.6000000000000001
8,124,7,3,4,0,0.9950573079999999,1,0.1,3,4,0.42857142857142855,3,2,0,1,3,1,0.6,14155776,0.1
8,125,2,2,0,0,0.313391611,2,0.2,0,2,0.0,0,2,0,2,0,0,0.0,14155776,0.2
8,126,15,10,5,3,4.0942188796,5,0.5,2,13,0.13333333333333333,2,7,0,4,2,3,0.2222222222222222,49545216,3.0
8,127,1,0,1,0,0.0680275857,1,0.1,0,1,0.0,0,1,0,0,0,1,0.0,7077888,0.0
8,128,3,3,0,0,0.438151748,2,0.2,0,3,0.0,0,2,0,2,0,0,0.0,14155776,0.2
8,129,8,4,4,0,1.636462912,2,0.2,7,1,0.875,4,1,1,0,3,1,0.8,7077888,0.0
8,130,6,2,4,0,0.7840138230999999,4,0.4,1,5,0.16666666666666666,1,5,1,1,0,4,0.16666666666666666,35389440,1.6
8,131,59,54,5,14,14.564844184000009,10,1.0,7,52,0.11864406779661017,4,11,1,9,3,2,0.26666666666666666,77856768,10.0
8,132,3,2,1,0,0.466795549,3,0.3,0,3,0.0,0,3,0,2,0,1,0.0,21233664,0.6
8,133,1,0,1,0,0.168065414,1,0.1,0,1,0.0,0,1,0,0,0,1,0.0,7077888,0.0
8,134,14,6,8,0,3.1384868318000008,6,0.6,3,11,0.21428571428571427,3,9,0,4,3,5,0.25,63700992,4.8
8,135,32,21,11,3,6.0311500647,10,1.0,12,20,0.375,10,11,3,7,7,4,0.47619047619047616,77856768,10.0
8,136,1,0,1,0,0.140669823,1,0.1,0,1,0.0,0,1,0,0,0,1,0.0,7077888,0.0
8,137,4,3,1,0,0.5024528206,2,0.2,0,4,0.0,0,3,0,2,0,1,0.0,21233664,0.4
8,138,1,0,1,0,0.161825508,1,0.1,0,1,0.0,0,1,0,0,0,1,0.0,7077888,0.0
8,140,1,0,1,0,0.220773548,1,0.1,0,1,0.0,0,1,0,0,0,1,0.0,7077888,0.0
8,141,4,3,1,0,0.83518231,4,0.4,0,4,0.0,0,4,0,3,0,1,0.0,28311552,1.2000000000000002
8,143,12,6,6,2,2.8446387659999997,4,0.4,3,9,0.25,3,6,0,3,3,3,0.3333333333333333,42467328,2.0
8,145,29,12,17,2,6.68290478,4,0.4,18,11,0.6206896551724138,15,6,1,3,14,3,0.7142857142857143,42467328,2.0
8,146,14,2,12,0,2.28140648,5,0.5,7,7,0.5,7,6,0,1,7,5,0.5384615384615384,42467328,2.5
8,150,6,3,3,0,1.102947855,2,0.2,1,5,0.16666666666666666,1,4,0,2,1,2,0.2,28311552,0.6000000000000001
8,152,4,2,2,0,0.5574919729000001,3,0.3,0,4,0.0,0,4,0,2,0,2,0.0,28311552,0.8999999999999999
8,153,1,0,1,0,0.146591097,1,0.1,0,1,0.0,0,1,0,0,0,1,0.0,7077888,0.0
8,155,16,6,10,3,3.957922384999999,2,0.2,9,7,0.5625,9,3,0,2,9,1,0.75,21233664,0.4
8,156,1,0,1,0,0.107990578,1,0.1,0,1,0.0,0,1,0,0,0,1,0.0,7077888,0.0
8,157,13,6,7,0,2.4784524506000003,9,0.9,4,9,0.3076923076923077,4,9,3,3,1,6,0.3076923076923077,63700992,7.2
8,158,1,1,0,0,0.146928534,1,0.1,0,1,0.0,0,1,0,1,0,0,0.0,7077888,0.0
8,159,18,9,9,0,3.516885243,3,0.3,14,4,0.7777777777777778,7,4,1,1,6,3,0.6363636363636364,28311552,0.8999999999999999
8,161,4,1,3,1,0.898121521,2,0.2,2,2,0.5,2,2,0,1,2,1,0.5,14155776,0.2
8,164,11,7,4,3,2.483483934,6,0.6,1,10,0.09090909090909091,1,7,0,4,1,3,0.125,49545216,3.5999999999999996
8,165,33,11,22,2,7.038914784200001,4,0.4,20,13,0.6060606060606061,20,4,0,2,20,2,0.8333333333333334,28311552,1.2000000000000002
8,166,1,1,0,0,0.115198798,1,0.1,0,1,0.0,0,1,0,1,0,0,0.0,7077888,0.0
8,168,5,3,2,0,1.3218933060000002,1,0.1,1,4,0.2,1,2,0,1,1,1,0.3333333333333333,14155776,0.1
8,169,1,0,1,0,0.260396779,1,0.1,0,1,0.0,0,1,0,0,0,1,0.0,7077888,0.0
8,170,22,16,6,11,6.571051880999999,4,0.4,4,18,0.18181818181818182,4,6,0,4,4,2,0.4,42467328,2.0
8,171,18,12,6,6,6.233641383999999,3,0.3,4,14,0.2222222222222222,4,5,0,3,4,2,0.4444444444444444,35389440,1.2
8,172,16,11,5,6,4.590107693,6,0.6,1,15,0.0625,1,9,0,5,1,4,0.1,63700992,4.8
8,173,16,5,11,2,5.182888849999999,3,0.3,11,5,0.6875,11,2,1,1,10,1,0.8461538461538461,14155776,0.3
8,174,4,3,1,0,0.651520446,2,0.2,0,4,0.0,0,3,0,2,0,1,0.0,21233664,0.4
8,175,2,2,0,0,0.377065465,2,0.2,0,2,0.0,0,2,0,2,0,0,0.0,14155776,0.2
8,176,5,3,2,2,1.488350451,3,0.3,1,4,0.2,1,4,0,3,1,1,0.2,28311552,0.8999999999999999
8,177,12,10,2,4,3.33421539,6,0.6,5,7,0.4166666666666667,2,5,1,4,1,1,0.2857142857142857,35389440,2.4
8,179,28,13,15,9,8.807435915,5,0.5,15,13,0.5357142857142857,14,6,2,3,12,3,0.7,42467328,2.5
8,180,2,2,0,0,0.302948147,1,0.1,0,2,0.0,0,1,0,1,0,0,0.0,7077888,0.0
8,181,41,35,6,0,8.384516521,6,0.6,26,15,0.6341463414634146,6,6,2,4,4,2,0.5,42467328,3.0
8,182,4,2,2,0,0.793191508,2,0.2,0,4,0.0,0,3,0,1,0,2,0.0,21233664,0.4
8,183,10,3,7,0,2.289256394,3,0.3,4,6,0.4,4,4,0,1,4,3,0.5,28311552,0.8999999999999999
8,184,4,1,3,0,0.472681053,2,0.2,1,3,0.25,1,3,0,1,1,2,0.25,21233664,0.4
8,185,1,1,0,0,0.217753127,1,0.1,0,1,0.0,0,1,0,1,0,0,0.0,7077888,0.0
8,187,1,1,0,0,0.245906055,1,0.1,0,1,0.0,0,1,0,1,0,0,0.0,7077888,0.0
8,188,3,1,2,0,0.551850379,2,0.2,1,2,0.3333333333333333,1,2,0,1,1,1,0.3333333333333333,14155776,0.2
8,189,2,1,1,0,0.258451625,2,0.2,0,2,0.0,0,2,0,1,0,1,0.0,14155776,0.2
8,190,4,0,4,0,0.576843083,1,0.1,3,1,0.75,3,1,0,0,3,1,0.75,7077888,0.0
8,192,3,0,3,1,0.6857265079999999,1,0.1,2,1,0.6666666666666666,2,1,0,0,2,1,0.6666666666666666,7077888,0.0
8,193,1,0,1,0,0.120844267,1,0.1,0,1,0.0,0,1,0,0,0,1,0.0,7077888,0.0
8,194,1,1,0,0,0.155787796,1,0.1,0,1,0.0,0,1,0,1,0,0,0.0,7077888,0.0
8,195,14,12,2,5,3.8771865950000004,7,0.7,0,14,0.0,0,9,0,7,0,2,0.0,63700992,5.6
8,196,8,6,2,0,1.53555666,5,0.5,0,8,0.0,0,6,0,4,0,2,0.0,42467328,2.5
8,197,21,21,0,0,3.8347263489,10,1.0,4,17,0.19047619047619047,1,9,1,9,0,0,0.1,63700992,8.0
8,199,4,3,1,0,0.691104546,2,0.2,0,4,0.0,0,3,0,2,0,1,0.0,21233664,0.4
8,200,182,95,87,36,59.731296274999984,10,1.0,174,8,0.9560439560439561,96,1,9,1,87,0,0.9896907216494846,7077888,0.0
8,202,11,6,5,7,3.684679418,6,0.6,0,11,0.0,0,9,0,4,0,5,0.0,63700992,4.8
8,203,7,2,5,0,1.2453608956,3,0.3,4,3,0.5714285714285714,4,3,1,1,3,2,0.5714285714285714,21233664,0.6
8,206,26,4,22,13,11.520838082000001,1,0.1,21,5,0.8076923076923077,21,2,0,1,21,1,0.9130434782608695,14155776,0.1
8,207,10,2,8,0,1.7799514969999999,1,0.1,6,4,0.6,6,3,0,1,6,2,0.6666666666666666,21233664,0.2
8,209,4,0,4,0,0.601076617,2,0.2,2,2,0.5,2,2,0,0,2,2,0.5,14155776,0.2
8,210,28,7,21,3,6.032503543,3,0.3,20,8,0.7142857142857143,20,4,1,2,19,2,0.8333333333333334,28311552,0.8999999999999999
8,211,7,2,5,3,2.0419844979999997,1,0.1,3,4,0.42857142857142855,3,3,0,1,3,2,0.5,21233664,0.2
8,212,1,0,1,0,0.197561368,1,0.1,0,1,0.0,0,1,0,0,0,1,0.0,7077888,0.0
8,213,5,0,5,0,1.3880638930000002,3,0.3,2,3,0.4,2,3,0,0,2,3,0.4,21233664,0.6
8,215,4,2,2,0,0.4658200146,1,0.1,1,3,0.25,1,2,0,1,1,1,0.3333333333333333,14155776,0.1
8,217,20,15,5,7,6.8415832230000015,8,0.8,9,11,0.45,5,7,2,5,3,2,0.4166666666666667,49545216,4.800000000000001
8,218,23,15,8,2,5.456863538,5,0.5,15,8,0.6521739130434783,5,6,2,1,3,5,0.45454545454545453,42467328,2.5
8,219,10,10,0,0,0.1519489307,10,1.0,0,10,0.0,0,10,0,10,0,0,0.0,70778880,9.0
8,220,10,6,4,7,3.9545548399999997,4,0.4,5,5,0.5,4,4,2,2,2,2,0.5,28311552,1.2000000000000002
8,221,11,8,3,0,2.1986749160000003,2,0.2,3,8,0.2727272727272727,3,2,1,1,2,1,0.6,14155776,0.2
8,223,41,13,28,9,11.321435509799997,8,0.8,26,15,0.6341463414634146,26,8,2,4,24,4,0.7647058823529411,56623104,5.6000000000000005
8,225,24,11,13,0,3.3681429988000002,10,1.0,13,11,0.5416666666666666,12,11,3,7,9,4,0.5217391304347826,77856768,10.0
8,226,63,58,5,2,14.066649493000003,9,0.9,21,42,0.3333333333333333,5,9,2,7,3,2,0.35714285714285715,63700992,7.2
8,229,3,3,0,1,1.062391356,1,0.1,0,3,0.0,0,1,0,1,0,0,0.0,7077888,0.0
8,230,12,3,9,1,2.90688914,3,0.3,6,6,0.5,6,5,1,1,5,4,0.5454545454545454,35389440,1.2
8,232,4,3,1,0,0.71566914,2,0.2,0,4,0.0,0,2,0,1,0,1,0.0,14155776,0.2
8,233,6,1,5,4,2.125591829,3,0.3,2,4,0.3333333333333333,2,4,0,1,2,3,0.3333333333333333,28311552,0.8999999999999999
8,234,3,2,1,0,0.502347619,1,0.1,0,3,0.0,0,2,0,1,0,1,0.0,14155776,0.1
8,235,36,23,13,6,9.089638025000001,6,0.6,14,22,0.3888888888888889,14,5,1,5,13,0,0.7368421052631579,35389440,2.4
8,237,3,0,3,0,0.549688741,2,0.2,1,2,0.3333333333333333,1,2,0,0,1,2,0.3333333333333333,14155776,0.2
8,238,12,10,2,0,0.4731949636000001,10,1.0,2,10,0.16666666666666666,2,10,1,9,1,1,0.16666666666666666,70778880,9.0
8,239,7,0,7,0,1.1717958730999998,1,0.1,5,2,0.7142857142857143,5,2,0,0,5,2,0.7142857142857143,14155776,0.1
8,242,6,5,1,0,1.208578616,3,0.3,0,6,0.0,0,4,0,3,0,1,0.0,28311552,0.8999999999999999
8,244,11,5,6,0,1.707050875,2,0.2,4,7,0.36363636363636365,4,3,0,1,4,2,0.5714285714285714,21233664,0.4
8,247,7,2,5,0,0.7790059295,5,0.5,2,5,0.2857142857142857,2,5,0,2,2,3,0.2857142857142857,35389440,2.0
8,248,12,5,7,0,2.1420096696,5,0.5,2,10,0.16666666666666666,2,8,1,2,1,6,0.2,56623104,3.5
8,249,9,1,8,0,1.4818236238,2,0.2,6,3,0.6666666666666666,6,3,0,1,6,2,0.6666666666666666,21233664,0.4
8,250,4,1,3,1,0.945895567,2,0.2,1,3,0.25,1,3,0,1,1,2,0.25,21233664,0.4
8,251,2,1,1,0,0.302041665,1,0.1,0,2,0.0,0,2,0,1,0,1,0.0,14155776,0.1
8,252,1,0,1,0,0.206737995,1,0.1,0,1,0.0,0,1,0,0,0,1,0.0,7077888,0.0
8,253,12,11,1,0,1.6078572476000002,10,1.0,1,11,0.08333333333333333,1,10,1,9,0,1,0.09090909090909091,70778880,9.0
8,254,2,0,2,0,0.604619623,2,0.2,0,2,0.0,0,2,0,0,0,2,0.0,14155776,0.2
8,255,6,3,3,0,1.007933006,4,0.4,0,6,0.0,0,5,0,2,0,3,0.0,35389440,1.6
9,2,20,13,7,7,6.4181676350000005,8,0.8,2,18,0.1,2,13,1,7,1,6,0.13333333333333333,92012544,9.600000000000001
9,3,10,8,2,0,1.9589044610000002,3,0.3,1,9,0.1,1,4,0,3,1,1,0.2,28311552,0.8999999999999999
9,4,10,5,5,0,2.417102873,5,0.5,1,9,0.1,1,7,0,3,1,4,0.125,49545216,3.0
9,5,20,11,9,13,9.578158766000001,1,0.1,8,12,0.4,8,2,0,1,8,1,0.8,14155776,0.1
9,9,1,1,0,0,0.211156785,1,0.1,0,1,0.0,0,1,0,1,0,0,0.0,7077888,0.0
9,10,6,2,4,0,1.142669931,3,0.3,3,3,0.5,3,3,1,1,2,2,0.5,21233664,0.6
9,11,11,11,0,0,1.4922892145999997,10,1.0,0,11,0.0,0,10,0,10,0,0,0.0,70778880,9.0
9,12,21,15,6,7,5.866920008,5,0.5,4,17,0.19047619047619047,4,7,0,5,4,2,0.36363636363636365,49545216,3.0
9,13,8,5,3,2,2.43715845,3,0.3,1,7,0.125,1,4,0,2,1,2,0.2,28311552,0.8999999999999999
9,14,10,6,4,2,2.763429091,5,0.5,1,9,0.1,1,7,0,4,1,3,0.125,49545216,3.0
9,15,16,7,9,0,4.0047076200000005,8,0.8,1,15,0.0625,1,12,1,3,0,9,0.07692307692307693,84934656,8.8
9,17,3,1,2,1,0.95450148,3,0.3,0,3,0.0,0,3,0,1,0,2,0.0,21233664,0.6
9,18,1,1,0,0,0.272019386,1,0.1,0,1,0.0,0,1,0,1,0,0,0.0,7077888,0.0
9,21,2,0,2,0,0.287300453,2,0.2,0,2,0.0,0,2,0,0,0,2,0.0,14155776,0.2
9,22,21,10,11,4,5.428302749,5,0.5,6,15,0.2857142857142857,6,8,0,3,6,5,0.42857142857142855,56623104,3.5
9,23,3,1,2,0,0.47002483899999997,2,0.2,1,2,0.3333333333333333,1,2,0,1,1,1,0.3333333333333333,14155776,0.2
9,24,11,5,6,1,2.580254925,4,0.4,2,9,0.18181818181818182,2,6,0,2,2,4,0.25,42467328,2.0
9,25,7,3,4,0,1.135392756,5,0.5,0,7,0.0,0,7,0,3,0,4,0.0,49545216,3.0
9,26,88,44,44,9,19.394768330999998,9,0.9,59,29,0.6704545454545454,41,12,4,5,37,7,0.7735849056603774,84934656,9.9
9,27,2,0,2,0,0.510328441,2,0.2,0,2,0.0,0,2,0,0,0,2,0.0,14155776,0.2
9,28,16,4,12,2,3.7813329980000003,6,0.6,10,6,0.625,9,6,2,1,7,5,0.6,42467328,3.0
9,30,2,2,0,0,0.29965038600000005,2,0.2,0,2,0.0,0,2,0,2,0,0,0.0,14155776,0.2
9,32,5,4,1,0,0.6998063480000001,2,0.2,0,5,0.0,0,3,0,2,0,1,0.0,21233664,0.4
9,33,11,4,7,0,2.094677777,2,0.2,5,6,0.45454545454545453,5,4,0,2,5,2,0.5555555555555556,28311552,0.6000000000000001
9,34,13,13,0,0,2.4971180590000004,4,0.4,0,13,0.0,0,4,0,4,0,0,0.0,28311552,1.2000000000000002
9,35,3,3,0,1,0.900646359,1,0.1,0,3,0.0,0,1,0,1,0,0,0.0,7077888,0.0
9,36,5,2,3,0,0.752997457,3,0.3,1,4,0.2,1,4,0,2,1,2,0.2,28311552,0.8999999999999999
9,37,2,2,0,1,0.554239318,2,0.2,0,2,0.0,0,2,0,2,0,0,0.0,14155776,0.2
9,38,2,2,0,0,0.418134481,2,0.2,0,2,0.0,0,2,0,2,0,0,0.0,14155776,0.2
9,40,12,11,1,0,0.4702633572000001,10,1.0,1,11,0.08333333333333333,1,10,1,9,0,1,0.09090909090909091,70778880,9.0
9,42,10,3,7,0,2.2463222149999997,2,0.2,4,6,0.4,4,4,0,1,4,3,0.5,28311552,0.6000000000000001
9,43,1,0,1,0,0.18280372,1,0.1,0,1,0.0,0,1,0,0,0,1,0.0,7077888,0.0
9,45,2,0,2,1,0.648341984,1,0.1,1,1,0.5,1,1,0,0,1,1,0.5,7077888,0.0
9,47,4,4,0,0,0.6721419175,2,0.2,0,4,0.0,0,2,0,2,0,0,0.0,14155776,0.2
9,48,9,0,9,3,2.456198141,3,0.3,6,3,0.6666666666666666,6,3,0,0,6,3,0.6666666666666666,21233664,0.6
9,49,10,9,1,0,2.3497405360000005,5,0.5,0,10,0.0,0,5,0,4,0,1,0.0,35389440,2.0
9,50,44,32,12,3,11.075550875000001,9,0.9,12,32,0.2727272727272727,12,9,1,8,11,1,0.5714285714285714,63700992,7.2
9,51,16,1,15,0,2.4467338773,8,0.8,5,11,0.3125,5,11,1,0,4,11,0.3125,77856768,8.0
9,52,17,8,9,3,4.675030671000001,6,0.6,6,11,0.35294117647058826,6,8,1,4,5,4,0.42857142857142855,56623104,4.2
9,53,12,5,7,1,2.825418546,5,0.5,3,9,0.25,3,7,1,2,2,5,0.3,49545216,3.0
9,54,1,0,1,0,0.19403556,1,0.1,0,1,0.0,0,1,0,0,0,1,0.0,7077888,0.0
9,55,36,26,10,10,9.597046954800001,6,0.6,9,27,0.25,9,7,0,6,9,1,0.5625,49545216,3.5999999999999996
9,57,85,70,15,20,20.98534942,10,1.0,36,49,0.4235294117647059,17,8,3,7,14,1,0.68,56623104,7.0
9,58,23,11,12,8,7.779218479000001,5,0.5,5,18,0.21739130434782608,5,11,0,4,5,7,0.3125,77856768,5.0
9,60,2,1,1,0,0.33929051499999996,2,0.2,0,2,0.0,0,2,0,1,0,1,0.0,14155776,0.2
9,61,2,2,0,0,0.440862254,2,0.2,0,2,0.0,0,2,0,2,0,0,0.0,14155776,0.2
9,62,2,0,2,0,0.503997952,2,0.2,0,2,0.0,0,2,0,0,0,2,0.0,14155776,0.2
9,63,1,1,0,0,0.176594481,1,0.1,0,1,0.0,0,1,0,1,0,0,0.0,7077888,0.0
9,64,27,20,7,16,10.554279102,4,0.4,7,20,0.25925925925925924,7,4,0,4,7,0,0.6363636363636364,28311552,1.2000000000000002
9,65,7,5,2,2,1.640568584,4,0.4,0,7,0.0,0,5,0,3,0,2,0.0,35389440,1.6
9,66,1,1,0,0,0.19770968,1,0.1,0,1,0.0,0,1,0,1,0,0,0.0,7077888,0.0
9,67,1,1,0,0,0.138380826,1,0.1,0,1,0.0,0,1,0,1,0,0,0.0,7077888,0.0
9,68,3,0,3,0,0.42772360099999995,3,0.3,0,3,0.0,0,3,0,0,0,3,0.0,21233664,0.6
9,69,22,16,6,8,6.883796178000001,6,0.6,5,17,0.22727272727272727,5,7,0,6,5,1,0.4166666666666667,49545216,3.5999999999999996
9,71,2,1,1,0,0.328959897,2,0.2,0,2,0.0,0,2,0,1,0,1,0.0,14155776,0.2
9,72,14,12,2,10,14.599013126999997,10,1.0,0,14,0.0,0,12,0,10,0,2,0.0,84934656,11.0
9,73,11,11,0,0,0.3710295760000001,10,1.0,0,11,0.0,0,10,0,10,0,0,0.0,70778880,9.0
9,75,12,11,1,0,1.9588806260999998,7,0.7,3,9,0.25,1,6,1,5,0,1,0.14285714285714285,42467328,3.5
9,76,2,0,2,0,0.327686235,2,0.2,0,2,0.0,0,2,0,0,0,2,0.0,14155776,0.2
9,78,6,4,2,0,1.2513797279999999,1,0.1,0,6,0.0,0,3,0,1,0,2,0.0,21233664,0.2
9,79,5,2,3,0,1.087669625,4,0.4,0,5,0.0,0,4,0,1,0,3,0.0,28311552,1.2000000000000002
9,80,47,3,44,8,13.052907199,9,0.9,37,10,0.7872340425531915,37,10,1,2,36,8,0.7872340425531915,70778880,8.1
9,81,14,11,3,0,2.8948341609999995,10,1.0,3,11,0.21428571428571427,3,10,2,8,1,2,0.23076923076923078,70778880,9.0
9,82,10,10,0,0,0.2216867376,10,1.0,0,10,0.0,0,10,0,10,0,0,0.0,70778880,9.0
9,83,14,13,1,3,3.8091157389999997,4,0.4,0,14,0.0,0,4,0,3,0,1,0.0,28311552,1.2000000000000002
9,84,21,11,10,1,4.5736512237,4,0.4,8,13,0.38095238095238093,8,6,1,3,7,3,0.5714285714285714,42467328,2.0
9,85,4,2,2,0,0.646646276,3,0.3,0,4,0.0,0,4,0,2,0,2,0.0,28311552,0.8999999999999999
9,86,48,37,11,30,18.367837625,10,1.0,11,37,0.22916666666666666,11,10,2,8,9,2,0.5238095238095238,70778880,9.0
9,87,1,1,0,0,0.143980265,1,0.1,0,1,0.0,0,1,0,1,0,0,0.0,7077888,0.0
9,88,24,4,20,5,5.971616505000001,3,0.3,18,6,0.75,18,4,0,2,18,2,0.8181818181818182,28311552,0.8999999999999999
9,90,7,4,3,0,1.473041593,3,0.3,1,6,0.14285714285714285,1,4,0,2,1,2,0.2,28311552,0.8999999999999999
9,94,1,1,0,0,0.0987521112,1,0.1,0,1,0.0,0,1,0,1,0,0,0.0,7077888,0.0
9,95,12,8,4,2,2.949659765,8,0.8,0,12,0.0,0,11,0,7,0,4,0.0,77856768,8.0
9,96,7,6,1,0,1.3036278630000002,3,0.3,0,7,0.0,0,3,0,2,0,1,0.0,21233664,0.6
9,97,1,1,0,0,0.150436789,1,0.1,0,1,0.0,0,1,0,1,0,0,0.0,7077888,0.0
9,99,10,5,5,3,3.680210858,6,0.6,1,9,0.1,1,8,0,4,1,4,0.1111111111111111,56623104,4.2
9,100,4,1,3,0,0.9720937009999999,1,0.1,0,4,0.0,0,4,0,1,0,3,0.0,28311552,0.30000000000000004
9,101,1,0,1,0,0.177546978,1,0.1,0,1,0.0,0,1,0,0,0,1,0.0,7077888,0.0
9,102,22,5,17,2,5.5182591819999995,2,0.2,15,7,0.6818181818181818,15,3,0,1,15,2,0.8333333333333334,21233664,0.4
9,103,1,0,1,0,0.138911605,1,0.1,0,1,0.0,0,1,0,0,0,1,0.0,7077888,0.0
9,104,5,1,4,0,1.351276935,2,0.2,0,5,0.0,0,5,0,1,0,4,0.0,35389440,0.8
9,105,10,4,6,4,2.9823435399999996,5,0.5,4,6,0.4,4,5,1,2,3,3,0.4444444444444444,35389440,2.0
9,106,2,1,1,0,0.373552263,1,0.1,0,2,0.0,0,2,0,1,0,1,0.0,14155776,0.1
9,108,6,0,6,0,0.865690232,3,0.3,3,3,0.5,3,3,0,0,3,3,0.5,21233664,0.6
9,109,1,0,1,0,0.135585949,1,0.1,0,1,0.0,0,1,0,0,0,1,0.0,7077888,0.0
9,110,7,3,4,0,1.607243687,2,0.2,2,5,0.2857142857142857,2,4,0,2,2,2,0.3333333333333333,28311552,0.6000000000000001
9,111,3,0,3,0,0.46492205600000003,2,0.2,0,3,0.0,0,3,0,0,0,3,0.0,21233664,0.4
9,112,11,4,7,4,3.921756669,3,0.3,8,3,0.7272727272727273,6,3,2,0,4,3,0.6666666666666666,21233664,0.6
9,113,4,3,1,0,0.618373795,2,0.2,0,4,0.0,0,3,0,2,0,1,0.0,21233664,0.4
9,114,5,4,1,0,1.2386792309999999,2,0.2,0,5,0.0,0,2,0,1,0,1,0.0,14155776,0.2
9,115,9,6,3,0,1.6876038460000002,3,0.3,0,9,0.0,0,6,0,3,0,3,0.0,42467328,1.5
9,116,56,51,5,4,11.673895339,8,0.8,3,53,0.05357142857142857,3,10,0,8,3,2,0.23076923076923078,70778880,7.2
9,117,4,4,0,0,0.790903315,2,0.2,0,4,0.0,0,2,0,2,0,0,0.0,14155776,0.2
9,118,4,0,4,2,1.469023675,2,0.2,2,2,0.5,2,2,0,0,2,2,0.5,14155776,0.2
9,119,2,1,1,0,0.309093698,1,0.1,0,2,0.0,0,2,0,1,0,1,0.0,14155776,0.1
9,120,3,2,1,0,0.551768765,3,0.3,0,3,0.0,0,3,0,2,0,1,0.0,21233664,0.6
9,121,14,14,0,0,2.2420322980000003,10,1.0,0,14,0.0,0,10,0,10,0,0,0.0,70778880,9.0
9,122,1,0,1,0,0.176638693,1,0.1,0,1,0.0,0,1,0,0,0,1,0.0,7077888,0.0
9,123,8,1,7,1,1.866530344,2,0.2,6,2,0.75,6,2,0,1,6,1,0.75,14155776,0.2
9,124,4,0,4,1,1.2267972679999999,1,0.1,3,1,0.75,3,1,0,0,3,1,0.75,7077888,0.0
9,127,17,11,6,3,4.685075221999999,5,0.5,5,12,0.29411764705882354,4,6,1,3,3,3,0.4,42467328,2.5
9,128,6,2,4,3,1.884933443,4,0.4,1,5,0.16666666666666666,1,5,0,2,1,3,0.16666666666666666,35389440,1.6
9,129,9,5,4,2,2.0686045589999997,3,0.3,2,7,0.2222222222222222,2,4,0,2,2,2,0.3333333333333333,28311552,0.8999999999999999
9,130,17,15,2,1,3.715985028,4,0.4,1,16,0.058823529411764705,1,5,0,4,1,1,0.16666666666666666,35389440,1.6
9,131,17,3,14,0,4.719294369999999,6,0.6,6,11,0.35294117647058826,6,11,1,2,5,9,0.35294117647058826,77856768,6.0
9,134,6,1,5,0,1.613182843,1,0.1,4,2,0.6666666666666666,4,2,0,1,4,1,0.6666666666666666,14155776,0.1
9,136,10,8,2,1,2.185961394,2,0.2,1,9,0.1,1,3,0,2,1,1,0.25,21233664,0.4
9,137,1,1,0,0,0.114443943,1,0.1,0,1,0.0,0,1,0,1,0,0,0.0,7077888,0.0
9,138,25,23,2,0,3.5557439006000005,10,1.0,4,21,0.16,3,9,1,9,2,0,0.25,63700992,8.0
9,140,1,0,1,0,0.150450796,1,0.1,0,1,0.0,0,1,0,0,0,1,0.0,7077888,0.0
9,141,7,6,1,0,1.439889923,6,0.6,0,7,0.0,0,7,0,6,0,1,0.0,49545216,3.5999999999999996
9,143,1,1,0,0,0.155462816,1,0.1,0,1,0.0,0,1,0,1,0,0,0.0,7077888,0.0
9,145,9,5,4,1,2.473579317,4,0.4,4,5,0.4444444444444444,4,4,2,2,2,2,0.5,28311552,1.2000000000000002
9,146,12,6,6,1,2.669948145,5,0.5,3,9,0.25,2,8,1,3,1,5,0.2,56623104,3.5
9,147,7,2,5,0,1.118442535,3,0.3,2,5,0.2857142857142857,2,5,0,2,2,3,0.2857142857142857,35389440,1.2
9,148,1,0,1,0,0.0796085149,1,0.1,0,1,0.0,0,1,0,0,0,1,0.0,7077888,0.0
9,150,33,20,13,11,10.276034520000001,5,0.5,13,20,0.3939393939393939,12,6,1,4,11,2,0.6666666666666666,42467328,2.5
9,151,5,4,1,0,1.004722819,1,0.1,0,5,0.0,0,2,0,1,0,1,0.0,14155776,0.1
9,152,1,0,1,0,0.276227951,1,0.1,0,1,0.0,0,1,0,0,0,1,0.0,7077888,0.0
9,153,1,0,1,0,0.192409515,1,0.1,0,1,0.0,0,1,0,0,0,1,0.0,7077888,0.0
9,154,6,1,5,0,1.1031360319999999,2,0.2,2,4,0.3333333333333333,2,4,0,1,2,3,0.3333333333333333,28311552,0.6000000000000001
9,155,6,1,5,0,1.057882892,3,0.3,3,3,0.5,3,3,0,1,3,2,0.5,21233664,0.6
9,156,10,9,1,0,2.067851813,7,0.7,1,9,0.1,1,7,1,6,0,1,0.125,49545216,4.199999999999999
9,157,34,9,25,13,10.265269114,2,0.2,23,11,0.6764705882352942,23,4,0,2,23,2,0.8518518518518519,28311552,0.6000000000000001
9,158,3,3,0,0,0.462331027,2,0.2,0,3,0.0,0,2,0,2,0,0,0.0,14155776,0.2
9,159,15,5,10,4,4.632906301999999,3,0.3,10,5,0.6666666666666666,10,2,1,1,9,1,0.8333333333333334,14155776,0.3
9,160,19,13,6,2,4.3765519702999995,5,0.5,7,12,0.3684210526315789,6,5,1,4,5,1,0.5454545454545454,35389440,2.0
9,161,10,8,2,3,3.3816308830000006,3,0.3,1,9,0.1,1,4,0,3,1,1,0.2,28311552,0.8999999999999999
9,162,12,12,0,4,3.3794663700000003,6,0.6,0,12,0.0,0,6,0,6,0,0,0.0,42467328,3.0
9,163,73,45,28,23,21.52329480600001,7,0.7,41,32,0.5616438356164384,30,5,3,4,27,1,0.8571428571428571,35389440,2.8
9,164,3,0,3,1,0.9807708860000001,1,0.1,1,2,0.3333333333333333,1,2,0,0,1,2,0.3333333333333333,14155776,0.1
9,165,1,1,0,0,0.167738244,1,0.1,0,1,0.0,0,1,0,1,0,0,0.0,7077888,0.0
9,166,5,4,1,0,1.23425369,3,0.3,0,5,0.0,0,4,0,3,0,1,0.0,28311552,0.8999999999999999
9,167,22,18,4,10,7.304807350000001,7,0.7,7,15,0.3181818181818182,3,7,1,5,2,2,0.3,49545216,4.199999999999999
9,168,1,1,0,0,0.29877162,1,0.1,0,1,0.0,0,1,0,1,0,0,0.0,7077888,0.0
9,169,72,31,41,9,16.067662854,8,0.8,56,16,0.7777777777777778,42,7,3,5,39,2,0.8571428571428571,49545216,4.800000000000001
9,170,1,0,1,0,0.189764544,1,0.1,0,1,0.0,0,1,0,0,0,1,0.0,7077888,0.0
9,171,1,1,0,0,0.207606137,1,0.1,0,1,0.0,0,1,0,1,0,0,0.0,7077888,0.0
9,172,2,0,2,0,0.416371405,1,0.1,1,1,0.5,1,1,0,0,1,1,0.5,7077888,0.0
9,173,1,1,0,0,0.179679647,1,0.1,0,1,0.0,0,1,0,1,0,0,0.0,7077888,0.0
9,174,2,1,1,0,0.401327298,2,0.2,0,2,0.0,0,2,0,1,0,1,0.0,14155776,0.2
9,175,4,3,1,0,1.031466648,3,0.3,0,4,0.0,0,4,0,3,0,1,0.0,28311552,0.8999999999999999
9,176,13,9,4,3,2.959597438,3,0.3,2,11,0.15384615384615385,2,5,0,3,2,2,0.2857142857142857,35389440,1.2
9,177,3,0,3,0,0.631320447,1,0.1,2,1,0.6666666666666666,2,1,0,0,2,1,0.6666666666666666,7077888,0.0
9,179,2,1,1,1,0.490510255,2,0.2,0,2,0.0,0,2,0,1,0,1,0.0,14155776,0.2
9,180,15,5,10,6,4.453131213000001,5,0.5,5,10,0.3333333333333333,5,9,1,3,4,6,0.35714285714285715,63700992,4.0
9,181,29,11,18,0,5.491137337999999,7,0.7,12,17,0.41379310344827586,12,9,2,1,10,8,0.5714285714285714,63700992,5.6
9,182,1,0,1,0,0.135857418,1,0.1,0,1,0.0,0,1,0,0,0,1,0.0,7077888,0.0
9,184,24,22,2,0,3.7267641261999995,10,1.0,3,21,0.125,2,10,1,9,1,1,0.16666666666666666,70778880,9.0
9,185,137,80,57,11,30.597309807000002,10,1.0,100,37,0.7299270072992701,56,11,6,4,50,7,0.835820895522388,77856768,10.0
9,187,12,6,6,5,3.9525370750000004,3,0.3,6,6,0.5,5,4,1,2,4,2,0.5555555555555556,28311552,0.8999999999999999
9,188,21,18,3,2,4.177520451000001,9,0.9,3,18,0.14285714285714285,3,9,1,8,2,1,0.25,63700992,7.2
9,189,1,1,0,0,0.222652078,1,0.1,0,1,0.0,0,1,0,1,0,0,0.0,7077888,0.0
9,190,2,1,1,0,0.315430612,1,0.1,0,2,0.0,0,2,0,1,0,1,0.0,14155776,0.1
9,191,87,78,9,24,25.793645624999993,10,1.0,25,62,0.28735632183908044,10,9,3,7,7,2,0.5263157894736842,63700992,8.0
9,192,13,7,6,5,4.202910438999999,2,0.2,4,9,0.3076923076923077,4,4,0,2,4,2,0.5,28311552,0.6000000000000001
9,193,13,3,10,2,3.6184810840000003,2,0.2,7,6,0.5384615384615384,7,4,0,1,7,3,0.6363636363636364,28311552,0.6000000000000001
9,194,17,12,5,0,1.4171304208,10,1.0,4,13,0.23529411764705882,3,12,3,7,0,5,0.2,84934656,11.0
9,195,8,7,1,1,2.068736404,3,0.3,0,8,0.0,0,4,0,3,0,1,0.0,28311552,0.8999999999999999
9,196,1,0,1,0,0.169949055,1,0.1,0,1,0.0,0,1,0,0,0,1,0.0,7077888,0.0
9,198,1,1,0,0,0.226626948,1,0.1,0,1,0.0,0,1,0,1,0,0,0.0,7077888,0.0
9,199,29,29,0,0,6.6693720075,10,1.0,0,29,0.0,0,10,0,10,0,0,0.0,70778880,9.0
9,204,4,1,3,1,1.112428099,3,0.3,1,3,0.25,1,3,0,1,1,2,0.25,21233664,0.6
9,205,1,1,0,0,0.111887611,1,0.1,0,1,0.0,0,1,0,1,0,0,0.0,7077888,0.0
9,206,4,3,1,1,1.081992969,3,0.3,0,4,0.0,0,4,0,3,0,1,0.0,28311552,0.8999999999999999
9,207,6,2,4,4,1.9564728129999998,3,0.3,2,4,0.3333333333333333,2,4,0,2,2,2,0.3333333333333333,28311552,0.8999999999999999
9,209,7,3,4,3,2.484124929,1,0.1,4,3,0.5714285714285714,4,1,0,1,4,0,0.8,7077888,0.0
9,211,1,0,1,0,0.122831829,1,0.1,0,1,0.0,0,1,0,0,0,1,0.0,7077888,0.0
9,212,5,5,0,0,0.809262724,3,0.3,0,5,0.0,0,3,0,3,0,0,0.0,21233664,0.6
9,213,6,6,0,2,1.2203976950000002,3,0.3,0,6,0.0,0,3,0,3,0,0,0.0,21233664,0.6
9,214,3,1,2,0,0.520065248,3,0.3,0,3,0.0,0,3,0,1,0,2,0.0,21233664,0.6
9,215,11,6,5,0,1.2797315937,8,0.8,1,10,0.09090909090909091,1,10,1,5,0,5,0.09090909090909091,70778880,7.2
9,216,132,91,41,18,33.53716760899999,10,1.0,86,46,0.6515151515151515,40,11,5,5,35,6,0.7843137254901961,77856768,10.0
9,218,8,8,0,0,2.120017947,2,0.2,0,8,0.0,0,2,0,2,0,0,0.0,14155776,0.2
9,220,11,4,7,0,2.068672351,3,0.3,5,6,0.45454545454545453,5,3,0,1,5,2,0.625,21233664,0.6
9,221,7,4,3,0,1.4988326870000002,3,0.3,1,6,0.14285714285714285,1,4,0,2,1,2,0.2,28311552,0.8999999999999999
9,222,35,14,21,7,9.200795875000003,1,0.1,21,14,0.6,21,1,0,1,21,0,0.9545454545454546,7077888,0.0
9,223,15,11,4,0,2.523743847,5,0.5,5,10,0.3333333333333333,2,6,1,3,1,3,0.25,42467328,2.5
9,227,1,0,1,1,0.312546313,1,0.1,0,1,0.0,0,1,0,0,0,1,0.0,7077888,0.0
9,228,8,5,3,1,2.1643204689999997,5,0.5,2,6,0.25,2,6,0,5,2,1,0.25,42467328,2.5
9,229,7,3,4,4,2.215504631,3,0.3,1,6,0.14285714285714285,1,5,0,2,1,3,0.16666666666666666,35389440,1.2
9,231,7,2,5,1,1.584015936,1,0.1,3,4,0.42857142857142855,3,3,0,1,3,2,0.5,21233664,0.2
9,232,3,3,0,0,0.605866165,2,0.2,0,3,0.0,0,2,0,2,0,0,0.0,14155776,0.2
9,233,15,8,7,1,3.1540499640000004,5,0.5,5,10,0.3333333333333333,5,7,1,4,4,3,0.4166666666666667,49545216,3.0
9,235,60,38,22,1,13.175172774999998,10,1.0,30,30,0.5,24,8,2,8,22,0,0.75,56623104,7.0
9,236,7,0,7,2,1.9280344840000003,2,0.2,4,3,0.5714285714285714,4,3,0,0,4,3,0.5714285714285714,21233664,0.4
9,238,23,23,0,0,3.9614369914000003,10,1.0,0,23,0.0,0,10,0,10,0,0,0.0,70778880,9.0
9,240,13,11,2,4,4.073936344,3,0.3,4,9,0.3076923076923077,2,3,1,2,1,1,0.4,21233664,0.6
9,241,5,2,3,0,1.049225614,4,0.4,0,5,0.0,0,5,0,2,0,3,0.0,35389440,1.6
9,242,99,38,61,29,28.15500366700001,10,1.0,90,9,0.9090909090909091,66,5,9,1,57,4,0.9295774647887324,35389440,4.0
9,243,5,4,1,1,1.1743841619999997,3,0.3,0,5,0.0,0,3,0,2,0,1,0.0,21233664,0.6
9,245,13,1,12,4,3.81629877,4,0.4,7,6,0.5384615384615384,7,6,1,0,6,6,0.5384615384615384,42467328,2.0
9,246,3,2,1,0,0.55950512,3,0.3,0,3,0.0,0,3,0,2,0,1,0.0,21233664,0.6
9,247,2,0,2,0,0.306188747,2,0.2,0,2,0.0,0,2,0,0,0,2,0.0,14155776,0.2
9,248,6,3,3,0,0.942391158,2,0.2,1,5,0.16666666666666666,1,3,0,1,1,2,0.25,21233664,0.4
9,249,23,7,16,0,4.954981446,3,0.3,13,10,0.5652173913043478,13,5,0,2,13,3,0.7222222222222222,35389440,1.2
9,251,7,2,5,1,1.9595023840000003,5,0.5,0,7,0.0,0,7,0,2,0,5,0.0,49545216,3.0
9,252,1,1,0,0,0.181895673,1,0.1,0,1,0.0,0,1,0,1,0,0,0.0,7077888,0.0
9,253,31,24,7,3,7.714050784399999,9,0.9,12,19,0.3870967741935484,6,10,2,7,4,3,0.375,70778880,8.1
9,254,25,20,5,2,5.130251272,5,0.5,3,22,0.12,3,7,0,5,3,2,0.3,49545216,3.0
9,255,16,5,11,1,3.449144185,4,0.4,11,5,0.6875,11,3,1,2,10,1,0.7857142857142857,21233664,0.8
10,0,2,1,1,0,0.38588799500000004,2,0.2,0,2,0.0,0,2,0,1,0,1,0.0,14155776,0.2
10,1,8,4,4,0,1.4775751830000001,3,0.3,3,5,0.375,3,3,0,2,3,1,0.5,21233664,0.6
10,2,1,0,1,0,0.236495554,1,0.1,0,1,0.0,0,1,0,0,0,1,0.0,7077888,0.0
10,3,4,0,4,0,1.2579639249999999,1,0.1,3,1,0.75,3,1,0,0,3,1,0.75,7077888,0.0
10,5,4,0,4,1,1.0338294810000002,1,0.1,3,1,0.75,3,1,0,0,3,1,0.75,7077888,0.0
10,6,16,10,6,0,1.6435185229,10,1.0,5,11,0.3125,5,11,2,8,3,3,0.3125,77856768,10.0
10,7,8,2,6,4,2.3939733359999997,2,0.2,3,5,0.375,3,4,0,1,3,3,0.42857142857142855,28311552,0.6000000000000001
10,8,11,11,0,10,12.249638605,10,1.0,0,11,0.0,0,10,0,10,0,0,0.0,70778880,9.0
10,9,21,16,5,3,6.250395448,3,0.3,4,17,0.19047619047619047,4,4,0,3,4,1,0.5,28311552,0.8999999999999999
10,10,25,10,15,14,8.012592971,3,0.3,12,13,0.48,12,4,0,1,12,3,0.75,28311552,0.8999999999999999
10,11,87,53,34,11,20.334670631999998,10,1.0,52,35,0.5977011494252874,37,7,5,5,32,2,0.8409090909090909,49545216,6.0
10,12,9,6,3,0,1.522775784,5,0.5,2,7,0.2222222222222222,2,6,0,5,2,1,0.25,42467328,2.5
10,13,86,59,27,16,22.165586316,9,0.9,52,34,0.6046511627906976,27,9,4,5,23,4,0.75,63700992,7.2
10,14,20,20,0,0,4.470605437,10,1.0,0,20,0.0,0,10,0,10,0,0,0.0,70778880,9.0
10,15,5,1,4,0,0.8985443860000001,1,0.1,3,2,0.6,3,2,0,1,3,1,0.6,14155776,0.1
10,16,6,5,1,0,1.141939029,1,0.1,0,6,0.0,0,2,0,1,0,1,0.0,14155776,0.1
10,18,12,9,3,0,2.480155319,6,0.6,2,10,0.16666666666666666,2,6,1,4,1,2,0.25,42467328,3.0
10,19,22,9,13,9,7.179803892,3,0.3,10,12,0.45454545454545453,10,6,0,3,10,3,0.625,42467328,1.5
10,21,10,7,3,0,1.6897550971999997,4,0.4,0,10,0.0,0,6,0,3,0,3,0.0,42467328,2.0
10,23,5,1,4,0,1.115878358,3,0.3,1,4,0.2,1,4,0,1,1,3,0.2,28311552,0.8999999999999999
10,25,6,4,2,0,0.9386539317,5,0.5,1,5,0.16666666666666666,1,5,1,3,0,2,0.16666666666666666,35389440,2.0
10,27,9,5,4,2,2.2608052490000006,3,0.3,2,7,0.2222222222222222,2,5,0,3,2,2,0.2857142857142857,35389440,1.2
10,28,3,3,0,0,0.2033804431,3,0.3,0,3,0.0,0,3,0,3,0,0,0.0,21233664,0.6
10,29,6,4,2,0,1.030184142,2,0.2,3,3,0.5,2,2,1,1,1,1,0.5,14155776,0.2
10,30,20,12,8,0,4.1352006768,3,0.3,7,13,0.35,7,4,0,3,7,1,0.6363636363636364,28311552,0.8999999999999999
10,31,7,3,4,0,1.8880219550000004,5,0.5,2,5,0.2857142857142857,2,5,0,3,2,2,0.2857142857142857,35389440,2.0
10,32,6,0,6,0,0.704805472,1,0.1,5,1,0.8333333333333334,5,1,0,0,5,1,0.8333333333333334,7077888,0.0
10,33,10,5,5,4,2.8676528340000003,4,0.4,2,8,0.2,2,7,0,4,2,3,0.2222222222222222,49545216,2.4000000000000004
10,34,2,0,2,0,0.42901763299999995,1,0.1,1,1,0.5,1,1,0,0,1,1,0.5,7077888,0.0
10,35,18,2,16,1,4.191602634,4,0.4,13,5,0.7222222222222222,13,5,2,0,11,5,0.7222222222222222,35389440,1.6
10,36,5,0,5,0,0.6026377980000001,2,0.2,3,2,0.6,3,2,0,0,3,2,0.6,14155776,0.2
10,38,6,1,5,0,1.0573510229999998,3,0.3,2,4,0.3333333333333333,2,4,0,1,2,3,0.3333333333333333,28311552,0.8999999999999999
10,39,1,1,0,0,0.14515546,1,0.1,0,1,0.0,0,1,0,1,0,0,0.0,7077888,0.0
10,40,259,186,73,175,118.95101608199998,10,1.0,219,40,0.8455598455598455,79,4,8,2,71,2,0.9518072289156626,28311552,3.0
10,41,7,3,4,1,1.8134787669999999,5,0.5,1,6,0.14285714285714285,1,6,0,3,1,3,0.14285714285714285,42467328,2.5
10,42,11,1,10,1,2.423002736,6,0.6,2,9,0.18181818181818182,2,9,0,1,2,8,0.18181818181818182,63700992,4.8
10,44,1,0,1,0,0.162804022,1,0.1,0,1,0.0,0,1,0,0,0,1,0.0,7077888,0.0
10,45,12,7,5,1,2.8601596349999996,5,0.5,1,11,0.08333333333333333,1,8,0,4,1,4,0.1111111111111111,56623104,3.5
10,46,2,0,2,0,0.393900559,2,0.2,0,2,0.0,0,2,0,0,0,2,0.0,14155776,0.2
10,48,8,4,4,0,1.768035964,2,0.2,2,6,0.25,2,3,0,1,2,2,0.4,21233664,0.4
10,49,12,9,3,0,2.53505151,5,0.5,2,10,0.16666666666666666,1,6,1,3,0,3,0.14285714285714285,42467328,2.5
10,51,22,14,8,5,6.271035314,3,0.3,18,4,0.8181818181818182,6,4,1,1,5,3,0.6,28311552,0.8999999999999999
10,53,5,0,5,0,0.902928323,3,0.3,2,3,0.4,2,3,0,0,2,3,0.4,21233664,0.6
10,54,3,2,1,0,0.501828104,2,0.2,0,3,0.0,0,2,0,1,0,1,0.0,14155776,0.2
10,56,6,6,0,0,0.9791308200000002,3,0.3,0,6,0.0,0,3,0,3,0,0,0.0,21233664,0.6
10,58,1,0,1,0,0.112083703,1,0.1,0,1,0.0,0,1,0,0,0,1,0.0,7077888,0.0
10,59,112,66,46,19,26.451021034100012,9,0.9,78,34,0.6964285714285714,46,9,5,4,41,5,0.8363636363636363,63700992,7.2
10,60,2,0,2,0,0.282387882,1,0.1,1,1,0.5,1,1,0,0,1,1,0.5,7077888,0.0
10,61,10,10,0,0,1.3197460925,10,1.0,0,10,0.0,0,10,0,10,0,0,0.0,70778880,9.0
10,62,11,10,1,0,1.645090938,10,1.0,0,11,0.0,0,11,0,10,0,1,0.0,77856768,10.0
10,64,2,0,2,0,0.319103032,1,0.1,1,1,0.5,1,1,0,0,1,1,0.5,7077888,0.0
10,68,8,6,2,0,1.621858939,6,0.6,1,7,0.125,1,6,1,4,0,2,0.14285714285714285,42467328,3.0
10,69,21,14,7,0,3.8882858970000003,8,0.8,5,16,0.23809523809523808,5,9,2,5,3,4,0.35714285714285715,63700992,6.4
10,70,11,1,10,0,1.9925332220000003,6,0.6,4,7,0.36363636363636365,4,7,1,0,3,7,0.36363636363636365,49545216,3.5999999999999996
10,71,15,6,9,2,3.4872516379999996,4,0.4,6,9,0.4,6,6,2,1,4,5,0.5,42467328,2.0
10,72,15,8,7,3,4.056939824,5,0.5,2,13,0.13333333333333333,2,8,0,3,2,5,0.2,56623104,3.5
10,73,4,0,4,1,1.408831165,3,0.3,1,3,0.25,1,3,0,0,1,3,0.25,21233664,0.6
10,74,5,3,2,0,1.162449196,1,0.1,1,4,0.2,1,2,0,1,1,1,0.3333333333333333,14155776,0.1
10,75,8,3,5,0,1.6026912480000002,3,0.3,4,4,0.5,3,4,1,1,2,3,0.42857142857142855,28311552,0.8999999999999999
10,76,14,3,11,3,4.3042259949999995,2,0.2,10,4,0.7142857142857143,10,2,0,1,10,1,0.8333333333333334,14155776,0.2
10,77,3,2,1,0,0.450660646,2,0.2,0,3,0.0,0,2,0,1,0,1,0.0,14155776,0.2
10,78,10,4,6,6,3.279290438,2,0.2,6,4,0.6,6,2,0,2,6,0,0.75,14155776,0.2
10,80,1,1,0,0,0.151155457,1,0.1,0,1,0.0,0,1,0,1,0,0,0.0,7077888,0.0
10,82,11,11,0,0,0.6637577674999999,10,1.0,0,11,0.0,0,10,0,10,0,0,0.0,70778880,9.0
10,84,15,2,13,0,2.727958202,6,0.6,7,8,0.4666666666666667,6,8,1,0,5,8,0.42857142857142855,56623104,4.2
10,85,1,0,1,0,0.239137933,1,0.1,0,1,0.0,0,1,0,0,0,1,0.0,7077888,0.0
10,86,268,163,105,23,62.47206666149999,10,1.0,240,28,0.8955223880597015,109,6,8,2,101,4,0.9478260869565217,42467328,5.0
10,89,5,5,0,0,0.5851348114,5,0.5,0,5,0.0,0,5,0,5,0,0,0.0,35389440,2.0
10,90,30,19,11,5,7.0901812180000015,9,0.9,16,14,0.5333333333333333,12,7,3,5,9,2,0.631578947368421,49545216,5.4
10,91,3,2,1,0,0.529191182,1,0.1,0,3,0.0,0,2,0,1,0,1,0.0,14155776,0.1
10,94,11,5,6,6,3.625587984,3,0.3,3,8,0.2727272727272727,3,4,0,1,3,3,0.42857142857142855,28311552,0.8999999999999999
10,95,10,5,5,2,2.3777827019999997,5,0.5,1,9,0.1,1,8,1,3,0,5,0.1111111111111111,56623104,3.5
10,96,9,5,4,0,2.200137272,4,0.4,4,5,0.4444444444444444,4,4,2,2,2,2,0.5,28311552,1.2000000000000002
10,97,5,2,3,0,0.925635129,4,0.4,0,5,0.0,0,5,0,2,0,3,0.0,35389440,1.6
10,98,7,1,6,2,2.0571858,2,0.2,4,3,0.5714285714285714,4,3,0,1,4,2,0.5714285714285714,21233664,0.4
10,99,1,0,1,0,0.121953271,1,0.1,0,1,0.0,0,1,0,0,0,1,0.0,7077888,0.0
10,100,32,18,14,2,6.156773449399999,9,0.9,22,10,0.6875,14,8,3,5,11,3,0.6363636363636364,56623104,6.3
10,101,5,4,1,0,1.070652113,5,0.5,0,5,0.0,0,5,0,4,0,1,0.0,35389440,2.0
10,102,2,0,2,1,0.710417926,1,0.1,1,1,0.5,1,1,0,0,1,1,0.5,7077888,0.0
10,104,11,6,5,0,2.347351461,2,0.2,4,7,0.36363636363636365,4,3,0,2,4,1,0.5714285714285714,21233664,0.4
10,105,3,1,2,1,0.7789279519999999,2,0.2,0,3,0.0,0,3,0,1,0,2,0.0,21233664,0.4
10,106,1,1,0,0,0.143578768,1,0.1,0,1,0.0,0,1,0,1,0,0,0.0,7077888,0.0
10,107,89,63,26,5,16.322200508999998,10,1.0,41,48,0.4606741573033708,28,8,5,5,23,3,0.7777777777777778,56623104,7.0
10,108,1,1,0,0,0.140051052,1,0.1,0,1,0.0,0,1,0,1,0,0,0.0,7077888,0.0
10,109,16,9,7,1,3.465929104,6,0.6,4,12,0.25,4,9,0,6,4,3,0.3076923076923077,63700992,4.8
10,110,6,1,5,0,1.412794321,2,0.2,3,3,0.5,3,3,0,1,3,2,0.5,21233664,0.4
10,111,5,4,1,0,0.9886436020000001,4,0.4,1,4,0.2,1,3,1,2,0,1,0.25,21233664,0.8
10,112,25,13,12,1,5.8416407999999995,2,0.2,11,14,0.44,11,2,0,1,11,1,0.8461538461538461,14155776,0.2
10,113,2,2,0,0,0.262002334,1,0.1,0,2,0.0,0,1,0,1,0,0,0.0,7077888,0.0
10,114,1,1,0,0,0.141635269,1,0.1,0,1,0.0,0,1,0,1,0,0,0.0,7077888,0.0
10,115,3,3,0,0,0.705322623,3,0.3,0,3,0.0,0,3,0,3,0,0,0.0,21233664,0.6
10,116,1,1,0,0,0.146600917,1,0.1,0,1,0.0,0,1,0,1,0,0,0.0,7077888,0.0
10,117,7,5,2,0,1.544104859,3,0.3,0,7,0.0,0,5,0,3,0,2,0.0,35389440,1.2
10,119,4,3,1,0,0.885889425,2,0.2,0,4,0.0,0,3,0,2,0,1,0.0,21233664,0.4
10,120,4,1,3,0,0.8114156419999999,2,0.2,0,4,0.0,0,4,0,1,0,3,0.0,28311552,0.6000000000000001
10,124,9,5,4,0,2.218159632,1,0.1,3,6,0.3333333333333333,3,2,0,1,3,1,0.6,14155776,0.1
10,126,23,12,11,0,3.2392840848,8,0.8,10,13,0.43478260869565216,10,9,2,6,8,3,0.5263157894736842,63700992,6.4
10,127,6,4,2,0,0.97023186,3,0.3,0,6,0.0,0,5,0,3,0,2,0.0,35389440,1.2
10,128,21,3,18,10,7.847077310999999,2,0.2,16,5,0.7619047619047619,16,3,0,1,16,2,0.8421052631578947,21233664,0.4
10,129,10,10,0,0,1.3039561122000003,10,1.0,0,10,0.0,0,10,0,10,0,0,0.0,70778880,9.0
10,130,17,12,5,0,3.1199598623,7,0.7,2,15,0.11764705882352941,2,10,2,5,0,5,0.16666666666666666,70778880,6.3
10,131,12,10,2,0,0.8271842081,10,1.0,1,11,0.08333333333333333,1,11,0,10,1,1,0.08333333333333333,77856768,10.0
10,132,21,21,0,1,4.1745501439999995,10,1.0,0,21,0.0,0,10,0,10,0,0,0.0,70778880,9.0
10,133,1,1,0,0,0.219343156,1,0.1,0,1,0.0,0,1,0,1,0,0,0.0,7077888,0.0
10,135,12,7,5,3,3.1541390560000004,5,0.5,2,10,0.16666666666666666,2,8,0,5,2,3,0.2,56623104,3.5
10,136,67,50,17,5,14.097379512800002,10,1.0,22,45,0.3283582089552239,14,12,4,5,10,7,0.5384615384615384,84934656,11.0
10,137,18,6,12,0,2.853728564,6,0.6,8,10,0.4444444444444444,8,8,1,3,7,5,0.5,56623104,4.2
10,138,9,6,3,0,2.272599443,5,0.5,0,9,0.0,0,7,0,4,0,3,0.0,49545216,3.0
10,140,17,6,11,1,3.4132795099999997,3,0.3,7,10,0.4117647058823529,7,6,0,2,7,4,0.5384615384615384,42467328,1.5
10,142,12,12,0,1,2.655811891,3,0.3,0,12,0.0,0,3,0,3,0,0,0.0,21233664,0.6
10,143,10,4,6,0,2.1356901209999997,2,0.2,3,7,0.3,3,5,0,2,3,3,0.375,35389440,0.8
10,144,1,0,1,0,0.143295348,1,0.1,0,1,0.0,0,1,0,0,0,1,0.0,7077888,0.0
10,145,1,1,0,0,0.121522546,1,0.1,0,1,0.0,0,1,0,1,0,0,0.0,7077888,0.0
10,146,3,1,2,0,0.713465274,3,0.3,0,3,0.0,0,3,0,1,0,2,0.0,21233664,0.6
10,147,4,1,3,1,0.9285777649999999,2,0.2,1,3,0.25,1,3,0,1,1,2,0.25,21233664,0.4
10,148,4,2,2,0,0.642222285,3,0.3,0,4,0.0,0,3,0,1,0,2,0.0,21233664,0.6
10,149,3,2,1,0,0.560339198,3,0.3,0,3,0.0,0,3,0,2,0,1,0.0,21233664,0.6
10,150,9,5,4,0,1.9720381500000002,2,0.2,2,7,0.2222222222222222,2,4,0,2,2,2,0.3333333333333333,28311552,0.6000000000000001
10,152,2,0,2,0,0.34569607700000005,2,0.2,0,2,0.0,0,2,0,0,0,2,0.0,14155776,0.2
10,153,11,9,2,0,1.328721851,10,1.0,1,10,0.09090909090909091,1,10,1,8,0,2,0.09090909090909091,70778880,9.0
10,154,1,0,1,0,0.153651297,1,0.1,0,1,0.0,0,1,0,0,0,1,0.0,7077888,0.0
10,155,27,14,13,0,6.418495857,3,0.3,10,17,0.37037037037037035,10,5,0,2,10,3,0.6666666666666666,35389440,1.2
10,158,3,1,2,0,0.396232888,1,0.1,0,3,0.0,0,3,0,1,0,2,0.0,21233664,0.2
10,160,5,2,3,0,1.2267677479999999,1,0.1,3,2,0.6,3,1,0,1,3,0,0.75,7077888,0.0
10,161,2,0,2,0,0.34739477900000004,1,0.1,1,1,0.5,1,1,0,0,1,1,0.5,7077888,0.0
10,162,36,30,6,1,6.5604683005,10,1.0,10,26,0.2777777777777778,6,10,2,8,4,2,0.375,70778880,9.0
10,163,15,6,9,0,2.6948199712,4,0.4,9,6,0.6,6,6,1,2,5,4,0.5,42467328,2.0
10,164,16,8,8,3,3.866386486,6,0.6,3,13,0.1875,1,11,1,3,0,8,0.08333333333333333,77856768,6.0
10,165,1,0,1,0,0.295318842,1,0.1,0,1,0.0,0,1,0,0,0,1,0.0,7077888,0.0
10,167,4,0,4,0,0.528953574,3,0.3,0,4,0.0,0,4,0,0,0,4,0.0,28311552,0.8999999999999999
10,171,1,0,1,0,0.184329465,1,0.1,0,1,0.0,0,1,0,0,0,1,0.0,7077888,0.0
10,172,4,0,4,2,1.6756495390000001,1,0.1,3,1,0.75,3,1,0,0,3,1,0.75,7077888,0.0
10,173,10,1,9,0,1.874817714,6,0.6,3,7,0.3,3,7,0,1,3,6,0.3,49545216,3.5999999999999996
10,175,23,6,17,0,3.7025343029999997,5,0.5,9,14,0.391304347826087,9,11,0,3,9,8,0.45,77856768,5.0
10,177,4,2,2,0,0.6932080239999999,1,0.1,1,3,0.25,1,2,0,1,1,1,0.3333333333333333,14155776,0.1
10,178,2,0,2,0,0.411902175,1,0.1,1,1,0.5,1,1,0,0,1,1,0.5,7077888,0.0
10,180,18,12,6,4,5.0104421519999995,5,0.5,11,7,0.6111111111111112,5,6,2,3,3,3,0.45454545454545453,42467328,2.5
10,182,11,4,7,0,2.219521777,7,0.7,3,8,0.2727272727272727,3,8,1,3,2,5,0.2727272727272727,56623104,4.8999999999999995
10,185,3,0,3,0,0.408328936,2,0.2,0,3,0.0,0,3,0,0,0,3,0.0,21233664,0.4
10,187,2,0,2,0,0.326135039,1,0.1,1,1,0.5,1,1,0,0,1,1,0.5,7077888,0.0
10,188,2,0,2,0,0.307950631,2,0.2,0,2,0.0,0,2,0,0,0,2,0.0,14155776,0.2
10,189,5,2,3,1,1.38771516,3,0.3,1,4,0.2,1,4,0,2,1,2,0.2,28311552,0.8999999999999999
10,190,1,0,1,0,0.167257607,1,0.1,0,1,0.0,0,1,0,0,0,1,0.0,7077888,0.0
10,192,8,3,5,6,2.7073033890000002,1,0.1,4,4,0.5,4,2,0,1,4,1,0.6666666666666666,14155776,0.1
10,195,1,1,0,0,0.212855965,1,0.1,0,1,0.0,0,1,0,1,0,0,0.0,7077888,0.0
10,196,6,5,1,0,0.9314191114000001,4,0.4,1,5,0.16666666666666666,1,4,1,3,0,1,0.2,28311552,1.2000000000000002
10,197,25,18,7,3,6.500607177,6,0.6,8,17,0.32,4,9,2,4,2,5,0.3076923076923077,63700992,4.8
10,199,2,0,2,0,0.309775516,1,0.1,0,2,0.0,0,2,0,0,0,2,0.0,14155776,0.1
10,200,4,1,3,0,0.6140341613,2,0.2,2,2,0.5,2,2,1,0,1,2,0.5,14155776,0.2
10,201,6,5,1,0,0.5895461965,5,0.5,0,6,0.0,0,5,0,4,0,1,0.0,35389440,2.0
10,203,23,16,7,4,6.041344853,6,0.6,12,11,0.5217391304347826,8,5,2,4,6,1,0.6153846153846154,35389440,2.4
10,205,7,5,2,1,1.9329526430000004,2,0.2,0,7,0.0,0,4,0,2,0,2,0.0,28311552,0.6000000000000001
10,207,12,5,7,1,2.922271474,5,0.5,3,9,0.25,3,8,0,4,3,4,0.2727272727272727,56623104,3.5
10,208,2,0,2,0,0.351046294,1,0.1,1,1,0.5,1,1,0,0,1,1,0.5,7077888,0.0
10,209,1,0,1,0,0.194683984,1,0.1,0,1,0.0,0,1,0,0,0,1,0.0,7077888,0.0
10,210,1,1,0,0,0.20502542,1,0.1,0,1,0.0,0,1,0,1,0,0,0.0,7077888,0.0
10,211,2,1,1,0,0.2152536069,2,0.2,0,2,0.0,0,2,0,1,0,1,0.0,14155776,0.2
10,212,1,1,0,0,0.138565019,1,0.1,0,1,0.0,0,1,0,1,0,0,0.0,7077888,0.0
10,213,18,11,7,0,3.362765357,5,0.5,7,11,0.3888888888888889,5,7,1,4,4,3,0.4166666666666667,49545216,3.0
10,214,32,8,24,0,5.6271694082999995,10,1.0,22,10,0.6875,22,7,3,2,19,5,0.7586206896551724,49545216,6.0
10,215,3,0,3,0,0.503526226,3,0.3,0,3,0.0,0,3,0,0,0,3,0.0,21233664,0.6
10,216,9,6,3,2,2.438070551,4,0.4,1,8,0.1111111111111111,1,6,0,4,1,2,0.14285714285714285,42467328,2.0
10,217,8,4,4,1,2.303717436,4,0.4,1,7,0.125,1,5,0,2,1,3,0.16666666666666666,35389440,1.6
10,219,2,0,2,0,0.506858021,1,0.1,1,1,0.5,1,1,0,0,1,1,0.5,7077888,0.0
10,221,25,25,0,0,5.253076143999999,9,0.9,0,25,0.0,0,9,0,9,0,0,0.0,63700992,7.2
10,222,46,37,9,7,10.893465975800002,10,1.0,21,25,0.45652173913043476,11,8,4,6,7,2,0.5789473684210527,56623104,7.0
10,223,12,12,0,0,0.9221224599000001,10,1.0,0,12,0.0,0,10,0,10,0,0,0.0,70778880,9.0
10,224,13,11,2,0,0.9313072859,10,1.0,0,13,0.0,0,12,0,10,0,2,0.0,84934656,11.0
10,226,3,1,2,0,0.535741076,2,0.2,0,3,0.0,0,3,0,1,0,2,0.0,21233664,0.4
10,227,1,1,0,0,0.164243206,1,0.1,0,1,0.0,0,1,0,1,0,0,0.0,7077888,0.0
10,228,8,5,3,4,2.452660307,2,0.2,1,7,0.125,1,4,0,2,1,2,0.2,28311552,0.6000000000000001
10,229,1,0,1,0,0.1539924,1,0.1,0,1,0.0,0,1,0,0,0,1,0.0,7077888,0.0
10,230,19,16,3,8,6.308629259,2,0.2,2,17,0.10526315789473684,2,3,0,2,2,1,0.4,21233664,0.4
10,231,6,3,3,0,0.989964947,2,0.2,1,5,0.16666666666666666,1,3,0,1,1,2,0.25,21233664,0.4
10,232,16,9,7,4,4.569774495999999,7,0.7,5,11,0.3125,5,7,1,4,4,3,0.4166666666666667,49545216,4.199999999999999
10,233,2,0,2,0,0.31360516,1,0.1,1,1,0.5,1,1,0,0,1,1,0.5,7077888,0.0
10,234,8,3,5,3,1.967239857,4,0.4,1,7,0.125,1,6,0,2,1,4,0.14285714285714285,42467328,2.0
10,235,5,4,1,0,0.959408864,2,0.2,0,5,0.0,0,2,0,1,0,1,0.0,14155776,0.2
10,236,3,3,0,1,0.8091901090000001,1,0.1,0,3,0.0,0,1,0,1,0,0,0.0,7077888,0.0
10,237,51,23,28,6,12.782902536,4,0.4,41,10,0.803921568627451,27,5,1,3,26,2,0.84375,35389440,1.6
10,238,9,8,1,0,1.3448190238,4,0.4,1,8,0.1111111111111111,1,4,1,3,0,1,0.2,28311552,1.2000000000000002
10,240,19,18,1,0,3.705371662999999,6,0.6,0,19,0.0,0,6,0,5,0,1,0.0,42467328,3.0
10,241,1,0,1,0,0.139889419,1,0.1,0,1,0.0,0,1,0,0,0,1,0.0,7077888,0.0
10,242,18,11,7,0,4.5712270140000015,10,1.0,6,12,0.3333333333333333,6,11,6,4,0,7,0.35294117647058826,77856768,10.0
10,243,14,8,6,6,4.238797115,2,0.2,4,10,0.2857142857142857,4,4,0,2,4,2,0.5,28311552,0.6000000000000001
10,245,22,19,3,0,5.1741584749000005,10,1.0,4,18,0.18181818181818182,4,9,2,8,2,1,0.3076923076923077,63700992,8.0
10,246,4,4,0,0,0.7676832219999999,3,0.3,0,4,0.0,0,3,0,3,0,0,0.0,21233664,0.6
10,247,28,8,20,17,10.584137665,5,0.5,19,9,0.6785714285714286,19,6,2,3,17,3,0.76,42467328,2.5
10,248,7,4,3,1,1.610389561,1,0.1,0,7,0.0,0,4,0,1,0,3,0.0,28311552,0.30000000000000004
10,250,15,13,2,0,3.809863344,4,0.4,6,9,0.4,2,4,1,3,1,1,0.3333333333333333,28311552,1.2000000000000002
10,251,4,1,3,0,0.751624987,3,0.3,0,4,0.0,0,4,0,1,0,3,0.0,28311552,0.8999999999999999
10,252,4,2,2,0,0.8042826359999999,2,0.2,1,3,0.25,1,2,0,1,1,1,0.3333333333333333,14155776,0.2
10,254,2,0,2,0,0.27943036,1,0.1,1,1,0.5,1,1,0,0,1,1,0.5,7077888,0.0
11,1,18,14,4,0,3.012190029,9,0.9,2,16,0.1111111111111111,2,11,1,8,1,3,0.15384615384615385,77856768,9.0
11,2,20,11,9,4,5.520279154000001,5,0.5,8,12,0.4,7,6,1,3,6,3,0.5384615384615384,42467328,2.5
11,3,37,17,20,9,9.811781124,9,0.9,18,19,0.4864864864864865,17,10,2,5,15,5,0.6296296296296297,70778880,8.1
11,4,31,18,13,3,7.274643572,8,0.8,12,19,0.3870967741935484,9,12,3,5,6,7,0.42857142857142855,84934656,8.8
11,5,1,0,1,0,0.225169972,1,0.1,0,1,0.0,0,1,0,0,0,1,0.0,7077888,0.0
11,6,4,0,4,0,0.890300706,1,0.1,3,1,0.75,3,1,0,0,3,1,0.75,7077888,0.0
11,7,10,10,0,0,0.3075945974,10,1.0,0,10,0.0,0,10,0,10,0,0,0.0,70778880,9.0
11,8,3,1,2,0,0.6255072509999999,2,0.2,0,3,0.0,0,3,0,1,0,2,0.0,21233664,0.4
11,9,16,9,7,3,3.8541089570000002,2,0.2,7,9,0.4375,7,2,0,2,7,0,0.7777777777777778,14155776,0.2
11,13,1,0,1,0,0.215657771,1,0.1,0,1,0.0,0,1,0,0,0,1,0.0,7077888,0.0
11,15,11,4,7,2,2.7265430389999996,1,0.1,5,6,0.45454545454545453,5,3,0,1,5,2,0.625,21233664,0.2
11,16,48,0,48,8,12.320931852,9,0.9,38,10,0.7916666666666666,38,10,0,0,38,10,0.7916666666666666,70778880,8.1
11,18,10,10,0,10,13.50787328,10,1.0,0,10,0.0,0,10,0,10,0,0,0.0,70778880,9.0
11,19,3,0,3,0,0.638927609,1,0.1,1,2,0.3333333333333333,1,2,0,0,1,2,0.3333333333333333,14155776,0.1
11,20,33,23,10,5,8.342752901,10,1.0,7,26,0.21212121212121213,6,13,1,8,5,5,0.3157894736842105,92012544,12.0
11,21,11,0,11,0,2.1454460920000002,6,0.6,5,6,0.45454545454545453,5,6,0,0,5,6,0.45454545454545453,42467328,3.0
11,23,5,2,3,0,0.820068598,3,0.3,1,4,0.2,1,4,0,2,1,2,0.2,28311552,0.8999999999999999
11,24,26,15,11,1,5.956966145,8,0.8,15,11,0.5769230769230769,7,9,2,3,5,6,0.4375,63700992,6.4
11,26,12,8,4,1,2.548870191,2,0.2,2,10,0.16666666666666666,2,4,0,2,2,2,0.3333333333333333,28311552,0.6000000000000001
11,27,9,8,1,1,1.7136733757000002,6,0.6,0,9,0.0,0,6,0,5,0,1,0.0,42467328,3.0
11,29,1,0,1,0,0.187244907,1,0.1,0,1,0.0,0,1,0,0,0,1,0.0,7077888,0.0
11,30,19,10,9,10,9.882667407,10,1.0,5,14,0.2631578947368421,5,14,4,6,1,8,0.2631578947368421,99090432,13.0
11,32,4,1,3,0,0.65821968,2,0.2,1,3,0.25,1,3,0,1,1,2,0.25,21233664,0.4
11,34,49,44,5,5,12.119674398399999,8,0.8,14,35,0.2857142857142857,6,7,2,6,4,1,0.46153846153846156,49545216,4.800000000000001
11,35,35,15,20,3,7.9685753440000004,10,1.0,23,12,0.6571428571428571,22,6,4,4,18,2,0.7857142857142857,42467328,5.0
11,36,2,0,2,0,0.343425572,1,0.1,1,1,0.5,1,1,0,0,1,1,0.5,7077888,0.0
11,37,1,1,0,0,0.176128626,1,0.1,0,1,0.0,0,1,0,1,0,0,0.0,7077888,0.0
11,38,5,2,3,0,1.194095507,1,0.1,2,3,0.4,2,2,0,1,2,1,0.5,14155776,0.1
11,39,2,1,1,0,0.37737181799999997,1,0.1,0,2,0.0,0,2,0,1,0,1,0.0,14155776,0.1
11,40,3,0,3,0,0.653907403,1,0.1,2,1,0.6666666666666666,2,1,0,0,2,1,0.6666666666666666,7077888,0.0
11,41,1,1,0,0,0.187600181,1,0.1,0,1,0.0,0,1,0,1,0,0,0.0,7077888,0.0
11,42,6,5,1,0,1.342703789,3,0.3,0,6,0.0,0,3,0,2,0,1,0.0,21233664,0.6
11,43,30,22,8,14,9.051815553000003,3,0.3,6,24,0.2,6,5,0,3,6,2,0.5454545454545454,35389440,1.2
11,44,11,1,10,2,2.617743508,2,0.2,9,2,0.8181818181818182,9,2,0,1,9,1,0.8181818181818182,14155776,0.2
11,45,17,4,13,0,3.38747181,3,0.3,10,7,0.5882352941176471,10,5,0,2,10,3,0.6666666666666666,35389440,1.2
11,46,2,2,0,0,0.409878701,1,0.1,0,2,0.0,0,1,0,1,0,0,0.0,7077888,0.0
11,47,21,9,12,2,4.9260747,1,0.1,10,11,0.47619047619047616,10,3,0,1,10,2,0.7692307692307693,21233664,0.2
11,48,2,1,1,0,0.366867289,1,0.1,0,2,0.0,0,2,0,1,0,1,0.0,14155776,0.1
11,50,15,9,6,0,3.4824019969999993,2,0.2,5,10,0.3333333333333333,5,3,0,2,5,1,0.625,21233664,0.4
11,53,6,5,1,1,1.5827263,2,0.2,0,6,0.0,0,2,0,1,0,1,0.0,14155776,0.2
11,54,1,1,0,0,0.0579195768,1,0.1,0,1,0.0,0,1,0,1,0,0,0.0,7077888,0.0
11,56,3,0,3,0,0.6587541100000001,1,0.1,2,1,0.6666666666666666,2,1,0,0,2,1,0.6666666666666666,7077888,0.0
11,57,47,31,16,15,13.858625934,3,0.3,37,10,0.7872340425531915,16,3,2,1,14,2,0.8421052631578947,21233664,0.6
11,58,14,10,4,3,3.890070916,3,0.3,2,12,0.14285714285714285,2,4,1,1,1,3,0.3333333333333333,28311552,0.8999999999999999
11,59,4,2,2,1,0.917660698,2,0.2,1,3,0.25,1,3,0,2,1,1,0.25,21233664,0.4
11,60,5,5,0,0,0.9978693869999999,2,0.2,0,5,0.0,0,2,0,2,0,0,0.0,14155776,0.2
11,62,32,14,18,9,6.981321075400001,10,1.0,17,15,0.53125,17,11,1,9,16,2,0.6071428571428571,77856768,10.0
11,63,1,1,0,0,0.133511901,1,0.1,0,1,0.0,0,1,0,1,0,0,0.0,7077888,0.0
11,65,34,22,12,14,10.215871468999998,3,0.3,28,6,0.8235294117647058,12,3,2,1,10,2,0.8,21233664,0.6
11,66,2,1,1,0,0.3020875,2,0.2,0,2,0.0,0,2,0,1,0,1,0.0,14155776,0.2
11,68,41,30,11,3,9.602802012,4,0.4,19,22,0.4634146341463415,11,4,1,3,10,1,0.7333333333333333,28311552,1.2000000000000002
11,69,29,6,23,20,11.932173967000002,1,0.1,22,7,0.7586206896551724,22,2,0,1,22,1,0.9166666666666666,14155776,0.1
11,70,99,52,47,26,27.10976278,10,1.0,90,9,0.9090909090909091,49,7,8,1,41,6,0.875,49545216,6.0
11,71,2,2,0,0,0.305240542,2,0.2,0,2,0.0,0,2,0,2,0,0,0.0,14155776,0.2
11,72,1,1,0,0,0.215287194,1,0.1,0,1,0.0,0,1,0,1,0,0,0.0,7077888,0.0
11,73,15,7,8,0,3.0651991069999998,2,0.2,7,8,0.4666666666666667,7,3,0,2,7,1,0.7,21233664,0.4
11,74,1,0,1,0,0.155868188,1,0.1,0,1,0.0,0,1,0,0,0,1,0.0,7077888,0.0
11,75,1,0,1,0,0.178613558,1,0.1,0,1,0.0,0,1,0,0,0,1,0.0,7077888,0.0
11,76,6,5,1,2,1.591305225,1,0.1,0,6,0.0,0,2,0,1,0,1,0.0,14155776,0.1
11,77,3,2,1,0,0.782871097,1,0.1,0,3,0.0,0,2,0,1,0,1,0.0,14155776,0.1
11,79,1,1,0,0,0.116956487,1,0.1,0,1,0.0,0,1,0,1,0,0,0.0,7077888,0.0
11,81,6,4,2,0,1.155737654,2,0.2,4,2,0.6666666666666666,1,2,1,0,0,2,0.3333333333333333,14155776,0.2
11,83,14,11,3,3,4.024284183,4,0.4,2,12,0.14285714285714285,2,5,0,4,2,1,0.2857142857142857,35389440,1.6
11,84,10,6,4,6,3.2714541850000005,1,0.1,3,7,0.3,3,2,0,1,3,1,0.6,14155776,0.1
11,85,76,57,19,4,16.299616970100004,10,1.0,38,38,0.5,21,8,4,6,17,2,0.7241379310344828,56623104,7.0
11,89,61,31,30,7,14.838902800000007,10,1.0,47,14,0.7704918032786885,32,8,7,3,25,5,0.8,56623104,7.0
11,91,2,1,1,0,0.334888295,1,0.1,0,2,0.0,0,2,0,1,0,1,0.0,14155776,0.1
11,93,2,0,2,0,0.280857384,1,0.1,1,1,0.5,1,1,0,0,1,1,0.5,7077888,0.0
11,94,103,96,7,9,22.47375747910001,10,1.0,19,84,0.18446601941747573,5,12,1,9,4,3,0.29411764705882354,84934656,11.0
11,95,2,0,2,0,0.34161128100000004,2,0.2,0,2,0.0,0,2,0,0,0,2,0.0,14155776,0.2
11,96,9,3,6,0,2.127332985,5,0.5,3,6,0.3333333333333333,3,6,1,2,2,4,0.3333333333333333,42467328,2.5
11,97,14,11,3,1,2.968895101,8,0.8,1,13,0.07142857142857142,1,9,1,6,0,3,0.1,63700992,6.4
11,98,39,20,19,11,11.220436514999998,4,0.4,17,22,0.4358974358974359,17,6,0,4,17,2,0.7391304347826086,42467328,2.0
11,101,6,3,3,0,1.11215587,2,0.2,1,5,0.16666666666666666,1,3,0,1,1,2,0.25,21233664,0.4
11,102,4,2,2,1,0.827067942,2,0.2,0,4,0.0,0,4,0,2,0,2,0.0,28311552,0.6000000000000001
11,105,9,0,9,5,2.984761132,2,0.2,6,3,0.6666666666666666,6,3,0,0,6,3,0.6666666666666666,21233664,0.4
11,109,4,1,3,0,0.75873825,2,0.2,2,2,0.5,2,2,0,1,2,1,0.5,14155776,0.2
11,110,2,2,0,0,0.410650269,1,0.1,0,2,0.0,0,1,0,1,0,0,0.0,7077888,0.0
11,111,3,3,0,0,0.40291032260000004,3,0.3,0,3,0.0,0,3,0,3,0,0,0.0,21233664,0.6
11,112,11,7,4,0,1.9951907100000001,5,0.5,5,6,0.45454545454545453,4,4,2,2,2,2,0.5,28311552,1.5
11,113,2,0,2,1,0.618275165,1,0.1,1,1,0.5,1,1,0,0,1,1,0.5,7077888,0.0
11,114,6,6,0,2,1.4542425260000003,3,0.3,0,6,0.0,0,3,0,3,0,0,0.0,21233664,0.6
11,115,10,10,0,0,0.24514474130000002,10,1.0,0,10,0.0,0,10,0,10,0,0,0.0,70778880,9.0
11,117,6,1,5,0,1.010103912,2,0.2,4,2,0.6666666666666666,4,2,0,1,4,1,0.6666666666666666,14155776,0.2
11,118,15,10,5,0,2.6880370080000002,8,0.8,5,10,0.3333333333333333,4,8,1,6,3,2,0.3333333333333333,56623104,5.6000000000000005
11,119,26,14,12,4,7.0092073090000016,3,0.3,16,10,0.6153846153846154,9,5,1,1,8,4,0.6428571428571429,35389440,1.2
11,120,2,1,1,0,0.305237755,1,0.1,0,2,0.0,0,2,0,1,0,1,0.0,14155776,0.1
11,121,5,4,1,0,0.842587142,3,0.3,0,5,0.0,0,4,0,3,0,1,0.0,28311552,0.8999999999999999
11,124,1,0,1,0,0.163079426,1,0.1,0,1,0.0,0,1,0,0,0,1,0.0,7077888,0.0
11,125,5,3,2,0,1.4718948310000002,2,0.2,0,5,0.0,0,3,0,1,0,2,0.0,21233664,0.4
11,126,5,3,2,1,1.13444309,2,0.2,0,5,0.0,0,3,0,1,0,2,0.0,21233664,0.4
11,127,49,42,7,9,12.787713616999994,9,0.9,7,42,0.14285714285714285,6,10,1,8,5,2,0.375,70778880,8.1
11,129,4,3,1,0,0.9906462279999999,3,0.3,0,4,0.0,0,3,0,2,0,1,0.0,21233664,0.6
11,130,1,0,1,0,0.189840168,1,0.1,0,1,0.0,0,1,0,0,0,1,0.0,7077888,0.0
11,132,7,7,0,1,1.782104925,2,0.2,0,7,0.0,0,2,0,2,0,0,0.0,14155776,0.2
11,133,41,38,3,1,7.166429096999998,10,1.0,3,38,0.07317073170731707,2,11,1,9,1,2,0.15384615384615385,77856768,10.0
11,134,2,2,0,0,0.39219340700000005,2,0.2,0,2,0.0,0,2,0,2,0,0,0.0,14155776,0.2
11,135,3,1,2,0,0.5357662299999999,1,0.1,1,2,0.3333333333333333,1,2,0,1,1,1,0.3333333333333333,14155776,0.1
11,137,1,1,0,0,0.107703254,1,0.1,0,1,0.0,0,1,0,1,0,0,0.0,7077888,0.0
11,138,7,5,2,0,1.482804938,5,0.5,0,7,0.0,0,5,0,3,0,2,0.0,35389440,2.0
11,141,13,5,8,3,3.8185860070000004,4,0.4,4,9,0.3076923076923077,4,6,0,2,4,4,0.4,42467328,2.0
11,143,1,0,1,0,0.197770491,1,0.1,0,1,0.0,0,1,0,0,0,1,0.0,7077888,0.0
11,144,30,22,8,4,7.385381833000001,6,0.6,6,24,0.2,6,7,0,5,6,2,0.46153846153846156,49545216,3.5999999999999996
11,145,20,11,9,1,3.8262088739999998,6,0.6,10,10,0.5,7,8,3,3,4,5,0.4666666666666667,56623104,4.2
11,146,3,1,2,0,0.49532290600000006,2,0.2,0,3,0.0,0,3,0,1,0,2,0.0,21233664,0.4
11,147,5,4,1,0,0.776918993,2,0.2,0,5,0.0,0,3,0,2,0,1,0.0,21233664,0.4
11,148,7,4,3,0,1.4727459550000002,2,0.2,1,6,0.14285714285714285,1,3,0,1,1,2,0.25,21233664,0.4
11,149,1,0,1,0,0.158591881,1,0.1,0,1,0.0,0,1,0,0,0,1,0.0,7077888,0.0
11,150,9,0,9,0,1.481943175,6,0.6,3,6,0.3333333333333333,3,6,0,0,3,6,0.3333333333333333,42467328,3.0
11,151,36,18,18,7,9.473414840000002,5,0.5,19,17,0.5277777777777778,19,4,1,4,18,0,0.8260869565217391,28311552,1.5
11,152,4,2,2,0,0.826874659,4,0.4,0,4,0.0,0,4,0,2,0,2,0.0,28311552,1.2000000000000002
11,153,1,1,0,0,0.166837305,1,0.1,0,1,0.0,0,1,0,1,0,0,0.0,7077888,0.0
11,154,7,0,7,1,1.645533934,2,0.2,4,3,0.5714285714285714,4,3,0,0,4,3,0.5714285714285714,21233664,0.4
11,155,5,2,3,0,0.909870774,1,0.1,2,3,0.4,2,2,0,1,2,1,0.5,14155776,0.1
11,157,1,0,1,0,0.196529746,1,0.1,0,1,0.0,0,1,0,0,0,1,0.0,7077888,0.0
11,159,3,2,1,0,0.58728826,3,0.3,1,2,0.3333333333333333,1,2,1,1,0,1,0.3333333333333333,14155776,0.3
11,160,13,1,12,0,2.152421265,5,0.5,6,7,0.46153846153846156,6,7,0,1,6,6,0.46153846153846156,49545216,3.0
11,161,78,78,0,38,30.145087124799993,10,1.0,0,78,0.0,0,10,0,10,0,0,0.0,70778880,9.0
11,162,42,34,8,7,10.792085348999997,7,0.7,14,28,0.3333333333333333,6,8,2,4,4,4,0.42857142857142855,56623104,4.8999999999999995
11,163,44,43,1,4,10.096343860000001,9,0.9,5,39,0.11363636363636363,2,8,1,8,1,0,0.2,56623104,6.3
11,164,37,14,23,19,13.288176672999997,3,0.3,24,13,0.6486486486486487,24,2,1,2,23,0,0.9230769230769231,14155776,0.3
11,165,3,2,1,0,0.5137858399999999,1,0.1,0,3,0.0,0,2,0,1,0,1,0.0,14155776,0.1
11,167,2,0,2,0,0.343988195,1,0.1,1,1,0.5,1,1,0,0,1,1,0.5,7077888,0.0
11,171,1,1,0,0,0.131134748,1,0.1,0,1,0.0,0,1,0,1,0,0,0.0,7077888,0.0
11,174,6,4,2,2,1.995377004,2,0.2,1,5,0.16666666666666666,1,3,0,2,1,1,0.25,21233664,0.4
11,175,4,1,3,0,0.659510359,2,0.2,1,3,0.25,1,3,0,1,1,2,0.25,21233664,0.4
11,176,10,2,8,0,1.6348131293,2,0.2,5,5,0.5,5,4,0,1,5,3,0.5555555555555556,28311552,0.6000000000000001
11,178,1,1,0,0,0.126229659,1,0.1,0,1,0.0,0,1,0,1,0,0,0.0,7077888,0.0
11,179,1,1,0,0,0.212787002,1,0.1,0,1,0.0,0,1,0,1,0,0,0.0,7077888,0.0
11,180,3,1,2,0,0.4034067394,3,0.3,0,3,0.0,0,3,0,1,0,2,0.0,21233664,0.6
11,181,5,3,2,0,1.0258011519999999,2,0.2,0,5,0.0,0,3,0,1,0,2,0.0,21233664,0.4
11,182,3,3,0,0,0.4449821489,2,0.2,0,3,0.0,0,2,0,2,0,0,0.0,14155776,0.2
11,184,4,2,2,0,0.5855904009999999,3,0.3,1,3,0.25,1,3,0,2,1,1,0.25,21233664,0.6
11,186,52,43,9,6,10.271901717000002,10,1.0,13,39,0.25,6,13,1,9,5,4,0.3157894736842105,92012544,12.0
11,187,1,1,0,0,0.140955746,1,0.1,0,1,0.0,0,1,0,1,0,0,0.0,7077888,0.0
11,189,10,5,5,2,2.717256755,4,0.4,3,7,0.3,3,5,1,2,2,3,0.375,35389440,1.6
11,190,10,3,7,0,1.9162721779999998,3,0.3,5,5,0.5,5,4,0,2,5,2,0.5555555555555556,28311552,0.8999999999999999
11,191,29,15,14,5,8.053911881000001,3,0.3,24,5,0.8275862068965517,14,3,2,1,12,2,0.8235294117647058,21233664,0.6
11,192,6,4,2,0,1.293473065,1,0.1,0,6,0.0,0,3,0,1,0,2,0.0,21233664,0.2
11,194,5,1,4,0,0.9212334010000001,2,0.2,2,3,0.4,2,3,0,1,2,2,0.4,21233664,0.4
11,195,44,34,10,3,9.775484834,4,0.4,8,36,0.18181818181818182,8,6,0,4,8,2,0.5714285714285714,42467328,2.0
11,196,2,2,0,0,0.31771492999999995,1,0.1,0,2,0.0,0,1,0,1,0,0,0.0,7077888,0.0
11,197,1,1,0,0,0.196056634,1,0.1,0,1,0.0,0,1,0,1,0,0,0.0,7077888,0.0
11,199,3,1,2,2,0.9521136290000001,2,0.2,0,3,0.0,0,3,0,1,0,2,0.0,21233664,0.4
11,201,1,1,0,0,0.232200325,1,0.1,0,1,0.0,0,1,0,1,0,0,0.0,7077888,0.0
11,203,1,0,1,0,0.16697818,1,0.1,0,1,0.0,0,1,0,0,0,1,0.0,7077888,0.0
11,204,4,1,3,0,0.7159576719999999,2,0.2,2,2,0.5,2,2,0,1,2,1,0.5,14155776,0.2
11,205,18,7,11,0,4.1213946120000005,3,0.3,7,11,0.3888888888888889,7,6,0,2,7,4,0.5384615384615384,42467328,1.5
11,206,3,3,0,0,0.625003845,1,0.1,0,3,0.0,0,1,0,1,0,0,0.0,7077888,0.0
11,207,5,4,1,0,0.940614566,3,0.3,0,5,0.0,0,4,0,3,0,1,0.0,28311552,0.8999999999999999
11,208,2,2,0,0,0.413549289,1,0.1,0,2,0.0,0,1,0,1,0,0,0.0,7077888,0.0
11,209,73,36,37,8,18.294555199,7,0.7,60,13,0.821917808219178,35,6,2,2,33,4,0.8536585365853658,42467328,3.5
11,210,8,1,7,0,1.6454957860000001,4,0.4,3,5,0.375,3,5,0,1,3,4,0.375,35389440,1.6
11,211,1,1,0,0,0.196744621,1,0.1,0,1,0.0,0,1,0,1,0,0,0.0,7077888,0.0
11,212,2,0,2,0,0.268801242,2,0.2,0,2,0.0,0,2,0,0,0,2,0.0,14155776,0.2
11,213,14,5,9,0,2.4837215402000004,3,0.3,6,8,0.42857142857142855,6,5,0,2,6,3,0.5454545454545454,35389440,1.2
11,214,28,14,14,11,8.228443010000001,5,0.5,9,19,0.32142857142857145,9,8,0,3,9,5,0.5294117647058824,56623104,3.5
11,215,14,3,11,0,3.0884180210000007,3,0.3,10,4,0.7142857142857143,10,4,0,3,10,1,0.7142857142857143,28311552,0.8999999999999999
11,217,11,8,3,6,3.601765514,1,0.1,1,10,0.09090909090909091,1,3,0,1,1,2,0.25,21233664,0.2
11,218,10,10,0,0,1.035190732,10,1.0,0,10,0.0,0,10,0,10,0,0,0.0,70778880,9.0
11,219,2,1,1,0,0.403615176,2,0.2,1,1,0.5,1,1,1,0,0,1,0.5,7077888,0.0
11,220,24,11,13,20,10.49894026,2,0.2,11,13,0.4583333333333333,11,4,0,2,11,2,0.7333333333333333,28311552,0.6000000000000001
11,221,10,4,6,0,2.048865587,2,0.2,4,6,0.4,4,4,0,2,4,2,0.5,28311552,0.6000000000000001
11,222,24,19,5,0,2.607709094600001,10,1.0,2,22,0.08333333333333333,2,13,1,9,1,4,0.13333333333333333,92012544,12.0
11,223,1,0,1,0,0.171795636,1,0.1,0,1,0.0,0,1,0,0,0,1,0.0,7077888,0.0
11,224,3,2,1,1,0.782401264,3,0.3,1,2,0.3333333333333333,1,2,1,1,0,1,0.3333333333333333,14155776,0.3
11,225,6,4,2,0,1.6599600479999999,1,0.1,1,5,0.16666666666666666,1,2,0,1,1,1,0.3333333333333333,14155776,0.1
11,226,18,14,4,0,1.8278170732000003,10,1.0,1,17,0.05555555555555555,1,13,0,10,1,3,0.07142857142857142,92012544,12.0
11,227,33,8,25,5,9.289258570000001,2,0.2,23,10,0.696969696969697,23,3,0,1,23,2,0.8846153846153846,21233664,0.4
11,229,5,0,5,0,0.951996595,5,0.5,0,5,0.0,0,5,0,0,0,5,0.0,35389440,2.0
11,230,1,0,1,0,0.100055799,1,0.1,0,1,0.0,0,1,0,0,0,1,0.0,7077888,0.0
11,232,164,91,73,32,44.10834093300002,10,1.0,145,19,0.8841463414634146,79,4,8,2,71,2,0.9518072289156626,28311552,3.0
11,234,2,0,2,0,0.370779023,1,0.1,1,1,0.5,1,1,0,0,1,1,0.5,7077888,0.0
11,235,18,11,7,3,4.672234981000002,1,0.1,6,12,0.3333333333333333,6,2,0,1,6,1,0.75,14155776,0.1
11,236,4,2,2,0,1.064260571,1,0.1,1,3,0.25,1,2,0,1,1,1,0.3333333333333333,14155776,0.1
11,239,1,1,0,0,0.168746561,1,0.1,0,1,0.0,0,1,0,1,0,0,0.0,7077888,0.0
11,240,2,1,1,0,0.319411636,1,0.1,0,2,0.0,0,2,0,1,0,1,0.0,14155776,0.1
11,242,10,4,6,2,2.454254568,2,0.2,4,6,0.4,4,4,0,2,4,2,0.5,28311552,0.6000000000000001
11,243,2,0,2,0,0.32484620799999997,2,0.2,0,2,0.0,0,2,0,0,0,2,0.0,14155776,0.2
11,244,1,1,0,0,0.243046358,1,0.1,0,1,0.0,0,1,0,1,0,0,0.0,7077888,0.0
11,245,2,2,0,0,0.39041472899999996,2,0.2,0,2,0.0,0,2,0,2,0,0,0.0,14155776,0.2
11,246,5,1,4,2,1.716269493,3,0.3,1,4,0.2,1,4,0,1,1,3,0.2,28311552,0.8999999999999999
11,247,85,38,47,6,18.378314506000002,10,1.0,66,19,0.7764705882352941,50,7,6,4,44,3,0.8771929824561403,49545216,6.0
11,248,40,35,5,6,9.380489142000002,6,0.6,11,29,0.275,6,5,1,5,5,0,0.5454545454545454,35389440,2.4
11,249,3,0,3,0,0.5549069200000001,1,0.1,2,1,0.6666666666666666,2,1,0,0,2,1,0.6666666666666666,7077888,0.0
11,253,7,4,3,0,1.391804651,4,0.4,1,6,0.14285714285714285,1,4,0,2,1,2,0.2,28311552,1.2000000000000002
11,255,2,0,2,0,0.38055989199999996,1,0.1,1,1,0.5,1,1,0,0,1,1,0.5,7077888,0.0
12,2,15,11,4,2,3.664200083,3,0.3,3,12,0.2,3,4,1,2,2,2,0.42857142857142855,28311552,0.8999999999999999
12,3,6,3,3,0,1.017322622,3,0.3,1,5,0.16666666666666666,1,5,0,3,1,2,0.16666666666666666,35389440,1.2
12,4,10,5,5,6,3.034813554,2,0.2,5,5,0.5,5,2,0,2,5,0,0.7142857142857143,14155776,0.2
12,10,1,1,0,0,0.137617722,1,0.1,0,1,0.0,0,1,0,1,0,0,0.0,7077888,0.0
12,11,2,0,2,0,0.326837241,2,0.2,0,2,0.0,0,2,0,0,0,2,0.0,14155776,0.2
12,13,13,2,11,3,3.353959397,1,0.1,10,3,0.7692307692307693,10,2,0,1,10,1,0.8333333333333334,14155776,0.1
12,14,184,161,23,68,59.95987261299999,10,1.0,128,56,0.6956521739130435,23,10,7,3,16,7,0.696969696969697,70778880,9.0
12,15,18,11,7,1,3.6697572100000007,9,0.9,6,12,0.3333333333333333,6,8,2,5,4,3,0.42857142857142855,56623104,6.3
12,16,2,1,1,0,0.36162477699999995,1,0.1,0,2,0.0,0,2,0,1,0,1,0.0,14155776,0.1
12,17,5,3,2,0,0.912611603,1,0.1,0,5,0.0,0,3,0,1,0,2,0.0,21233664,0.2
12,18,18,16,2,2,4.149608924,2,0.2,6,12,0.3333333333333333,2,2,1,1,1,1,0.5,14155776,0.2
12,19,10,10,0,0,4.377904863,10,1.0,0,10,0.0,0,10,0,10,0,0,0.0,70778880,9.0
12,20,1,1,0,0,0.173414707,1,0.1,0,1,0.0,0,1,0,1,0,0,0.0,7077888,0.0
12,21,2,2,0,0,0.363857597,1,0.1,0,2,0.0,0,1,0,1,0,0,0.0,7077888,0.0
12,22,1,1,0,0,0.176773906,1,0.1,0,1,0.0,0,1,0,1,0,0,0.0,7077888,0.0
12,23,5,0,5,0,1.176329955,4,0.4,1,4,0.2,1,4,0,0,1,4,0.2,28311552,1.2000000000000002
12,24,1,1,0,0,0.184725508,1,0.1,0,1,0.0,0,1,0,1,0,0,0.0,7077888,0.0
12,25,4,2,2,0,0.8547751,2,0.2,1,3,0.25,1,2,0,1,1,1,0.3333333333333333,14155776,0.2
12,26,19,12,7,6,4.889728932999999,2,0.2,9,10,0.47368421052631576,7,2,1,1,6,1,0.7777777777777778,14155776,0.2
12,28,5,1,4,1,1.366034657,2,0.2,3,2,0.6,3,2,0,1,3,1,0.6,14155776,0.2
12,30,1,0,1,0,0.154219225,1,0.1,0,1,0.0,0,1,0,0,0,1,0.0,7077888,0.0
12,33,14,14,0,0,1.6931584122,10,1.0,0,14,0.0,0,10,0,10,0,0,0.0,70778880,9.0
12,34,1,0,1,0,0.118903108,1,0.1,0,1,0.0,0,1,0,0,0,1,0.0,7077888,0.0
12,36,37,22,15,5,9.899770144000001,3,0.3,25,12,0.6756756756756757,15,3,2,1,13,2,0.8333333333333334,21233664,0.6
12,37,43,20,23,15,13.0591482126,3,0.3,23,20,0.5348837209302325,23,3,0,3,23,0,0.8846153846153846,21233664,0.6
12,38,3,2,1,0,0.401148081,3,0.3,0,3,0.0,0,3,0,2,0,1,0.0,21233664,0.6
12,40,6,3,3,2,1.810788095,1,0.1,2,4,0.3333333333333333,2,2,0,1,2,1,0.5,14155776,0.1
12,41,3,1,2,0,0.585514278,1,0.1,2,1,0.6666666666666666,2,1,0,1,2,0,0.6666666666666666,7077888,0.0
12,42,6,2,4,3,2.045784935,1,0.1,3,3,0.5,3,2,0,1,3,1,0.6,14155776,0.1
12,43,175,126,49,46,51.15387498400001,10,1.0,146,29,0.8342857142857143,55,4,8,2,47,2,0.9322033898305084,28311552,3.0
12,45,22,20,2,0,4.68001474,10,1.0,5,17,0.22727272727272727,3,9,2,8,1,1,0.25,63700992,8.0
12,46,2,2,0,1,0.5089884250000001,2,0.2,0,2,0.0,0,2,0,2,0,0,0.0,14155776,0.2
12,49,1,0,1,0,0.216647118,1,0.1,0,1,0.0,0,1,0,0,0,1,0.0,7077888,0.0
12,50,35,17,18,4,8.255478014000001,3,0.3,15,20,0.42857142857142855,15,6,0,3,15,3,0.7142857142857143,42467328,1.5
12,51,11,9,2,2,2.8779808890000003,1,0.1,1,10,0.09090909090909091,1,2,0,1,1,1,0.3333333333333333,14155776,0.1
12,52,4,0,4,0,1.036673501,1,0.1,3,1,0.75,3,1,0,0,3,1,0.75,7077888,0.0
12,54,22,2,20,1,5.293470335,4,0.4,18,4,0.8181818181818182,17,4,1,0,16,4,0.8095238095238095,28311552,1.2000000000000002
12,55,2,1,1,0,0.303268969,1,0.1,0,2,0.0,0,2,0,1,0,1,0.0,14155776,0.1
12,58,2,2,0,0,0.295171931,2,0.2,0,2,0.0,0,2,0,2,0,0,0.0,14155776,0.2
12,60,5,5,0,0,0.9242799429999999,2,0.2,0,5,0.0,0,2,0,2,0,0,0.0,14155776,0.2
12,61,17,15,2,0,1.7840879046999998,10,1.0,1,16,0.058823529411764705,1,11,1,9,0,2,0.08333333333333333,77856768,10.0
12,62,1,1,0,0,0.12021637,1,0.1,0,1,0.0,0,1,0,1,0,0,0.0,7077888,0.0
12,67,2,0,2,0,0.451951981,1,0.1,1,1,0.5,1,1,0,0,1,1,0.5,7077888,0.0
12,70,11,2,9,3,3.140851914,1,0.1,8,3,0.7272727272727273,8,2,0,1,8,1,0.8,14155776,0.1
12,77,10,8,2,0,1.816665679,4,0.4,0,10,0.0,0,6,0,4,0,2,0.0,42467328,2.0
12,78,44,29,15,9,11.507375,4,0.4,27,17,0.6136363636363636,15,4,1,3,14,1,0.7894736842105263,28311552,1.2000000000000002
12,79,2,1,1,0,0.354591012,1,0.1,0,2,0.0,0,2,0,1,0,1,0.0,14155776,0.1
12,80,10,10,0,10,13.3186686,10,1.0,0,10,0.0,0,10,0,10,0,0,0.0,70778880,9.0
12,81,2,1,1,0,0.591762632,1,0.1,0,2,0.0,0,2,0,1,0,1,0.0,14155776,0.1
12,82,9,2,7,0,1.5481153129999998,5,0.5,4,5,0.4444444444444444,4,5,1,1,3,4,0.4444444444444444,35389440,2.0
12,83,5,2,3,0,0.937457338,2,0.2,2,3,0.4,2,3,1,1,1,2,0.4,21233664,0.4
12,84,2,2,0,0,0.362394601,2,0.2,0,2,0.0,0,2,0,2,0,0,0.0,14155776,0.2
12,85,24,8,16,8,6.19508201,4,0.4,15,9,0.625,15,5,0,4,15,1,0.75,35389440,1.6
12,86,3,0,3,0,0.4034633342,2,0.2,1,2,0.3333333333333333,1,2,0,0,1,2,0.3333333333333333,14155776,0.2
12,87,10,8,2,0,1.8574466028,3,0.3,3,7,0.3,1,4,1,2,0,2,0.2,28311552,0.8999999999999999
12,88,2,2,0,0,0.38773350500000003,1,0.1,0,2,0.0,0,1,0,1,0,0,0.0,7077888,0.0
12,91,5,0,5,0,0.992320194,2,0.2,3,2,0.6,3,2,0,0,3,2,0.6,14155776,0.2
12,92,17,9,8,2,3.891385882,3,0.3,6,11,0.35294117647058826,6,4,0,2,6,2,0.6,28311552,0.8999999999999999
12,93,11,6,5,0,2.084517224,5,0.5,4,7,0.36363636363636365,3,6,1,3,2,3,0.3333333333333333,42467328,2.5
12,94,6,5,1,0,1.210491583,1,0.1,0,6,0.0,0,2,0,1,0,1,0.0,14155776,0.1
12,95,2,0,2,1,0.519599319,1,0.1,0,2,0.0,0,2,0,0,0,2,0.0,14155776,0.1
12,97,37,16,21,7,11.826782794,2,0.2,20,17,0.5405405405405406,20,3,0,2,20,1,0.8695652173913043,21233664,0.4
12,98,3,2,1,0,0.41899114800000004,2,0.2,0,3,0.0,0,3,0,2,0,1,0.0,21233664,0.4
12,99,8,0,8,1,1.7608331299999997,1,0.1,7,1,0.875,7,1,0,0,7,1,0.875,7077888,0.0
12,100,2,1,1,0,0.391219855,2,0.2,0,2,0.0,0,2,0,1,0,1,0.0,14155776,0.2
12,101,5,3,2,0,1.252368152,2,0.2,0,5,0.0,0,3,0,1,0,2,0.0,21233664,0.4
12,104,1,0,1,0,0.157023311,1,0.1,0,1,0.0,0,1,0,0,0,1,0.0,7077888,0.0
12,105,20,10,10,0,3.395449266,10,1.0,8,12,0.4,8,12,4,6,4,6,0.4,84934656,11.0
12,106,1,0,1,0,0.142354444,1,0.1,0,1,0.0,0,1,0,0,0,1,0.0,7077888,0.0
12,108,3,2,1,0,0.600653991,2,0.2,0,3,0.0,0,2,0,1,0,1,0.0,14155776,0.2
12,109,3,1,2,0,0.463034034,1,0.1,1,2,0.3333333333333333,1,2,0,1,1,1,0.3333333333333333,14155776,0.1
12,110,5,3,2,0,0.8287179929999999,2,0.2,4,1,0.8,2,1,1,0,1,1,0.6666666666666666,7077888,0.0
12,111,3,2,1,0,0.788063734,2,0.2,0,3,0.0,0,3,0,2,0,1,0.0,21233664,0.4
12,113,7,5,2,0,1.278087392,1,0.1,1,6,0.14285714285714285,1,2,0,1,1,1,0.3333333333333333,14155776,0.1
12,114,6,2,4,0,1.1345151297,1,0.1,3,3,0.5,3,2,0,1,3,1,0.6,14155776,0.1
12,119,1,0,1,0,0.20634833,1,0.1,0,1,0.0,0,1,0,0,0,1,0.0,7077888,0.0
12,122,217,126,91,30,52.95036062100002,10,1.0,187,30,0.8617511520737328,98,3,8,2,90,1,0.9702970297029703,21233664,2.0
12,123,1,1,0,0,0.139305696,1,0.1,0,1,0.0,0,1,0,1,0,0,0.0,7077888,0.0
12,124,57,32,25,9,14.006784980799997,9,0.9,50,7,0.8771929824561403,27,5,6,1,21,4,0.84375,35389440,3.6
12,125,7,5,2,2,1.9920839970000002,3,0.3,0,7,0.0,0,4,0,2,0,2,0.0,28311552,0.8999999999999999
12,126,4,1,3,0,0.689605787,3,0.3,0,4,0.0,0,4,0,1,0,3,0.0,28311552,0.8999999999999999
12,127,4,0,4,0,0.5659564370000001,1,0.1,3,1,0.75,3,1,0,0,3,1,0.75,7077888,0.0
12,128,31,8,23,10,9.770293771999999,2,0.2,21,10,0.6774193548387096,21,3,0,1,21,2,0.875,21233664,0.4
12,129,1,1,0,0,0.142400742,1,0.1,0,1,0.0,0,1,0,1,0,0,0.0,7077888,0.0
12,131,22,19,3,6,6.171325534,8,0.8,2,20,0.09090909090909091,2,8,1,6,1,2,0.2,56623104,5.6000000000000005
12,134,33,28,5,2,6.817895111999998,9,0.9,6,27,0.18181818181818182,5,9,1,8,4,1,0.35714285714285715,63700992,7.2
12,135,8,7,1,0,1.478015946,2,0.2,1,7,0.125,1,2,0,2,1,0,0.3333333333333333,14155776,0.2
12,136,3,0,3,0,0.38487117000000004,2,0.2,1,2,0.3333333333333333,1,2,0,0,1,2,0.3333333333333333,14155776,0.2
12,137,5,5,0,0,0.8862143010000001,3,0.3,0,5,0.0,0,3,0,3,0,0,0.0,21233664,0.6
12,138,1,0,1,0,0.11554803,1,0.1,0,1,0.0,0,1,0,0,0,1,0.0,7077888,0.0
12,139,1,0,1,0,0.202700585,1,0.1,0,1,0.0,0,1,0,0,0,1,0.0,7077888,0.0
12,141,2,1,1,0,0.2087497858,2,0.2,0,2,0.0,0,2,0,1,0,1,0.0,14155776,0.2
12,142,151,85,66,49,47.81419951799998,10,1.0,128,23,0.847682119205298,72,4,8,2,64,2,0.9473684210526315,28311552,3.0
12,143,3,1,2,0,0.863740503,1,0.1,1,2,0.3333333333333333,1,2,0,1,1,1,0.3333333333333333,14155776,0.1
12,144,13,5,8,0,2.3963320877,4,0.4,7,6,0.5384615384615384,7,4,0,3,7,1,0.6363636363636364,28311552,1.2000000000000002
12,148,33,11,22,0,5.621183335,6,0.6,22,11,0.6666666666666666,22,6,1,5,21,1,0.7857142857142857,42467328,3.0
12,149,34,15,19,14,10.065692962000002,5,0.5,18,16,0.5294117647058824,16,6,1,2,15,4,0.7272727272727273,42467328,2.5
12,151,5,2,3,0,0.693444027,1,0.1,1,4,0.2,1,3,0,1,1,2,0.25,21233664,0.2
12,152,9,1,8,3,2.3805743459999995,2,0.2,6,3,0.6666666666666666,6,3,0,1,6,2,0.6666666666666666,21233664,0.4
12,154,22,16,6,2,4.56410724,7,0.7,4,18,0.18181818181818182,4,9,0,7,4,2,0.3076923076923077,63700992,5.6
12,155,2,2,0,0,0.327852532,1,0.1,0,2,0.0,0,1,0,1,0,0,0.0,7077888,0.0
12,156,16,7,9,0,3.3906470380000004,5,0.5,6,10,0.375,6,6,0,3,6,3,0.5,42467328,2.5
12,158,26,16,10,8,6.668288453000001,2,0.2,22,4,0.8461538461538461,10,2,1,1,9,1,0.8333333333333334,14155776,0.2
12,159,4,3,1,0,0.961279869,3,0.3,0,4,0.0,0,3,0,2,0,1,0.0,21233664,0.6
12,162,4,2,2,0,0.969897672,2,0.2,0,4,0.0,0,3,0,1,0,2,0.0,21233664,0.4
12,163,15,7,8,6,4.9842776650000005,3,0.3,6,9,0.4,6,3,0,1,6,2,0.6666666666666666,21233664,0.6
12,164,25,23,2,1,5.725031108,10,1.0,6,19,0.24,3,9,2,8,1,1,0.25,63700992,8.0
12,165,10,10,0,0,0.33909852800000007,10,1.0,0,10,0.0,0,10,0,10,0,0,0.0,70778880,9.0
12,167,17,13,4,1,3.922426015,4,0.4,5,12,0.29411764705882354,3,5,1,3,2,2,0.375,35389440,1.6
12,168,9,1,8,0,1.780390368,4,0.4,4,5,0.4444444444444444,4,5,0,1,4,4,0.4444444444444444,35389440,1.6
12,169,11,11,0,0,0.43675179000000003,10,1.0,0,11,0.0,0,10,0,10,0,0,0.0,70778880,9.0
12,170,3,2,1,0,0.550425052,3,0.3,0,3,0.0,0,3,0,2,0,1,0.0,21233664,0.6
12,171,6,6,0,0,1.388780533,2,0.2,0,6,0.0,0,2,0,2,0,0,0.0,14155776,0.2
12,172,2,1,1,0,0.35822714899999997,1,0.1,0,2,0.0,0,2,0,1,0,1,0.0,14155776,0.1
12,174,4,3,1,0,0.635544465,2,0.2,0,4,0.0,0,3,0,2,0,1,0.0,21233664,0.4
12,177,7,2,5,0,1.340799488,2,0.2,4,3,0.5714285714285714,4,3,0,2,4,1,0.5714285714285714,21233664,0.4
12,179,1,1,0,0,0.152217194,1,0.1,0,1,0.0,0,1,0,1,0,0,0.0,7077888,0.0
12,181,1,1,0,0,0.162026852,1,0.1,0,1,0.0,0,1,0,1,0,0,0.0,7077888,0.0
12,183,11,1,10,1,2.277697847,4,0.4,7,4,0.6363636363636364,7,4,0,1,7,3,0.6363636363636364,28311552,1.2000000000000002
12,185,51,25,26,4,11.318711341,6,0.6,26,25,0.5098039215686274,23,7,1,3,22,4,0.7666666666666667,49545216,3.5999999999999996
12,186,1,1,0,0,0.177728891,1,0.1,0,1,0.0,0,1,0,1,0,0,0.0,7077888,0.0
12,187,36,34,2,6,8.668225807999999,7,0.7,1,35,0.027777777777777776,1,8,0,7,1,1,0.1111111111111111,56623104,4.8999999999999995
12,188,5,4,1,0,0.837767139,1,0.1,0,5,0.0,0,2,0,1,0,1,0.0,14155776,0.1
12,189,128,66,62,18,30.366894978,7,0.7,101,27,0.7890625,66,3,4,3,62,0,0.9565217391304348,21233664,1.4
12,191,3,0,3,0,0.5764750240000001,1,0.1,2,1,0.6666666666666666,2,1,0,0,2,1,0.6666666666666666,7077888,0.0
12,192,5,3,2,0,0.97214198,4,0.4,1,4,0.2,1,3,1,1,0,2,0.25,21233664,0.8
12,193,10,10,0,0,1.557020842,4,0.4,0,10,0.0,0,4,0,4,0,0,0.0,28311552,1.2000000000000002
12,194,3,1,2,0,0.68147026,2,0.2,0,3,0.0,0,3,0,1,0,2,0.0,21233664,0.4
12,195,2,2,0,0,0.38847878599999996,1,0.1,0,2,0.0,0,1,0,1,0,0,0.0,7077888,0.0
12,196,3,0,3,0,0.626220018,2,0.2,0,3,0.0,0,3,0,0,0,3,0.0,21233664,0.4
12,198,7,1,6,4,2.611903609,2,0.2,4,3,0.5714285714285714,4,3,0,1,4,2,0.5714285714285714,21233664,0.4
12,203,3,2,1,1,0.719063386,2,0.2,0,3,0.0,0,2,0,1,0,1,0.0,14155776,0.2
12,204,1,1,0,0,0.141113997,1,0.1,0,1,0.0,0,1,0,1,0,0,0.0,7077888,0.0
12,205,60,38,22,1,11.280741367,10,1.0,37,23,0.6166666666666667,24,8,3,7,21,1,0.75,56623104,7.0
12,206,28,18,10,5,7.5488832000000015,3,0.3,8,20,0.2857142857142857,8,4,0,2,8,2,0.6666666666666666,28311552,0.8999999999999999
12,209,15,14,1,2,4.200263156000001,5,0.5,1,14,0.06666666666666667,1,5,0,5,1,0,0.16666666666666666,35389440,2.0
12,210,71,43,28,0,12.529019546200002,10,1.0,47,24,0.6619718309859155,30,8,5,5,25,3,0.7894736842105263,56623104,7.0
12,212,1,1,0,0,0.168986812,1,0.1,0,1,0.0,0,1,0,1,0,0,0.0,7077888,0.0
12,213,29,18,11,6,7.521192787999999,3,0.3,12,17,0.41379310344827586,11,3,1,2,10,1,0.7857142857142857,21233664,0.6
12,214,2,0,2,0,0.39780050499999997,1,0.1,0,2,0.0,0,2,0,0,0,2,0.0,14155776,0.1
12,216,1,1,0,0,0.0794793293,1,0.1,0,1,0.0,0,1,0,1,0,0,0.0,7077888,0.0
12,217,18,13,5,1,4.310708328,2,0.2,5,13,0.2777777777777778,5,2,0,2,5,0,0.7142857142857143,14155776,0.2
12,218,7,4,3,0,1.199247031,3,0.3,0,7,0.0,0,6,0,3,0,3,0.0,42467328,1.5
12,219,3,0,3,0,0.591625348,1,0.1,2,1,0.6666666666666666,2,1,0,0,2,1,0.6666666666666666,7077888,0.0
12,220,36,28,8,0,7.078357548699998,7,0.7,22,14,0.6111111111111112,8,6,2,4,6,2,0.5714285714285714,42467328,3.5
12,221,12,10,2,0,0.5409604834,10,1.0,2,10,0.16666666666666666,2,10,1,9,1,1,0.16666666666666666,70778880,9.0
12,222,26,8,18,7,6.966595786999998,2,0.2,16,10,0.6153846153846154,16,4,0,2,16,2,0.8,28311552,0.6000000000000001
12,223,3,3,0,0,0.534314662,3,0.3,0,3,0.0,0,3,0,3,0,0,0.0,21233664,0.6
12,224,1,1,0,0,0.166390941,1,0.1,0,1,0.0,0,1,0,1,0,0,0.0,7077888,0.0
12,225,9,3,6,0,2.168374226,1,0.1,4,5,0.4444444444444444,4,3,0,1,4,2,0.5714285714285714,21233664,0.2
12,226,8,0,8,2,1.7057873890000002,2,0.2,6,2,0.75,6,2,0,0,6,2,0.75,14155776,0.2
12,228,24,9,15,3,5.737461894,6,0.6,15,9,0.625,13,6,1,3,12,3,0.6842105263157895,42467328,3.0
12,230,1,1,0,0,0.145484686,1,0.1,0,1,0.0,0,1,0,1,0,0,0.0,7077888,0.0
12,231,28,7,21,16,10.091616869,5,0.5,18,10,0.6428571428571429,18,7,1,3,17,4,0.72,49545216,3.0
12,233,5,4,1,0,0.9437576520000001,1,0.1,0,5,0.0,0,2,0,1,0,1,0.0,14155776,0.1
12,234,33,28,5,13,10.754286441,3,0.3,7,26,0.21212121212121213,6,2,1,2,5,0,0.75,14155776,0.3
12,237,5,4,1,0,0.930412486,2,0.2,0,5,0.0,0,2,0,1,0,1,0.0,14155776,0.2
12,238,3,3,0,0,0.378395595,3,0.3,0,3,0.0,0,3,0,3,0,0,0.0,21233664,0.6
12,239,12,7,5,2,2.891634421,5,0.5,1,11,0.08333333333333333,1,8,0,4,1,4,0.1111111111111111,56623104,3.5
12,241,3,2,1,0,0.442540854,1,0.1,0,3,0.0,0,2,0,1,0,1,0.0,14155776,0.1
12,242,33,13,20,5,8.079083368,10,1.0,19,14,0.5757575757575758,19,11,0,10,19,1,0.6333333333333333,77856768,10.0
12,243,41,18,23,0,8.424717587999998,8,0.8,32,9,0.7804878048780488,26,5,4,4,22,1,0.8387096774193549,35389440,3.2
12,244,13,13,0,0,0.5995805862,10,1.0,0,13,0.0,0,10,0,10,0,0,0.0,70778880,9.0
12,245,1,0,1,0,0.120464511,1,0.1,0,1,0.0,0,1,0,0,0,1,0.0,7077888,0.0
12,246,1,1,0,0,0.186148077,1,0.1,0,1,0.0,0,1,0,1,0,0,0.0,7077888,0.0
12,247,1,1,0,0,0.174782068,1,0.1,0,1,0.0,0,1,0,1,0,0,0.0,7077888,0.0
12,248,4,1,3,0,0.829776585,3,0.3,0,4,0.0,0,4,0,1,0,3,0.0,28311552,0.8999999999999999
12,249,5,1,4,0,1.1368359030000001,1,0.1,2,3,0.4,2,3,0,1,2,2,0.4,21233664,0.2
12,250,1,0,1,0,0.175962359,1,0.1,0,1,0.0,0,1,0,0,0,1,0.0,7077888,0.0
12,251,1,0,1,0,0.175712317,1,0.1,0,1,0.0,0,1,0,0,0,1,0.0,7077888,0.0
12,252,2,2,0,0,0.599104583,2,0.2,0,2,0.0,0,2,0,2,0,0,0.0,14155776,0.2
12,253,8,1,7,0,1.684674725,3,0.3,4,4,0.5,4,4,1,0,3,4,0.5,28311552,0.8999999999999999
12,254,23,7,16,0,5.485903978999999,4,0.4,16,7,0.6956521739130435,14,6,1,3,13,3,0.7,42467328,2.0
13,1,3,1,2,0,0.550684899,1,0.1,1,2,0.3333333333333333,1,2,0,1,1,1,0.3333333333333333,14155776,0.1
13,2,3,2,1,0,0.626706301,1,0.1,0,3,0.0,0,2,0,1,0,1,0.0,14155776,0.1
13,3,6,2,4,1,1.5022491809999998,2,0.2,2,4,0.3333333333333333,2,3,0,1,2,2,0.4,21233664,0.4
13,4,194,160,34,68,59.00310066210001,10,1.0,158,36,0.8144329896907216,39,5,8,2,31,3,0.8863636363636364,35389440,4.0
13,6,8,1,7,0,1.7428655930000003,2,0.2,6,2,0.75,6,2,1,0,5,2,0.75,14155776,0.2
13,7,1,1,0,0,0.14992322,1,0.1,0,1,0.0,0,1,0,1,0,0,0.0,7077888,0.0
13,9,46,44,2,0,8.671163612299999,10,1.0,14,32,0.30434782608695654,4,8,2,8,2,0,0.3333333333333333,56623104,7.0
13,10,1,1,0,0,0.150985152,1,0.1,0,1,0.0,0,1,0,1,0,0,0.0,7077888,0.0
13,12,15,9,6,0,2.7969154420000004,3,0.3,4,11,0.26666666666666666,4,5,0,3,4,2,0.4444444444444444,35389440,1.2
13,13,20,6,14,3,5.313884871,4,0.4,10,10,0.5,10,7,0,3,10,4,0.5882352941176471,49545216,2.4000000000000004
13,14,138,59,79,35,38.23268689999998,10,1.0,128,10,0.927536231884058,88,1,9,1,79,0,0.9887640449438202,7077888,0.0
13,15,16,3,13,1,3.5456938,3,0.3,7,9,0.4375,7,7,0,1,7,6,0.5,49545216,1.7999999999999998
13,16,6,2,4,1,1.1602980939999998,3,0.3,3,3,0.5,3,3,0,2,3,1,0.5,21233664,0.6
13,17,11,4,7,9,3.881775587,1,0.1,7,4,0.6363636363636364,7,1,0,1,7,0,0.875,7077888,0.0
13,18,3,0,3,0,0.670396179,1,0.1,1,2,0.3333333333333333,1,2,0,0,1,2,0.3333333333333333,14155776,0.1
13,19,47,32,15,4,10.819913117,10,1.0,26,21,0.5531914893617021,17,8,7,3,10,5,0.68,56623104,7.0
13,20,5,2,3,0,0.9639904199999999,2,0.2,1,4,0.2,1,3,0,1,1,2,0.25,21233664,0.4
13,21,3,0,3,0,0.665714055,1,0.1,2,1,0.6666666666666666,2,1,0,0,2,1,0.6666666666666666,7077888,0.0
13,25,8,6,2,1,1.744328677,2,0.2,0,8,0.0,0,3,0,1,0,2,0.0,21233664,0.4
13,26,8,0,8,0,1.9013871700000002,1,0.1,6,2,0.75,6,2,0,0,6,2,0.75,14155776,0.1
13,29,8,2,6,0,1.7932979020000002,2,0.2,4,4,0.5,4,3,0,1,4,2,0.5714285714285714,21233664,0.4
13,31,1,0,1,0,0.345050931,1,0.1,0,1,0.0,0,1,0,0,0,1,0.0,7077888,0.0
13,32,2,1,1,0,0.262370274,2,0.2,1,1,0.5,1,1,1,0,0,1,0.5,7077888,0.0
13,33,3,2,1,0,0.593415692,3,0.3,0,3,0.0,0,3,0,2,0,1,0.0,21233664,0.6
13,35,5,2,3,0,1.06668663,1,0.1,2,3,0.4,2,2,0,1,2,1,0.5,14155776,0.1
13,36,1,1,0,0,0.169984043,1,0.1,0,1,0.0,0,1,0,1,0,0,0.0,7077888,0.0
13,37,8,3,5,0,1.394293741,2,0.2,1,7,0.125,1,5,0,1,1,4,0.16666666666666666,35389440,0.8
13,38,1,1,0,0,0.201087356,1,0.1,0,1,0.0,0,1,0,1,0,0,0.0,7077888,0.0
13,39,2,0,2,0,0.33357746899999996,2,0.2,0,2,0.0,0,2,0,0,0,2,0.0,14155776,0.2
13,40,18,7,11,0,4.277839018000001,1,0.1,10,8,0.5555555555555556,10,2,0,1,10,1,0.8333333333333334,14155776,0.1
13,42,1,1,0,0,0.182451725,1,0.1,0,1,0.0,0,1,0,1,0,0,0.0,7077888,0.0
13,44,2,1,1,0,0.332917496,1,0.1,0,2,0.0,0,2,0,1,0,1,0.0,14155776,0.1
13,47,109,60,49,31,31.65723820299999,7,0.7,78,31,0.7155963302752294,47,6,2,2,45,4,0.8867924528301887,42467328,3.5
13,48,1,1,0,0,0.191954017,1,0.1,0,1,0.0,0,1,0,1,0,0,0.0,7077888,0.0
13,49,16,5,11,2,3.5746628200000004,2,0.2,9,7,0.5625,9,3,0,1,9,2,0.75,21233664,0.4
13,50,5,1,4,0,1.237362101,3,0.3,1,4,0.2,1,4,0,1,1,3,0.2,28311552,0.8999999999999999
13,51,13,0,13,1,2.5947454559999996,6,0.6,6,7,0.46153846153846156,6,7,0,0,6,7,0.46153846153846156,49545216,3.5999999999999996
13,53,50,48,2,1,10.043454274999998,10,1.0,6,44,0.12,3,8,2,7,1,1,0.2727272727272727,56623104,7.0
13,54,1,0,1,0,0.186645746,1,0.1,0,1,0.0,0,1,0,0,0,1,0.0,7077888,0.0
13,56,1,0,1,0,0.16296348,1,0.1,0,1,0.0,0,1,0,0,0,1,0.0,7077888,0.0
13,57,3,3,0,0,0.682724327,2,0.2,0,3,0.0,0,2,0,2,0,0,0.0,14155776,0.2
13,58,1,1,0,0,0.131407917,1,0.1,0,1,0.0,0,1,0,1,0,0,0.0,7077888,0.0
13,59,76,55,21,17,20.872805352000004,9,0.9,44,32,0.5789473684210527,23,7,4,5,19,2,0.7666666666666667,49545216,5.4
13,62,6,3,3,0,0.852428385,5,0.5,1,5,0.16666666666666666,1,5,0,3,1,2,0.16666666666666666,35389440,2.0
13,63,10,10,0,0,0.3942397276,10,1.0,0,10,0.0,0,10,0,10,0,0,0.0,70778880,9.0
13,64,19,8,11,3,4.691238687,2,0.2,10,9,0.5263157894736842,10,3,1,1,9,2,0.7692307692307693,21233664,0.4
13,66,11,4,7,0,2.5837327540000006,1,0.1,6,5,0.5454545454545454,6,2,0,1,6,1,0.75,14155776,0.1
13,68,6,6,0,1,1.2214350840000001,1,0.1,0,6,0.0,0,1,0,1,0,0,0.0,7077888,0.0
13,70,2,2,0,0,0.52461341,1,0.1,0,2,0.0,0,1,0,1,0,0,0.0,7077888,0.0
13,72,21,11,10,0,4.187896847,7,0.7,11,10,0.5238095238095238,8,9,3,4,5,5,0.47058823529411764,63700992,5.6
13,73,3,3,0,0,0.524926438,1,0.1,0,3,0.0,0,1,0,1,0,0,0.0,7077888,0.0
13,76,1,0,1,0,0.22905907,1,0.1,0,1,0.0,0,1,0,0,0,1,0.0,7077888,0.0
13,77,15,10,5,3,4.027946474,3,0.3,4,11,0.26666666666666666,4,4,0,3,4,1,0.5,28311552,0.8999999999999999
13,78,27,26,1,1,6.434009505,2,0.2,1,26,0.037037037037037035,1,2,0,2,1,0,0.3333333333333333,14155776,0.2
13,80,3,1,2,0,0.437148019,1,0.1,1,2,0.3333333333333333,1,2,0,1,1,1,0.3333333333333333,14155776,0.1
13,81,4,4,0,0,0.7829939419999999,4,0.4,0,4,0.0,0,4,0,4,0,0,0.0,28311552,1.2000000000000002
13,83,5,0,5,0,0.9525140670000001,1,0.1,2,3,0.4,2,3,0,0,2,3,0.4,21233664,0.2
13,84,13,7,6,0,2.498144879,3,0.3,4,9,0.3076923076923077,4,5,0,3,4,2,0.4444444444444444,35389440,1.2
13,86,4,2,2,0,0.541776001,3,0.3,0,4,0.0,0,4,0,2,0,2,0.0,28311552,0.8999999999999999
13,87,5,2,3,0,0.869580299,3,0.3,1,4,0.2,1,4,0,2,1,2,0.2,28311552,0.8999999999999999
13,88,1,0,1,0,0.224679261,1,0.1,0,1,0.0,0,1,0,0,0,1,0.0,7077888,0.0
13,90,12,4,8,1,2.718203278,1,0.1,6,6,0.5,6,3,0,1,6,2,0.6666666666666666,21233664,0.2
13,91,86,53,33,5,16.490938980000006,10,1.0,61,25,0.7093023255813954,37,6,6,4,31,2,0.8604651162790697,42467328,5.0
13,93,3,2,1,0,0.648288071,1,0.1,0,3,0.0,0,2,0,1,0,1,0.0,14155776,0.1
13,94,9,7,2,1,2.000220671,3,0.3,1,8,0.1111111111111111,1,4,0,3,1,1,0.2,28311552,0.8999999999999999
13,95,8,5,3,0,1.6159219889999998,2,0.2,1,7,0.125,1,3,0,1,1,2,0.25,21233664,0.4
13,96,16,10,6,1,3.7603087570000002,3,0.3,2,14,0.125,2,6,0,2,2,4,0.25,42467328,1.5
13,97,22,14,8,10,7.248758212999999,2,0.2,6,16,0.2727272727272727,6,4,0,2,6,2,0.6,28311552,0.6000000000000001
13,98,2,0,2,0,0.27590178,1,0.1,1,1,0.5,1,1,0,0,1,1,0.5,7077888,0.0
13,99,9,3,6,1,2.534497096,1,0.1,3,6,0.3333333333333333,3,4,0,1,3,3,0.42857142857142855,28311552,0.30000000000000004
13,100,42,31,11,1,9.596552715999998,10,1.0,21,21,0.5,13,8,5,5,8,3,0.6190476190476191,56623104,7.0
13,102,21,18,3,5,5.415563673000001,3,0.3,2,19,0.09523809523809523,2,3,0,2,2,1,0.4,21233664,0.6
13,103,2,1,1,0,0.302853137,2,0.2,0,2,0.0,0,2,0,1,0,1,0.0,14155776,0.2
13,104,39,22,17,12,11.876018642999997,3,0.3,30,9,0.7692307692307693,17,3,2,1,15,2,0.85,21233664,0.6
13,105,18,12,6,11,6.231081009999999,2,0.2,6,12,0.3333333333333333,6,2,0,2,6,0,0.75,14155776,0.2
13,106,20,13,7,3,4.717695714,3,0.3,7,13,0.35,7,3,0,3,7,0,0.7,21233664,0.6
13,107,23,20,3,0,4.062107504,10,1.0,3,20,0.13043478260869565,3,10,1,9,2,1,0.23076923076923078,70778880,9.0
13,108,1,0,1,0,0.130601287,1,0.1,0,1,0.0,0,1,0,0,0,1,0.0,7077888,0.0
13,110,7,2,5,0,1.409859076,1,0.1,4,3,0.5714285714285714,4,2,0,1,4,1,0.6666666666666666,14155776,0.1
13,112,8,6,2,0,0.9068112891000001,6,0.6,2,6,0.25,1,5,1,3,0,2,0.16666666666666666,35389440,2.4
13,113,25,15,10,3,6.618624118,1,0.1,10,15,0.4,10,1,0,1,10,0,0.9090909090909091,7077888,0.0
13,115,33,19,14,6,8.179099759000001,7,0.7,18,15,0.5454545454545454,8,12,3,3,5,9,0.4,84934656,7.699999999999999
13,116,6,2,4,1,1.495532318,2,0.2,3,3,0.5,3,3,0,2,3,1,0.5,21233664,0.4
13,119,25,17,8,1,5.207355141000002,9,0.9,9,16,0.36,7,9,2,6,5,3,0.4375,63700992,7.2
13,121,2,1,1,0,0.292939514,2,0.2,0,2,0.0,0,2,0,1,0,1,0.0,14155776,0.2
13,124,5,1,4,0,0.9563926159999999,2,0.2,2,3,0.4,2,3,0,1,2,2,0.4,21233664,0.4
13,125,11,9,2,0,2.222960234,3,0.3,0,11,0.0,0,4,0,2,0,2,0.0,28311552,0.8999999999999999
13,126,3,0,3,0,0.489230275,3,0.3,0,3,0.0,0,3,0,0,0,3,0.0,21233664,0.6
13,128,5,3,2,1,1.091085538,2,0.2,0,5,0.0,0,3,0,1,0,2,0.0,21233664,0.4
13,129,51,31,20,35,28.994458315999996,10,1.0,20,31,0.39215686274509803,20,10,0,10,20,0,0.6666666666666666,70778880,9.0
13,131,6,2,4,0,1.1836869269999999,1,0.1,4,2,0.6666666666666666,4,1,0,1,4,0,0.8,7077888,0.0
13,132,2,0,2,0,0.500286639,1,0.1,1,1,0.5,1,1,0,0,1,1,0.5,7077888,0.0
13,133,8,4,4,0,1.566728948,2,0.2,4,4,0.5,2,4,1,1,1,3,0.3333333333333333,28311552,0.6000000000000001
13,135,1,1,0,0,0.167246163,1,0.1,0,1,0.0,0,1,0,1,0,0,0.0,7077888,0.0
13,139,4,0,4,1,0.971631705,3,0.3,1,3,0.25,1,3,0,0,1,3,0.25,21233664,0.6
13,141,1,0,1,0,0.145336941,1,0.1,0,1,0.0,0,1,0,0,0,1,0.0,7077888,0.0
13,144,6,1,5,0,0.849862741,2,0.2,3,3,0.5,3,3,0,1,3,2,0.5,21233664,0.4
13,145,2,0,2,0,0.403229595,1,0.1,1,1,0.5,1,1,0,0,1,1,0.5,7077888,0.0
13,146,15,11,4,0,2.6742382650000005,4,0.4,3,12,0.2,3,5,1,3,2,2,0.375,35389440,1.6
13,147,2,2,0,0,0.405572205,1,0.1,0,2,0.0,0,1,0,1,0,0,0.0,7077888,0.0
13,148,75,60,15,3,17.954075310000004,10,1.0,17,58,0.22666666666666666,15,10,1,9,14,1,0.6,70778880,9.0
13,150,2,1,1,0,0.40961776699999997,1,0.1,0,2,0.0,0,2,0,1,0,1,0.0,14155776,0.1
13,151,1,1,0,0,0.23510094,1,0.1,0,1,0.0,0,1,0,1,0,0,0.0,7077888,0.0
13,152,7,4,3,0,1.359516322,2,0.2,1,6,0.14285714285714285,1,4,0,2,1,2,0.2,28311552,0.6000000000000001
13,153,2,2,0,0,0.305136248,1,0.1,0,2,0.0,0,1,0,1,0,0,0.0,7077888,0.0
13,154,12,6,6,0,2.345067664,2,0.2,9,3,0.75,4,3,1,0,3,3,0.5714285714285714,21233664,0.4
13,155,14,14,0,0,2.7116347160000003,10,1.0,0,14,0.0,0,10,0,10,0,0,0.0,70778880,9.0
13,156,1,0,1,0,0.187982649,1,0.1,0,1,0.0,0,1,0,0,0,1,0.0,7077888,0.0
13,157,30,8,22,13,11.078695951999999,1,0.1,21,9,0.7,21,2,0,1,21,1,0.9130434782608695,14155776,0.1
13,158,5,4,1,0,0.797921076,4,0.4,0,5,0.0,0,4,0,3,0,1,0.0,28311552,1.2000000000000002
13,159,29,0,29,3,7.760577354,7,0.7,21,8,0.7241379310344828,21,8,0,0,21,8,0.7241379310344828,56623104,4.8999999999999995
13,160,52,35,17,11,11.880762687999999,10,1.0,32,20,0.6153846153846154,20,7,5,5,15,2,0.7407407407407407,49545216,6.0
13,161,24,2,22,1,5.774510340999999,4,0.4,21,3,0.875,21,3,2,0,19,3,0.875,21233664,0.8
13,164,18,14,4,1,3.7607736590000003,3,0.3,3,15,0.16666666666666666,3,4,0,3,3,1,0.42857142857142855,28311552,0.8999999999999999
13,167,8,3,5,2,2.184022664,3,0.3,3,5,0.375,3,4,1,1,2,3,0.42857142857142855,28311552,0.8999999999999999
13,169,2,0,2,0,0.23071070000000002,1,0.1,1,1,0.5,1,1,0,0,1,1,0.5,7077888,0.0
13,170,11,3,8,0,2.8884118799999996,2,0.2,6,5,0.5454545454545454,6,3,0,1,6,2,0.6666666666666666,21233664,0.4
13,171,1,1,0,0,0.143885016,1,0.1,0,1,0.0,0,1,0,1,0,0,0.0,7077888,0.0
13,172,4,4,0,0,0.787228764,1,0.1,0,4,0.0,0,1,0,1,0,0,0.0,7077888,0.0
13,173,2,1,1,0,0.518882572,2,0.2,0,2,0.0,0,2,0,1,0,1,0.0,14155776,0.2
13,174,5,0,5,2,1.439670488,1,0.1,4,1,0.8,4,1,0,0,4,1,0.8,7077888,0.0
13,175,32,20,12,7,8.590880497999999,3,0.3,28,4,0.875,13,2,2,1,11,1,0.8666666666666667,14155776,0.3
13,176,14,7,7,0,3.577165155999999,4,0.4,7,7,0.5,6,4,1,2,5,2,0.6,28311552,1.2000000000000002
13,177,1,1,0,0,0.197505683,1,0.1,0,1,0.0,0,1,0,1,0,0,0.0,7077888,0.0
13,178,3,0,3,1,0.668081105,2,0.2,1,2,0.3333333333333333,1,2,0,0,1,2,0.3333333333333333,14155776,0.2
13,179,140,106,34,17,34.77901711500001,9,0.9,119,21,0.85,39,4,7,2,32,2,0.9069767441860465,28311552,2.7
13,180,12,6,6,0,2.226086081,3,0.3,1,11,0.08333333333333333,1,7,0,2,1,5,0.125,49545216,1.7999999999999998
13,181,12,7,5,0,2.6095993080000004,3,0.3,2,10,0.16666666666666666,2,6,0,3,2,3,0.25,42467328,1.5
13,182,4,2,2,0,0.8940853179999999,2,0.2,0,4,0.0,0,3,0,1,0,2,0.0,21233664,0.4
13,183,3,1,2,0,0.618090644,1,0.1,1,2,0.3333333333333333,1,2,0,1,1,1,0.3333333333333333,14155776,0.1
13,184,6,5,1,0,1.478966267,3,0.3,1,5,0.16666666666666666,1,3,1,2,0,1,0.25,21233664,0.6
13,186,1,0,1,0,0.279683769,1,0.1,0,1,0.0,0,1,0,0,0,1,0.0,7077888,0.0
13,187,10,3,7,1,2.111198275,2,0.2,5,5,0.5,5,3,0,1,5,2,0.625,21233664,0.4
13,189,7,0,7,2,1.9419937289999998,1,0.1,5,2,0.7142857142857143,5,2,0,0,5,2,0.7142857142857143,14155776,0.1
13,190,25,10,15,4,6.232390208,5,0.5,11,14,0.44,11,8,0,4,11,4,0.5789473684210527,56623104,3.5
13,191,5,4,1,1,1.2753159550000002,2,0.2,0,5,0.0,0,3,0,2,0,1,0.0,21233664,0.4
13,194,38,25,13,11,10.885316342000005,8,0.8,29,9,0.7631578947368421,12,7,3,3,9,4,0.631578947368421,49545216,4.800000000000001
13,195,17,11,6,0,3.347612649,5,0.5,6,11,0.35294117647058826,3,7,1,3,2,4,0.3,49545216,3.0
13,196,1,0,1,0,0.178776711,1,0.1,0,1,0.0,0,1,0,0,0,1,0.0,7077888,0.0
13,198,55,38,17,15,15.858428508000005,5,0.5,18,37,0.32727272727272727,18,4,1,4,17,0,0.8181818181818182,28311552,1.5
13,199,13,6,7,0,2.6237502539999995,1,0.1,5,8,0.38461538461538464,5,3,0,1,5,2,0.625,21233664,0.2
13,200,1,1,0,0,0.125545934,1,0.1,0,1,0.0,0,1,0,1,0,0,0.0,7077888,0.0
13,201,29,19,10,5,7.31983325,7,0.7,11,18,0.3793103448275862,8,9,1,6,7,3,0.47058823529411764,63700992,5.6
13,202,48,15,33,16,13.903305769,3,0.3,41,7,0.8541666666666666,32,4,1,2,31,2,0.8888888888888888,28311552,0.8999999999999999
13,203,5,3,2,0,1.1242932079999999,3,0.3,1,4,0.2,1,3,0,2,1,1,0.25,21233664,0.6
13,206,12,12,0,0,0.6207031498000001,10,1.0,0,12,0.0,0,10,0,10,0,0,0.0,70778880,9.0
13,208,15,8,7,0,3.467291193,1,0.1,7,8,0.4666666666666667,7,1,0,1,7,0,0.875,7077888,0.0
13,209,1,1,0,0,0.133125424,1,0.1,0,1,0.0,0,1,0,1,0,0,0.0,7077888,0.0
13,210,18,10,8,0,3.286540745,4,0.4,11,7,0.6111111111111112,8,4,1,3,7,1,0.6666666666666666,28311552,1.2000000000000002
13,214,1,0,1,0,0.204488099,1,0.1,0,1,0.0,0,1,0,0,0,1,0.0,7077888,0.0
13,215,2,1,1,0,0.306465357,1,0.1,0,2,0.0,0,2,0,1,0,1,0.0,14155776,0.1
13,216,17,6,11,0,3.0319180489999997,2,0.2,9,8,0.5294117647058824,9,4,0,2,9,2,0.6923076923076923,28311552,0.6000000000000001
13,217,1,0,1,0,0.205365524,1,0.1,0,1,0.0,0,1,0,0,0,1,0.0,7077888,0.0
13,218,18,13,5,6,4.802936151,1,0.1,4,14,0.2222222222222222,4,2,0,1,4,1,0.6666666666666666,14155776,0.1
13,219,59,33,26,24,18.352887473000003,5,0.5,41,18,0.6949152542372882,26,5,1,4,25,1,0.8387096774193549,35389440,2.0
13,221,10,1,9,1,2.5449864410000003,2,0.2,7,3,0.7,7,3,0,1,7,2,0.7,21233664,0.4
13,222,1,0,1,0,0.132769033,1,0.1,0,1,0.0,0,1,0,0,0,1,0.0,7077888,0.0
13,225,6,4,2,0,1.087673307,5,0.5,2,4,0.3333333333333333,2,4,2,2,0,2,0.3333333333333333,28311552,1.5
13,226,1,1,0,0,0.205766082,1,0.1,0,1,0.0,0,1,0,1,0,0,0.0,7077888,0.0
13,228,24,16,8,3,4.049097370999999,10,1.0,9,15,0.375,9,9,1,9,8,0,0.5,63700992,8.0
13,229,2,0,2,0,0.380629748,1,0.1,1,1,0.5,1,1,0,0,1,1,0.5,7077888,0.0
13,230,6,5,1,2,1.7416500590000001,3,0.3,0,6,0.0,0,4,0,3,0,1,0.0,28311552,0.8999999999999999
13,232,2,0,2,0,0.47436142000000003,1,0.1,1,1,0.5,1,1,0,0,1,1,0.5,7077888,0.0
13,233,26,9,17,11,7.415587021000001,3,0.3,16,10,0.6153846153846154,16,3,0,2,16,1,0.8421052631578947,21233664,0.6
13,235,5,3,2,0,1.131695048,3,0.3,1,4,0.2,1,3,1,1,0,2,0.25,21233664,0.6
13,236,7,7,0,3,1.7700672450000001,3,0.3,0,7,0.0,0,3,0,3,0,0,0.0,21233664,0.6
13,238,5,3,2,0,0.8023674350000001,1,0.1,1,4,0.2,1,2,0,1,1,1,0.3333333333333333,14155776,0.1
13,239,11,11,0,0,0.6076595630999999,10,1.0,0,11,0.0,0,10,0,10,0,0,0.0,70778880,9.0
13,241,1,0,1,0,0.125175625,1,0.1,0,1,0.0,0,1,0,0,0,1,0.0,7077888,0.0
13,247,5,4,1,0,0.964355319,3,0.3,0,5,0.0,0,4,0,3,0,1,0.0,28311552,0.8999999999999999
13,248,6,4,2,0,0.828399845,6,0.6,1,5,0.16666666666666666,1,5,1,3,0,2,0.16666666666666666,35389440,2.4
13,249,46,27,19,1,10.266115493,5,0.5,27,19,0.5869565217391305,18,6,2,3,16,3,0.75,42467328,2.5
13,252,4,0,4,0,0.6110718399999999,1,0.1,3,1,0.75,3,1,0,0,3,1,0.75,7077888,0.0
13,253,6,4,2,0,1.314973191,2,0.2,1,5,0.16666666666666666,1,2,0,1,1,1,0.3333333333333333,14155776,0.2
13,254,1,1,0,0,0.0999872088,1,0.1,0,1,0.0,0,1,0,1,0,0,0.0,7077888,0.0
13,255,1,0,1,0,0.213143975,1,0.1,0,1,0.0,0,1,0,0,0,1,0.0,7077888,0.0
14,0,8,3,5,0,1.4804599360000001,2,0.2,3,5,0.375,3,3,0,1,3,2,0.5,21233664,0.4
14,1,187,71,116,22,46.02462062730003,10,1.0,178,9,0.9518716577540107,125,1,9,1,116,0,0.9920634920634921,7077888,0.0
14,2,2,2,0,0,0.321971625,1,0.1,0,2,0.0,0,1,0,1,0,0,0.0,7077888,0.0
14,3,7,2,5,0,1.495296389,1,0.1,4,3,0.5714285714285714,4,2,0,1,4,1,0.6666666666666666,14155776,0.1
14,4,48,29,19,10,11.848535690000004,7,0.7,34,14,0.7083333333333334,19,5,3,2,16,3,0.7916666666666666,35389440,2.8
14,6,1,1,0,0,0.217782319,1,0.1,0,1,0.0,0,1,0,1,0,0,0.0,7077888,0.0
14,7,31,31,0,5,8.8542045948,10,1.0,2,29,0.06451612903225806,1,9,1,9,0,0,0.1,63700992,8.0
14,8,3,1,2,0,0.680158421,3,0.3,0,3,0.0,0,3,0,1,0,2,0.0,21233664,0.6
14,9,9,1,8,0,1.951423422,1,0.1,7,2,0.7777777777777778,7,2,0,1,7,1,0.7777777777777778,14155776,0.1
14,10,11,4,7,0,2.738187522,1,0.1,6,5,0.5454545454545454,6,2,0,1,6,1,0.75,14155776,0.1
14,11,2,1,1,0,0.351199642,2,0.2,0,2,0.0,0,2,0,1,0,1,0.0,14155776,0.2
14,12,8,6,2,1,1.8661051249999998,1,0.1,1,7,0.125,1,2,0,1,1,1,0.3333333333333333,14155776,0.1
14,13,3,2,1,1,0.8024254289999999,2,0.2,0,3,0.0,0,3,0,2,0,1,0.0,21233664,0.4
14,15,8,6,2,2,1.8368016329999999,1,0.1,1,7,0.125,1,2,0,1,1,1,0.3333333333333333,14155776,0.1
14,18,2,0,2,0,0.466324925,1,0.1,1,1,0.5,1,1,0,0,1,1,0.5,7077888,0.0
14,19,1,1,0,0,0.140871704,1,0.1,0,1,0.0,0,1,0,1,0,0,0.0,7077888,0.0
14,21,10,10,0,0,1.428419247,10,1.0,0,10,0.0,0,10,0,10,0,0,0.0,70778880,9.0
14,22,1,1,0,1,0.336207092,1,0.1,0,1,0.0,0,1,0,1,0,0,0.0,7077888,0.0
14,23,19,14,5,2,4.684167652999999,4,0.4,6,13,0.3157894736842105,6,3,1,3,5,0,0.6666666666666666,21233664,0.8
14,27,9,3,6,0,1.918311001,1,0.1,4,5,0.4444444444444444,4,3,0,1,4,2,0.5714285714285714,21233664,0.2
14,28,13,8,5,5,3.656210258,1,0.1,5,8,0.38461538461538464,5,1,0,1,5,0,0.8333333333333334,7077888,0.0
14,29,2,0,2,0,0.5217870179999999,1,0.1,1,1,0.5,1,1,0,0,1,1,0.5,7077888,0.0
14,30,2,2,0,0,0.293975577,1,0.1,0,2,0.0,0,1,0,1,0,0,0.0,7077888,0.0
14,31,4,3,1,0,0.684147418,1,0.1,0,4,0.0,0,2,0,1,0,1,0.0,14155776,0.1
14,32,1,0,1,0,0.181884363,1,0.1,0,1,0.0,0,1,0,0,0,1,0.0,7077888,0.0
14,33,11,11,0,0,2.5716660449999997,10,1.0,0,11,0.0,0,10,0,10,0,0,0.0,70778880,9.0
14,35,11,7,4,3,2.897036464,5,0.5,2,9,0.18181818181818182,2,5,1,2,1,3,0.2857142857142857,35389440,2.0
14,36,2,1,1,0,0.35413198199999996,1,0.1,0,2,0.0,0,2,0,1,0,1,0.0,14155776,0.1
14,37,16,11,5,0,3.5952329779999994,3,0.3,5,11,0.3125,5,3,0,3,5,0,0.625,21233664,0.6
14,38,2,1,1,0,0.453367353,1,0.1,0,2,0.0,0,2,0,1,0,1,0.0,14155776,0.1
14,41,8,6,2,2,1.9796782870000003,2,0.2,0,8,0.0,0,4,0,2,0,2,0.0,28311552,0.6000000000000001
14,43,14,4,10,2,3.793546468,2,0.2,8,6,0.5714285714285714,8,4,0,2,8,2,0.6666666666666666,28311552,0.6000000000000001
14,46,2,0,2,0,0.404008224,1,0.1,0,2,0.0,0,2,0,0,0,2,0.0,14155776,0.1
14,47,1,0,1,0,0.201137871,1,0.1,0,1,0.0,0,1,0,0,0,1,0.0,7077888,0.0
14,49,118,45,73,44,37.22213468160001,10,1.0,107,11,0.9067796610169492,80,3,9,1,71,2,0.963855421686747,21233664,2.0
14,50,12,3,9,0,2.621787323,1,0.1,8,4,0.6666666666666666,8,2,0,1,8,1,0.8,14155776,0.1
14,53,1,1,0,0,0.183759734,1,0.1,0,1,0.0,0,1,0,1,0,0,0.0,7077888,0.0
14,57,1,1,0,0,0.253216028,1,0.1,0,1,0.0,0,1,0,1,0,0,0.0,7077888,0.0
14,58,5,0,5,0,1.0185127409999999,1,0.1,4,1,0.8,4,1,0,0,4,1,0.8,7077888,0.0
14,60,25,16,9,0,3.8089271645999996,10,1.0,11,14,0.44,7,11,4,5,3,6,0.3888888888888889,77856768,10.0
14,61,21,0,21,0,4.075226725,6,0.6,14,7,0.6666666666666666,14,7,0,0,14,7,0.6666666666666666,49545216,3.5999999999999996
14,62,9,4,5,1,2.1244998280000003,2,0.2,4,5,0.4444444444444444,4,3,0,2,4,1,0.5714285714285714,21233664,0.4
14,64,6,5,1,0,1.074968666,2,0.2,0,6,0.0,0,3,0,2,0,1,0.0,21233664,0.4
14,66,4,0,4,1,1.0755716570000002,1,0.1,2,2,0.5,2,2,0,0,2,2,0.5,14155776,0.1
14,67,4,1,3,0,0.9748038649999999,3,0.3,1,3,0.25,1,3,0,1,1,2,0.25,21233664,0.6
14,70,1,0,1,0,0.147658706,1,0.1,0,1,0.0,0,1,0,0,0,1,0.0,7077888,0.0
14,72,5,2,3,0,1.0453277530000002,3,0.3,0,5,0.0,0,5,0,2,0,3,0.0,35389440,1.2
14,73,53,27,26,0,10.165236494099998,10,1.0,44,9,0.8301886792452831,30,6,6,4,24,2,0.8333333333333334,42467328,5.0
14,76,7,1,6,0,1.418385267,3,0.3,3,4,0.42857142857142855,3,4,0,1,3,3,0.42857142857142855,28311552,0.8999999999999999
14,78,3,3,0,0,0.680235237,1,0.1,0,3,0.0,0,1,0,1,0,0,0.0,7077888,0.0
14,80,1,0,1,0,0.192943186,1,0.1,0,1,0.0,0,1,0,0,0,1,0.0,7077888,0.0
14,81,3,0,3,0,0.591060251,1,0.1,2,1,0.6666666666666666,2,1,0,0,2,1,0.6666666666666666,7077888,0.0
14,82,4,0,4,0,0.617118225,1,0.1,2,2,0.5,2,2,0,0,2,2,0.5,14155776,0.1
14,83,88,44,44,11,21.392848986999994,9,0.9,77,11,0.875,49,3,6,2,43,1,0.9423076923076923,21233664,1.8
14,85,26,15,11,4,6.757681862999999,3,0.3,20,6,0.7692307692307693,10,3,1,1,9,2,0.7692307692307693,21233664,0.6
14,86,1,1,0,0,0.199514538,1,0.1,0,1,0.0,0,1,0,1,0,0,0.0,7077888,0.0
14,88,174,145,29,37,42.767051753000004,9,0.9,97,77,0.5574712643678161,31,7,5,4,26,3,0.8157894736842105,49545216,5.4
14,89,1,1,0,0,0.17701526,1,0.1,0,1,0.0,0,1,0,1,0,0,0.0,7077888,0.0
14,90,3,0,3,0,0.5174188909999999,2,0.2,1,2,0.3333333333333333,1,2,0,0,1,2,0.3333333333333333,14155776,0.2
14,91,3,0,3,1,0.881756976,1,0.1,2,1,0.6666666666666666,2,1,0,0,2,1,0.6666666666666666,7077888,0.0
14,94,7,4,3,0,1.4241067330000001,3,0.3,1,6,0.14285714285714285,1,4,1,1,0,3,0.2,28311552,0.8999999999999999
14,97,7,3,4,1,1.559751077,4,0.4,2,5,0.2857142857142857,2,5,1,2,1,3,0.2857142857142857,35389440,1.6
14,98,1,0,1,0,0.202027336,1,0.1,0,1,0.0,0,1,0,0,0,1,0.0,7077888,0.0
14,99,16,10,6,1,2.7896078085,5,0.5,5,11,0.3125,5,6,1,4,4,2,0.45454545454545453,42467328,2.5
14,100,1,0,1,0,0.26649785,1,0.1,0,1,0.0,0,1,0,0,0,1,0.0,7077888,0.0
14,101,1,0,1,0,0.179825157,1,0.1,0,1,0.0,0,1,0,0,0,1,0.0,7077888,0.0
14,104,9,6,3,3,2.645670786,2,0.2,3,6,0.3333333333333333,2,3,1,1,1,2,0.4,21233664,0.4
14,106,1,1,0,0,0.0935888588,1,0.1,0,1,0.0,0,1,0,1,0,0,0.0,7077888,0.0
14,107,19,16,3,1,3.770806645,3,0.3,13,6,0.6842105263157895,2,4,1,2,1,2,0.3333333333333333,28311552,0.8999999999999999
14,108,1,0,1,0,0.15860194,1,0.1,0,1,0.0,0,1,0,0,0,1,0.0,7077888,0.0
14,110,6,3,3,0,1.422683954,1,0.1,1,5,0.16666666666666666,1,3,0,1,1,2,0.25,21233664,0.2
14,112,4,1,3,0,0.601473034,1,0.1,2,2,0.5,2,2,0,1,2,1,0.5,14155776,0.1
14,114,1,1,0,0,0.189065367,1,0.1,0,1,0.0,0,1,0,1,0,0,0.0,7077888,0.0
14,116,3,0,3,0,0.6425518100000001,1,0.1,1,2,0.3333333333333333,1,2,0,0,1,2,0.3333333333333333,14155776,0.1
14,119,2,1,1,0,0.475514441,1,0.1,0,2,0.0,0,2,0,1,0,1,0.0,14155776,0.1
14,120,3,2,1,0,0.643789695,3,0.3,0,3,0.0,0,3,0,2,0,1,0.0,21233664,0.6
14,121,6,0,6,0,1.3788757910000002,2,0.2,3,3,0.5,3,3,0,0,3,3,0.5,21233664,0.4
14,122,11,11,0,0,1.48255326,10,1.0,1,10,0.09090909090909091,1,9,1,9,0,0,0.1,63700992,8.0
14,124,6,2,4,1,1.3987123959999999,2,0.2,3,3,0.5,3,3,1,1,2,2,0.5,21233664,0.4
14,125,9,4,5,2,2.339393661,2,0.2,5,4,0.5555555555555556,5,2,1,1,4,1,0.7142857142857143,14155776,0.2
14,126,71,11,60,24,20.69422676899999,6,0.6,67,4,0.9436619718309859,58,4,2,0,56,4,0.9354838709677419,28311552,1.7999999999999998
14,129,6,0,6,1,1.226269811,2,0.2,4,2,0.6666666666666666,4,2,0,0,4,2,0.6666666666666666,14155776,0.2
14,130,14,4,10,3,3.7067162830000004,2,0.2,8,6,0.5714285714285714,8,4,0,2,8,2,0.6666666666666666,28311552,0.6000000000000001
14,131,8,4,4,2,1.9953227260000002,4,0.4,2,6,0.25,2,4,0,2,2,2,0.3333333333333333,28311552,1.2000000000000002
14,133,3,0,3,0,0.7400376639999999,1,0.1,1,2,0.3333333333333333,1,2,0,0,1,2,0.3333333333333333,14155776,0.1
14,134,5,1,4,1,1.239841253,1,0.1,3,2,0.6,3,2,0,1,3,1,0.6,14155776,0.1
14,138,1,1,0,0,0.167059451,1,0.1,0,1,0.0,0,1,0,1,0,0,0.0,7077888,0.0
14,139,14,7,7,2,3.2082983690000004,3,0.3,5,9,0.35714285714285715,5,5,0,3,5,2,0.5,35389440,1.2
14,141,4,4,0,2,1.1983542010000001,1,0.1,0,4,0.0,0,1,0,1,0,0,0.0,7077888,0.0
14,144,22,16,6,4,6.344637629999999,4,0.4,4,18,0.18181818181818182,4,6,0,4,4,2,0.4,42467328,2.0
14,147,10,10,0,0,2.440601453,10,1.0,0,10,0.0,0,10,0,10,0,0,0.0,70778880,9.0
14,148,9,3,6,4,2.656596601,2,0.2,5,4,0.5555555555555556,5,2,0,1,5,1,0.7142857142857143,14155776,0.2
14,149,1,0,1,0,0.186305121,1,0.1,0,1,0.0,0,1,0,0,0,1,0.0,7077888,0.0
14,151,55,54,1,5,10.888561143299997,10,1.0,4,51,0.07272727272727272,1,10,1,9,0,1,0.09090909090909091,70778880,9.0
14,152,35,19,16,5,8.471108497000001,3,0.3,22,13,0.6285714285714286,16,3,1,2,15,1,0.8421052631578947,21233664,0.6
14,153,6,4,2,0,1.304015904,3,0.3,0,6,0.0,0,4,0,2,0,2,0.0,28311552,0.8999999999999999
14,154,1,1,0,0,0.149610683,1,0.1,0,1,0.0,0,1,0,1,0,0,0.0,7077888,0.0
14,155,6,0,6,0,1.118159681,2,0.2,4,2,0.6666666666666666,4,2,0,0,4,2,0.6666666666666666,14155776,0.2
14,157,1,0,1,0,0.237265348,1,0.1,0,1,0.0,0,1,0,0,0,1,0.0,7077888,0.0
14,158,10,8,2,0,2.247591241,2,0.2,0,10,0.0,0,4,0,2,0,2,0.0,28311552,0.6000000000000001
14,159,27,17,10,6,6.831951962999999,3,0.3,21,6,0.7777777777777778,10,3,2,1,8,2,0.7692307692307693,21233664,0.6
14,162,1,0,1,0,0.239180923,1,0.1,0,1,0.0,0,1,0,0,0,1,0.0,7077888,0.0
14,163,32,17,15,6,7.987041175,2,0.2,14,18,0.4375,14,3,0,2,14,1,0.8235294117647058,21233664,0.4
14,164,11,11,0,10,5.54835981,10,1.0,0,11,0.0,0,10,0,10,0,0,0.0,70778880,9.0
14,166,5,1,4,0,1.189763427,1,0.1,2,3,0.4,2,3,0,1,2,2,0.4,21233664,0.2
14,167,39,11,28,16,13.766479163,2,0.2,27,12,0.6923076923076923,27,3,0,2,27,1,0.9,21233664,0.4
14,168,1,0,1,0,0.165470824,1,0.1,0,1,0.0,0,1,0,0,0,1,0.0,7077888,0.0
14,169,12,5,7,2,3.0678365376000003,1,0.1,6,6,0.5,6,2,0,1,6,1,0.75,14155776,0.1
14,170,1,1,0,0,0.224977747,1,0.1,0,1,0.0,0,1,0,1,0,0,0.0,7077888,0.0
14,171,8,6,2,3,2.314035863,4,0.4,4,4,0.5,3,3,2,2,1,1,0.5,21233664,0.8
14,173,104,62,42,1,19.438329163200006,10,1.0,95,9,0.9134615384615384,48,4,8,2,40,2,0.9230769230769231,28311552,3.0
14,178,1,0,1,0,0.173339516,1,0.1,0,1,0.0,0,1,0,0,0,1,0.0,7077888,0.0
14,181,10,10,0,0,1.454818605,10,1.0,0,10,0.0,0,10,0,10,0,0,0.0,70778880,9.0
14,182,3,0,3,0,0.49862787199999997,2,0.2,1,2,0.3333333333333333,1,2,0,0,1,2,0.3333333333333333,14155776,0.2
14,183,15,14,1,0,3.3805493709999994,2,0.2,1,14,0.06666666666666667,1,2,0,2,1,0,0.3333333333333333,14155776,0.2
14,184,47,24,23,11,11.783396350999999,5,0.5,40,7,0.851063829787234,21,5,2,1,19,4,0.8076923076923077,35389440,2.0
14,185,122,106,16,31,33.884288903400005,10,1.0,55,67,0.45081967213114754,18,8,3,7,15,1,0.6923076923076923,56623104,7.0
14,186,1,1,0,0,0.187470153,1,0.1,0,1,0.0,0,1,0,1,0,0,0.0,7077888,0.0
14,187,1,1,0,0,0.199790865,1,0.1,0,1,0.0,0,1,0,1,0,0,0.0,7077888,0.0
14,188,15,12,3,0,2.2423391189999995,10,1.0,4,11,0.26666666666666666,4,9,1,9,3,0,0.3076923076923077,63700992,8.0
14,189,2,2,0,0,0.431860685,2,0.2,0,2,0.0,0,2,0,2,0,0,0.0,14155776,0.2
14,190,7,0,7,0,1.7541761980000001,1,0.1,6,1,0.8571428571428571,6,1,0,0,6,1,0.8571428571428571,7077888,0.0
14,191,4,2,2,0,0.7321039,3,0.3,0,4,0.0,0,4,0,2,0,2,0.0,28311552,0.8999999999999999
14,192,22,4,18,1,5.109597012,2,0.2,20,2,0.9090909090909091,17,2,1,0,16,2,0.8947368421052632,14155776,0.2
14,194,2,0,2,0,0.45334249800000004,1,0.1,1,1,0.5,1,1,0,0,1,1,0.5,7077888,0.0
14,195,12,3,9,1,2.626145451,2,0.2,6,6,0.5,6,4,0,1,6,3,0.6,28311552,0.6000000000000001
14,196,8,5,3,0,1.913405136,3,0.3,2,6,0.25,1,4,1,1,0,3,0.2,28311552,0.8999999999999999
14,198,3,0,3,0,0.5988943879999999,1,0.1,2,1,0.6666666666666666,2,1,0,0,2,1,0.6666666666666666,7077888,0.0
14,200,98,98,0,6,19.365563347800002,10,1.0,33,65,0.336734693877551,3,7,3,7,0,0,0.3,49545216,6.0
14,202,1,0,1,0,0.204278171,1,0.1,0,1,0.0,0,1,0,0,0,1,0.0,7077888,0.0
14,203,1,0,1,0,0.198361725,1,0.1,0,1,0.0,0,1,0,0,0,1,0.0,7077888,0.0
14,204,1,0,1,0,0.19632259,1,0.1,0,1,0.0,0,1,0,0,0,1,0.0,7077888,0.0
14,205,3,1,2,0,0.666247144,3,0.3,0,3,0.0,0,3,0,1,0,2,0.0,21233664,0.6
14,206,6,4,2,1,1.169551954,4,0.4,1,5,0.16666666666666666,1,4,0,3,1,1,0.2,28311552,1.2000000000000002
14,208,30,19,11,8,8.240812259000002,4,0.4,11,19,0.36666666666666664,10,4,1,2,9,2,0.7142857142857143,28311552,1.2000000000000002
14,209,26,8,18,6,6.582737123999999,5,0.5,14,12,0.5384615384615384,14,5,0,1,14,4,0.7368421052631579,35389440,2.0
14,210,4,0,4,0,0.818974689,1,0.1,3,1,0.75,3,1,0,0,3,1,0.75,7077888,0.0
14,211,3,2,1,0,0.47899893,2,0.2,0,3,0.0,0,3,0,2,0,1,0.0,21233664,0.4
14,213,4,1,3,0,0.7191226479999999,2,0.2,1,3,0.25,1,3,0,1,1,2,0.25,21233664,0.4
14,214,2,1,1,0,0.451138437,1,0.1,0,2,0.0,0,2,0,1,0,1,0.0,14155776,0.1
14,215,11,1,10,0,2.3697475789999998,3,0.3,6,5,0.5454545454545454,6,5,0,1,6,4,0.5454545454545454,35389440,1.2
14,223,27,3,24,4,7.015582454999999,7,0.7,19,8,0.7037037037037037,19,8,2,1,17,7,0.7037037037037037,56623104,4.8999999999999995
14,224,88,81,7,7,22.1730028835,10,1.0,26,62,0.29545454545454547,9,8,3,7,6,1,0.5294117647058824,56623104,7.0
14,225,11,10,1,0,1.996820343,10,1.0,0,11,0.0,0,11,0,10,0,1,0.0,77856768,10.0
14,227,2,1,1,0,0.412659257,1,0.1,0,2,0.0,0,2,0,1,0,1,0.0,14155776,0.1
14,229,1,0,1,0,0.206572473,1,0.1,0,1,0.0,0,1,0,0,0,1,0.0,7077888,0.0
14,232,6,4,2,0,1.051242636,3,0.3,0,6,0.0,0,5,0,3,0,2,0.0,35389440,1.2
14,234,13,12,1,0,2.254909502,3,0.3,0,13,0.0,0,4,0,3,0,1,0.0,28311552,0.8999999999999999
14,235,193,157,36,70,69.08223191399999,10,1.0,133,60,0.689119170984456,41,5,6,4,35,1,0.8913043478260869,35389440,4.0
14,236,2,1,1,0,0.379394651,2,0.2,0,2,0.0,0,2,0,1,0,1,0.0,14155776,0.2
14,237,6,4,2,2,1.7263222919999996,3,0.3,2,4,0.3333333333333333,2,3,0,3,2,0,0.4,21233664,0.6
14,238,2,0,2,0,0.38952182300000004,1,0.1,0,2,0.0,0,2,0,0,0,2,0.0,14155776,0.1
14,241,2,0,2,1,0.49546359500000003,1,0.1,1,1,0.5,1,1,0,0,1,1,0.5,7077888,0.0
14,242,28,9,19,9,7.532200175700001,1,0.1,19,9,0.6785714285714286,19,1,0,1,19,0,0.95,7077888,0.0
14,243,3,0,3,0,0.547857762,1,0.1,2,1,0.6666666666666666,2,1,0,0,2,1,0.6666666666666666,7077888,0.0
14,245,18,8,10,1,3.6682456048,7,0.7,7,11,0.3888888888888889,7,9,1,5,6,4,0.4375,63700992,5.6
14,248,146,94,52,29,36.897448009999984,10,1.0,132,14,0.9041095890410958,56,6,8,2,48,4,0.9032258064516129,42467328,5.0
14,252,1,1,0,0,0.156410873,1,0.1,0,1,0.0,0,1,0,1,0,0,0.0,7077888,0.0
14,253,2,1,1,0,0.420619905,2,0.2,0,2,0.0,0,2,0,1,0,1,0.0,14155776,0.2
14,255,3,2,1,0,0.5324420329999999,3,0.3,0,3,0.0,0,3,0,2,0,1,0.0,21233664,0.6
15,0,2,2,0,0,0.37965498799999997,1,0.1,0,2,0.0,0,1,0,1,0,0,0.0,7077888,0.0
15,1,10,5,5,4,2.972656073,3,0.3,4,6,0.4,4,3,0,2,4,1,0.5714285714285714,21233664,0.6
15,2,5,0,5,0,1.24321592,1,0.1,4,1,0.8,4,1,0,0,4,1,0.8,7077888,0.0
15,3,2,1,1,0,0.46717765899999997,2,0.2,1,1,0.5,1,1,1,0,0,1,0.5,7077888,0.0
15,5,42,35,7,15,12.992069759000001,10,1.0,12,30,0.2857142857142857,6,11,2,8,4,3,0.35294117647058826,77856768,10.0
15,6,6,6,0,0,1.2034608279999999,2,0.2,0,6,0.0,0,2,0,2,0,0,0.0,14155776,0.2
15,7,6,3,3,2,1.8928349320000004,1,0.1,2,4,0.3333333333333333,2,2,0,1,2,1,0.5,14155776,0.1
15,8,17,13,4,4,4.666339904999999,3,0.3,1,16,0.058823529411764705,1,6,0,3,1,3,0.14285714285714285,42467328,1.5
15,9,22,12,10,0,3.788605234,6,0.6,11,11,0.5,7,8,1,4,6,4,0.4666666666666667,56623104,4.2
15,10,9,5,4,0,1.8896915910000003,2,0.2,2,7,0.2222222222222222,2,3,0,1,2,2,0.4,21233664,0.4
15,11,13,5,8,0,2.5933307099999996,5,0.5,4,9,0.3076923076923077,4,6,0,2,4,4,0.4,42467328,2.5
15,13,2,2,0,0,0.33530180200000004,2,0.2,0,2,0.0,0,2,0,2,0,0,0.0,14155776,0.2
15,14,1,0,1,0,0.159617022,1,0.1,0,1,0.0,0,1,0,0,0,1,0.0,7077888,0.0
15,17,6,6,0,0,1.0402670189999998,2,0.2,0,6,0.0,0,2,0,2,0,0,0.0,14155776,0.2
15,19,1,0,1,0,0.131761208,1,0.1,0,1,0.0,0,1,0,0,0,1,0.0,7077888,0.0
15,20,36,8,28,10,10.696567623999998,4,0.4,29,7,0.8055555555555556,27,5,2,2,25,3,0.84375,35389440,1.6
15,22,9,7,2,0,1.61544875,4,0.4,1,8,0.1111111111111111,1,5,0,4,1,1,0.16666666666666666,35389440,1.6
15,23,1,0,1,0,0.162867635,1,0.1,0,1,0.0,0,1,0,0,0,1,0.0,7077888,0.0
15,24,31,12,19,2,7.103813675999999,8,0.8,19,12,0.6129032258064516,18,8,3,4,15,4,0.6923076923076923,56623104,5.6000000000000005
15,25,14,8,6,2,3.588442518,5,0.5,4,10,0.2857142857142857,4,7,1,4,3,3,0.36363636363636365,49545216,3.0
15,26,30,22,8,6,7.604179158999999,3,0.3,26,4,0.8666666666666667,9,2,2,1,7,1,0.8181818181818182,14155776,0.3
15,27,214,153,61,64,63.585060244,10,1.0,196,18,0.9158878504672897,68,3,9,1,59,2,0.9577464788732394,21233664,2.0
15,28,14,7,7,1,3.585614027,1,0.1,6,8,0.42857142857142855,6,2,0,1,6,1,0.75,14155776,0.1
15,29,10,2,8,1,2.240950314,3,0.3,6,4,0.6,6,4,1,1,5,3,0.6,28311552,0.8999999999999999
15,30,2,2,0,0,0.32203865,1,0.1,0,2,0.0,0,1,0,1,0,0,0.0,7077888,0.0
15,31,33,20,13,9,9.028505714000001,3,0.3,25,8,0.7575757575757576,13,3,2,1,11,2,0.8125,21233664,0.6
15,32,16,2,14,2,3.797532157999999,3,0.3,11,5,0.6875,11,5,1,1,10,4,0.6875,35389440,1.2
15,33,2,2,0,0,0.395562247,2,0.2,0,2,0.0,0,2,0,2,0,0,0.0,14155776,0.2
15,35,1,1,0,0,0.251422644,1,0.1,0,1,0.0,0,1,0,1,0,0,0.0,7077888,0.0
15,36,26,20,6,0,4.07306239,8,0.8,3,23,0.11538461538461539,3,10,0,7,3,3,0.23076923076923078,70778880,7.2
15,37,5,4,1,0,1.038100824,1,0.1,0,5,0.0,0,2,0,1,0,1,0.0,14155776,0.1
15,38,35,33,2,1,7.484968064999999,8,0.8,4,31,0.11428571428571428,1,9,1,7,0,2,0.1,63700992,6.4
15,39,1,0,1,0,0.160145327,1,0.1,0,1,0.0,0,1,0,0,0,1,0.0,7077888,0.0
15,42,1,0,1,0,0.142860904,1,0.1,0,1,0.0,0,1,0,0,0,1,0.0,7077888,0.0
15,44,1,1,0,0,0.215896159,1,0.1,0,1,0.0,0,1,0,1,0,0,0.0,7077888,0.0
15,45,12,10,2,0,2.578065455,6,0.6,1,11,0.08333333333333333,1,7,0,6,1,1,0.125,49545216,3.5999999999999996
15,46,24,22,2,0,6.584109433999998,10,1.0,4,20,0.16666666666666666,2,10,1,9,1,1,0.16666666666666666,70778880,9.0
15,50,4,1,3,0,0.7589795890000001,1,0.1,1,3,0.25,1,3,0,1,1,2,0.25,21233664,0.2
15,54,2,1,1,0,0.303928614,1,0.1,0,2,0.0,0,2,0,1,0,1,0.0,14155776,0.1
15,58,5,4,1,0,0.765670718,2,0.2,0,5,0.0,0,2,0,1,0,1,0.0,14155776,0.2
15,60,18,18,0,0,2.9522293576000003,10,1.0,0,18,0.0,0,10,0,10,0,0,0.0,70778880,9.0
15,62,2,2,0,0,0.25491067700000003,2,0.2,0,2,0.0,0,2,0,2,0,0,0.0,14155776,0.2
15,64,48,19,29,10,13.039304271999997,8,0.8,34,14,0.7083333333333334,26,11,3,5,23,6,0.7027027027027027,77856768,8.0
15,65,14,4,10,2,3.3240190300000005,5,0.5,6,8,0.42857142857142855,6,8,2,2,4,6,0.42857142857142855,56623104,3.5
15,66,22,11,11,1,3.3426871808,9,0.9,10,12,0.45454545454545453,9,10,3,5,6,5,0.47368421052631576,70778880,8.1
15,68,1,0,1,0,0.162933871,1,0.1,0,1,0.0,0,1,0,0,0,1,0.0,7077888,0.0
15,71,22,10,12,1,6.058511124,2,0.2,10,12,0.45454545454545453,10,4,0,2,10,2,0.7142857142857143,28311552,0.6000000000000001
15,73,5,3,2,0,1.1426816579999999,1,0.1,1,4,0.2,1,2,0,1,1,1,0.3333333333333333,14155776,0.1
15,75,10,5,5,0,2.1182612169999997,2,0.2,2,8,0.2,2,5,0,2,2,3,0.2857142857142857,35389440,0.8
15,76,14,6,8,3,3.7182050359999996,3,0.3,7,7,0.5,6,4,1,1,5,3,0.6,28311552,0.8999999999999999
15,79,96,83,13,3,17.87824565729999,10,1.0,18,78,0.1875,14,9,1,9,13,0,0.6086956521739131,63700992,8.0
15,80,1,1,0,0,0.211334512,1,0.1,0,1,0.0,0,1,0,1,0,0,0.0,7077888,0.0
15,82,11,5,6,0,2.4830104120000005,3,0.3,3,8,0.2727272727272727,3,6,0,3,3,3,0.3333333333333333,42467328,1.5
15,83,31,26,5,0,5.286414522500001,10,1.0,12,19,0.3870967741935484,8,7,4,6,4,1,0.5333333333333333,49545216,6.0
15,85,16,12,4,4,4.614986209,5,0.5,4,12,0.25,1,7,1,3,0,4,0.125,49545216,3.0
15,88,2,1,1,0,0.362159059,2,0.2,0,2,0.0,0,2,0,1,0,1,0.0,14155776,0.2
15,90,13,12,1,10,4.575411811,10,1.0,0,13,0.0,0,11,0,10,0,1,0.0,77856768,10.0
15,91,17,13,4,0,2.6652569030000004,7,0.7,3,14,0.17647058823529413,3,8,1,6,2,2,0.2727272727272727,56623104,4.8999999999999995
15,92,79,52,27,22,24.515731187,8,0.8,33,46,0.4177215189873418,28,7,2,6,26,1,0.8,49545216,4.800000000000001
15,93,12,3,9,1,2.991563692,1,0.1,8,4,0.6666666666666666,8,2,0,1,8,1,0.8,14155776,0.1
15,94,1,1,0,0,0.12447083,1,0.1,0,1,0.0,0,1,0,1,0,0,0.0,7077888,0.0
15,95,38,36,2,0,7.318131034000001,10,1.0,8,30,0.21052631578947367,3,9,2,8,1,1,0.25,63700992,8.0
15,97,2,1,1,0,0.462822214,2,0.2,0,2,0.0,0,2,0,1,0,1,0.0,14155776,0.2
15,100,12,10,2,0,2.3244212410000005,3,0.3,1,11,0.08333333333333333,1,4,0,3,1,1,0.2,28311552,0.8999999999999999
15,101,1,0,1,0,0.19090721,1,0.1,0,1,0.0,0,1,0,0,0,1,0.0,7077888,0.0
15,104,104,21,83,8,25.637686071,10,1.0,102,2,0.9807692307692307,89,1,6,1,83,0,0.9888888888888889,7077888,0.0
15,106,3,0,3,0,0.595450267,1,0.1,2,1,0.6666666666666666,2,1,0,0,2,1,0.6666666666666666,7077888,0.0
15,107,3,3,0,0,0.537468762,2,0.2,0,3,0.0,0,2,0,2,0,0,0.0,14155776,0.2
15,108,6,3,3,0,1.1520644139999998,2,0.2,1,5,0.16666666666666666,1,4,0,2,1,2,0.2,28311552,0.6000000000000001
15,109,2,2,0,0,0.379041537,1,0.1,0,2,0.0,0,1,0,1,0,0,0.0,7077888,0.0
15,111,13,4,9,1,2.9873764950000004,1,0.1,7,6,0.5384615384615384,7,3,0,1,7,2,0.7,21233664,0.2
15,112,1,1,0,0,0.0786711425,1,0.1,0,1,0.0,0,1,0,1,0,0,0.0,7077888,0.0
15,113,1,1,0,0,0.304220289,1,0.1,0,1,0.0,0,1,0,1,0,0,0.0,7077888,0.0
15,117,2,0,2,0,0.483330846,1,0.1,0,2,0.0,0,2,0,0,0,2,0.0,14155776,0.1
15,121,8,4,4,0,1.5395094599999999,4,0.4,2,6,0.25,2,5,0,3,2,2,0.2857142857142857,35389440,1.6
15,122,3,0,3,0,0.549258172,1,0.1,2,1,0.6666666666666666,2,1,0,0,2,1,0.6666666666666666,7077888,0.0
15,123,22,10,12,2,5.094986155,2,0.2,10,12,0.45454545454545453,10,4,0,2,10,2,0.7142857142857143,28311552,0.6000000000000001
15,124,62,27,35,7,14.290760231399997,5,0.5,45,17,0.7258064516129032,36,3,2,2,34,1,0.9230769230769231,21233664,1.0
15,125,9,5,4,1,2.309094728,1,0.1,2,7,0.2222222222222222,2,3,0,1,2,2,0.4,21233664,0.2
15,126,5,0,5,0,0.982458188,4,0.4,1,4,0.2,1,4,0,0,1,4,0.2,28311552,1.2000000000000002
15,127,22,13,9,3,4.8309100560000005,8,0.8,6,16,0.2727272727272727,6,8,1,4,5,4,0.42857142857142855,56623104,5.6000000000000005
15,128,11,9,2,0,1.931607322,5,0.5,2,9,0.18181818181818182,2,5,1,4,1,1,0.2857142857142857,35389440,2.0
15,129,96,71,25,13,22.749957497000008,10,1.0,59,37,0.6145833333333334,23,12,6,4,17,8,0.6571428571428571,84934656,11.0
15,130,12,7,5,1,3.1469477719999994,3,0.3,3,9,0.25,3,4,0,2,3,2,0.42857142857142855,28311552,0.8999999999999999
15,131,9,7,2,0,2.09507285,2,0.2,1,8,0.1111111111111111,1,3,0,2,1,1,0.25,21233664,0.4
15,132,7,3,4,0,1.444302304,4,0.4,2,5,0.2857142857142857,1,5,1,1,0,4,0.16666666666666666,35389440,1.6
15,134,1,0,1,0,0.171375364,1,0.1,0,1,0.0,0,1,0,0,0,1,0.0,7077888,0.0
15,136,1,0,1,0,0.14593628,1,0.1,0,1,0.0,0,1,0,0,0,1,0.0,7077888,0.0
15,137,5,3,2,0,0.945469335,3,0.3,2,3,0.4,2,2,1,1,1,1,0.5,14155776,0.3
15,138,1,0,1,0,0.255807072,1,0.1,0,1,0.0,0,1,0,0,0,1,0.0,7077888,0.0
15,141,1,0,1,0,0.22003141,1,0.1,0,1,0.0,0,1,0,0,0,1,0.0,7077888,0.0
15,142,7,3,4,0,1.5176868580000002,3,0.3,2,5,0.2857142857142857,2,4,0,2,2,2,0.3333333333333333,28311552,0.8999999999999999
15,143,3,2,1,0,0.656940759,1,0.1,0,3,0.0,0,2,0,1,0,1,0.0,14155776,0.1
15,144,18,12,6,11,5.872186973000002,6,0.6,6,12,0.3333333333333333,6,6,0,6,6,0,0.5,42467328,3.0
15,145,16,13,3,0,3.6153458031999994,10,1.0,2,14,0.125,2,11,0,10,2,1,0.15384615384615385,77856768,10.0
15,146,60,53,7,20,17.096680045,8,0.8,13,47,0.21666666666666667,7,8,1,7,6,1,0.4666666666666667,56623104,5.6000000000000005
15,147,7,3,4,0,1.3298592710000001,5,0.5,2,5,0.2857142857142857,2,5,0,3,2,2,0.2857142857142857,35389440,2.0
15,148,15,1,14,4,3.8374656590000003,2,0.2,11,4,0.7333333333333333,11,4,0,1,11,3,0.7333333333333333,28311552,0.6000000000000001
15,150,1,0,1,0,0.189802453,1,0.1,0,1,0.0,0,1,0,0,0,1,0.0,7077888,0.0
15,151,2,1,1,0,0.34222415100000003,2,0.2,0,2,0.0,0,2,0,1,0,1,0.0,14155776,0.2
15,152,12,5,7,2,2.991033288,4,0.4,7,5,0.5833333333333334,4,5,1,1,3,4,0.4444444444444444,35389440,1.6
15,154,9,1,8,0,1.9527326230000002,3,0.3,5,4,0.5555555555555556,5,4,0,1,5,3,0.5555555555555556,28311552,0.8999999999999999
15,155,2,2,0,0,0.337285772,1,0.1,0,2,0.0,0,1,0,1,0,0,0.0,7077888,0.0
15,157,3,2,1,0,0.465982773,2,0.2,0,3,0.0,0,3,0,2,0,1,0.0,21233664,0.4
15,158,1,0,1,0,0.243423343,1,0.1,0,1,0.0,0,1,0,0,0,1,0.0,7077888,0.0
15,159,12,5,7,1,2.584119573,2,0.2,6,6,0.5,6,3,0,2,6,1,0.6666666666666666,21233664,0.4
15,161,5,4,1,0,0.875375346,3,0.3,1,4,0.2,1,2,1,1,0,1,0.3333333333333333,14155776,0.3
15,162,4,3,1,0,0.932161495,1,0.1,0,4,0.0,0,2,0,1,0,1,0.0,14155776,0.1
15,163,6,1,5,0,1.156337663,3,0.3,1,5,0.16666666666666666,1,5,0,1,1,4,0.16666666666666666,35389440,1.2
15,164,2,2,0,0,0.250663101,2,0.2,0,2,0.0,0,2,0,2,0,0,0.0,14155776,0.2
15,165,12,6,6,2,3.2305359090000003,6,0.6,2,10,0.16666666666666666,2,8,0,4,2,4,0.2,56623104,4.2
15,167,15,15,0,0,3.30804284,5,0.5,0,15,0.0,0,5,0,5,0,0,0.0,35389440,2.0
15,169,2,2,0,0,0.39689891,1,0.1,0,2,0.0,0,1,0,1,0,0,0.0,7077888,0.0
15,170,25,6,19,7,7.043223067000002,1,0.1,18,7,0.72,18,2,0,1,18,1,0.9,14155776,0.1
15,173,6,1,5,1,1.3007683449999998,2,0.2,3,3,0.5,3,3,0,1,3,2,0.5,21233664,0.4
15,174,2,0,2,0,0.443508729,2,0.2,0,2,0.0,0,2,0,0,0,2,0.0,14155776,0.2
15,175,1,1,0,0,0.174390465,1,0.1,0,1,0.0,0,1,0,1,0,0,0.0,7077888,0.0
15,176,111,23,88,48,39.05799107000001,10,1.0,106,5,0.954954954954955,94,4,9,1,85,3,0.9591836734693877,28311552,3.0
15,178,1,0,1,0,0.146757841,1,0.1,0,1,0.0,0,1,0,0,0,1,0.0,7077888,0.0
15,180,109,68,41,23,28.829895273000005,10,1.0,84,25,0.7706422018348624,43,8,7,3,36,5,0.8431372549019608,56623104,7.0
15,182,1,0,1,0,0.177659184,1,0.1,0,1,0.0,0,1,0,0,0,1,0.0,7077888,0.0
15,183,28,20,8,1,6.236562101999999,7,0.7,6,22,0.21428571428571427,6,8,0,6,6,2,0.42857142857142855,56623104,4.8999999999999995
15,185,1,0,1,0,0.153211132,1,0.1,0,1,0.0,0,1,0,0,0,1,0.0,7077888,0.0
15,186,16,16,0,0,3.221679255,10,1.0,0,16,0.0,0,10,0,10,0,0,0.0,70778880,9.0
15,187,1,1,0,0,0.156000346,1,0.1,0,1,0.0,0,1,0,1,0,0,0.0,7077888,0.0
15,189,6,2,4,1,1.4483345890000001,2,0.2,2,4,0.3333333333333333,2,4,0,2,2,2,0.3333333333333333,28311552,0.6000000000000001
15,190,4,1,3,0,0.843892917,2,0.2,1,3,0.25,1,3,0,1,1,2,0.25,21233664,0.4
15,191,13,9,4,2,3.138735369,2,0.2,1,12,0.07692307692307693,1,5,0,2,1,3,0.16666666666666666,35389440,0.8
15,192,13,4,9,0,2.541399496,5,0.5,6,7,0.46153846153846156,4,7,1,1,3,6,0.36363636363636365,49545216,3.0
15,196,6,5,1,0,1.2934237279999998,2,0.2,0,6,0.0,0,3,0,2,0,1,0.0,21233664,0.4
15,198,11,2,9,0,2.51652868,3,0.3,7,4,0.6363636363636364,7,4,1,1,6,3,0.6363636363636364,28311552,0.8999999999999999
15,199,29,27,2,14,10.104627667000003,7,0.7,1,28,0.034482758620689655,1,8,0,7,1,1,0.1111111111111111,56623104,4.8999999999999995
15,200,3,3,0,0,0.572237566,2,0.2,0,3,0.0,0,2,0,2,0,0,0.0,14155776,0.2
15,201,9,7,2,3,2.816968724,4,0.4,2,7,0.2222222222222222,2,4,1,3,1,1,0.3333333333333333,28311552,1.2000000000000002
15,203,4,3,1,0,0.6554485560000001,2,0.2,0,4,0.0,0,3,0,2,0,1,0.0,21233664,0.4
15,205,6,5,1,1,1.196049497,6,0.6,0,6,0.0,0,6,0,5,0,1,0.0,42467328,3.0
15,209,13,5,8,4,3.851898745,3,0.3,6,7,0.46153846153846156,6,4,0,2,6,2,0.6,28311552,0.8999999999999999
15,210,2,1,1,0,0.43735982500000004,1,0.1,0,2,0.0,0,2,0,1,0,1,0.0,14155776,0.1
15,212,11,5,6,1,1.9159478694,1,0.1,6,5,0.5454545454545454,6,1,0,1,6,0,0.8571428571428571,7077888,0.0
15,213,67,47,20,18,18.458772475,10,1.0,44,23,0.6567164179104478,23,7,5,5,18,2,0.7666666666666667,49545216,6.0
15,214,2,1,1,0,0.306691349,2,0.2,0,2,0.0,0,2,0,1,0,1,0.0,14155776,0.2
15,216,4,0,4,0,0.763774201,1,0.1,2,2,0.5,2,2,0,0,2,2,0.5,14155776,0.1
15,217,2,2,0,0,0.420147478,1,0.1,0,2,0.0,0,1,0,1,0,0,0.0,7077888,0.0
15,218,4,1,3,0,0.944137841,4,0.4,0,4,0.0,0,4,0,1,0,3,0.0,28311552,1.2000000000000002
15,220,4,4,0,0,0.8137549310000001,2,0.2,0,4,0.0,0,2,0,2,0,0,0.0,14155776,0.2
15,221,1,1,0,1,0.329433352,1,0.1,0,1,0.0,0,1,0,1,0,0,0.0,7077888,0.0
15,222,2,0,2,0,0.280905694,1,0.1,1,1,0.5,1,1,0,0,1,1,0.5,7077888,0.0
15,223,34,9,25,13,9.576103397,2,0.2,21,13,0.6176470588235294,21,6,0,2,21,4,0.7777777777777778,42467328,1.0
15,225,8,4,4,0,1.624249638,3,0.3,1,7,0.125,1,5,0,2,1,3,0.16666666666666666,35389440,1.2
15,226,3,2,1,0,0.530946314,3,0.3,0,3,0.0,0,3,0,2,0,1,0.0,21233664,0.6
15,228,7,5,2,3,1.770276471,2,0.2,2,5,0.2857142857142857,1,3,1,1,0,2,0.25,21233664,0.4
15,230,6,4,2,2,1.66583319,1,0.1,1,5,0.16666666666666666,1,2,0,1,1,1,0.3333333333333333,14155776,0.1
15,233,17,15,2,3,4.182886355999999,7,0.7,1,16,0.058823529411764705,1,8,0,7,1,1,0.1111111111111111,56623104,4.8999999999999995
15,235,5,3,2,0,1.2386407400000001,2,0.2,1,4,0.2,1,3,0,2,1,1,0.25,21233664,0.4
15,236,1,0,1,0,0.157109112,1,0.1,0,1,0.0,0,1,0,0,0,1,0.0,7077888,0.0
15,237,8,0,8,0,1.568633555,5,0.5,3,5,0.375,3,5,0,0,3,5,0.375,35389440,2.0
15,239,10,10,0,0,1.7341616140000002,10,1.0,0,10,0.0,0,10,0,10,0,0,0.0,70778880,9.0
15,240,12,12,0,0,1.903174825,10,1.0,0,12,0.0,0,10,0,10,0,0,0.0,70778880,9.0
15,241,3,0,3,0,0.638089001,2,0.2,0,3,0.0,0,3,0,0,0,3,0.0,21233664,0.4
15,242,11,10,1,0,3.096623331,10,1.0,1,10,0.09090909090909091,1,10,1,9,0,1,0.09090909090909091,70778880,9.0
15,243,1,0,1,0,0.0911232084,1,0.1,0,1,0.0,0,1,0,0,0,1,0.0,7077888,0.0
15,244,12,5,7,0,2.6374187620000002,4,0.4,3,9,0.25,3,6,1,1,2,5,0.3333333333333333,42467328,2.0
15,245,3,1,2,0,0.727991849,2,0.2,0,3,0.0,0,3,0,1,0,2,0.0,21233664,0.4
15,246,74,4,70,14,18.0370464324,9,0.9,66,8,0.8918918918918919,64,8,2,0,62,8,0.8888888888888888,56623104,6.3
15,248,119,118,1,32,32.96315285399999,10,1.0,1,118,0.008403361344537815,1,10,0,10,1,0,0.09090909090909091,70778880,9.0
15,249,35,16,19,1,7.579607529999998,4,0.4,18,17,0.5142857142857142,16,7,1,3,15,4,0.6956521739130435,49545216,2.4000000000000004
15,250,6,5,1,0,1.7310058030000002,2,0.2,0,6,0.0,0,3,0,2,0,1,0.0,21233664,0.4
15,252,15,13,2,0,3.295380516,2,0.2,1,14,0.06666666666666667,1,3,0,2,1,1,0.25,21233664,0.4
15,253,1,0,1,0,0.158466727,1,0.1,0,1,0.0,0,1,0,0,0,1,0.0,7077888,0.0
16,0,2,1,1,0,0.382146746,1,0.1,0,2,0.0,0,2,0,1,0,1,0.0,14155776,0.1
16,1,1,0,1,0,0.219229877,1,0.1,0,1,0.0,0,1,0,0,0,1,0.0,7077888,0.0
16,2,7,5,2,0,1.3722770209999997,3,0.3,1,6,0.14285714285714285,1,4,0,3,1,1,0.2,28311552,0.8999999999999999
16,3,3,0,3,0,0.6014914210000001,3,0.3,0,3,0.0,0,3,0,0,0,3,0.0,21233664,0.6
16,4,7,4,3,0,1.3604775379999998,2,0.2,1,6,0.14285714285714285,1,3,0,1,1,2,0.25,21233664,0.4
16,7,1,1,0,0,0.143803865,1,0.1,0,1,0.0,0,1,0,1,0,0,0.0,7077888,0.0
16,9,9,6,3,0,2.1837459949999998,3,0.3,1,8,0.1111111111111111,1,4,0,2,1,2,0.2,28311552,0.8999999999999999
16,10,12,12,0,0,2.050061472,10,1.0,0,12,0.0,0,10,0,10,0,0,0.0,70778880,9.0
16,11,5,3,2,0,0.5869408404,5,0.5,0,5,0.0,0,5,0,3,0,2,0.0,35389440,2.0
16,12,1,0,1,0,0.261906505,1,0.1,0,1,0.0,0,1,0,0,0,1,0.0,7077888,0.0
16,13,2,1,1,0,0.406749978,2,0.2,0,2,0.0,0,2,0,1,0,1,0.0,14155776,0.2
16,14,5,0,5,1,1.3044135569999997,1,0.1,4,1,0.8,4,1,0,0,4,1,0.8,7077888,0.0
16,15,33,32,1,2,6.126833568900001,8,0.8,1,32,0.030303030303030304,1,8,0,8,1,0,0.1111111111111111,56623104,5.6000000000000005
16,19,13,2,11,2,2.9449301670000003,2,0.2,10,3,0.7692307692307693,10,2,0,1,10,1,0.8333333333333334,14155776,0.2
16,20,7,3,4,0,1.4093585750000002,4,0.4,3,4,0.42857142857142855,3,4,2,1,1,3,0.42857142857142855,28311552,1.2000000000000002
16,21,4,2,2,0,0.889588684,1,0.1,2,2,0.5,2,1,0,1,2,0,0.6666666666666666,7077888,0.0
16,24,11,7,4,1,2.5734359619999996,4,0.4,1,10,0.09090909090909091,1,6,0,3,1,3,0.14285714285714285,42467328,2.0
16,25,8,3,5,2,2.2921046009999997,5,0.5,3,5,0.375,3,5,0,3,3,2,0.375,35389440,2.0
16,26,25,25,0,10,10.460468334900003,10,1.0,0,25,0.0,0,10,0,10,0,0,0.0,70778880,9.0
16,27,2,1,1,0,0.34872990800000003,1,0.1,0,2,0.0,0,2,0,1,0,1,0.0,14155776,0.1
16,28,3,1,2,0,0.628918781,2,0.2,0,3,0.0,0,3,0,1,0,2,0.0,21233664,0.4
16,29,11,9,2,0,2.17224188,5,0.5,3,8,0.2727272727272727,2,5,1,4,1,1,0.2857142857142857,35389440,2.0
16,30,186,186,0,65,58.366235434700016,10,1.0,22,164,0.11827956989247312,1,9,1,9,0,0,0.1,63700992,8.0
16,34,1,0,1,0,0.217471272,1,0.1,0,1,0.0,0,1,0,0,0,1,0.0,7077888,0.0
16,35,5,5,0,0,1.1342062210000001,2,0.2,0,5,0.0,0,2,0,2,0,0,0.0,14155776,0.2
16,36,34,12,22,1,6.743276379999999,8,0.8,27,7,0.7941176470588235,23,5,4,2,19,3,0.8214285714285714,35389440,3.2
16,37,2,1,1,0,0.438116551,2,0.2,0,2,0.0,0,2,0,1,0,1,0.0,14155776,0.2
16,38,31,26,5,0,5.633430825,9,0.9,14,17,0.45161290322580644,7,7,2,7,5,0,0.5,49545216,5.4
16,39,1,1,0,0,0.142764255,1,0.1,0,1,0.0,0,1,0,1,0,0,0.0,7077888,0.0
16,40,4,0,4,0,0.8080393819999999,2,0.2,1,3,0.25,1,3,0,0,1,3,0.25,21233664,0.4
16,42,6,5,1,0,1.6466857490000002,3,0.3,0,6,0.0,0,4,0,3,0,1,0.0,28311552,0.8999999999999999
16,43,2,2,0,1,0.538776547,1,0.1,0,2,0.0,0,1,0,1,0,0,0.0,7077888,0.0
16,46,1,0,1,1,0.298689067,1,0.1,0,1,0.0,0,1,0,0,0,1,0.0,7077888,0.0
16,48,1,0,1,0,0.239333689,1,0.1,0,1,0.0,0,1,0,0,0,1,0.0,7077888,0.0
16,49,2,0,2,1,0.536051929,1,0.1,1,1,0.5,1,1,0,0,1,1,0.5,7077888,0.0
16,50,1,0,1,0,0.123543948,1,0.1,0,1,0.0,0,1,0,0,0,1,0.0,7077888,0.0
16,51,5,5,0,0,1.0115324110000001,2,0.2,0,5,0.0,0,2,0,2,0,0,0.0,14155776,0.2
16,52,2,0,2,0,0.451547265,2,0.2,0,2,0.0,0,2,0,0,0,2,0.0,14155776,0.2
16,56,90,62,28,1,16.496014809100004,10,1.0,68,22,0.7555555555555555,30,8,7,3,23,5,0.7894736842105263,56623104,7.0
16,57,28,14,14,0,5.181034364000001,9,0.9,16,12,0.5714285714285714,13,10,2,7,11,3,0.5652173913043478,70778880,8.1
16,58,21,20,1,0,4.655394405,6,0.6,0,21,0.0,0,7,0,6,0,1,0.0,49545216,3.5999999999999996
16,61,35,24,11,12,10.4975199494,10,1.0,22,13,0.6285714285714286,16,5,5,5,11,0,0.7619047619047619,35389440,4.0
16,63,2,0,2,1,0.578304871,2,0.2,0,2,0.0,0,2,0,0,0,2,0.0,14155776,0.2
16,65,7,5,2,0,1.922371417,4,0.4,1,6,0.14285714285714285,1,5,0,4,1,1,0.16666666666666666,35389440,1.6
16,68,1,1,0,0,0.195504248,1,0.1,0,1,0.0,0,1,0,1,0,0,0.0,7077888,0.0
16,69,1,0,1,0,0.195158303,1,0.1,0,1,0.0,0,1,0,0,0,1,0.0,7077888,0.0
16,73,2,1,1,0,0.37690192499999997,1,0.1,0,2,0.0,0,2,0,1,0,1,0.0,14155776,0.1
16,74,3,3,0,0,0.653928846,1,0.1,0,3,0.0,0,1,0,1,0,0,0.0,7077888,0.0
16,75,1,0,1,0,0.26132527,1,0.1,0,1,0.0,0,1,0,0,0,1,0.0,7077888,0.0
16,76,15,10,5,0,2.828075097,10,1.0,5,10,0.3333333333333333,5,10,2,8,3,2,0.3333333333333333,70778880,9.0
16,77,1,0,1,0,0.174403384,1,0.1,0,1,0.0,0,1,0,0,0,1,0.0,7077888,0.0
16,78,4,4,0,0,0.824742391,2,0.2,0,4,0.0,0,2,0,2,0,0,0.0,14155776,0.2
16,79,11,5,6,2,3.189824492,2,0.2,4,7,0.36363636363636365,4,4,0,2,4,2,0.5,28311552,0.6000000000000001
16,80,2,1,1,0,0.41959481,2,0.2,0,2,0.0,0,2,0,1,0,1,0.0,14155776,0.2
16,81,1,1,0,0,0.141760349,1,0.1,0,1,0.0,0,1,0,1,0,0,0.0,7077888,0.0
16,84,41,17,24,12,12.569980296,3,0.3,24,17,0.5853658536585366,24,3,0,3,24,0,0.8888888888888888,21233664,0.6
16,85,133,44,89,37,33.711039994999986,10,1.0,126,7,0.9473684210526315,93,4,7,1,86,3,0.9587628865979382,28311552,3.0
16,87,1,0,1,0,0.224358961,1,0.1,0,1,0.0,0,1,0,0,0,1,0.0,7077888,0.0
16,91,13,13,0,0,1.969792306,5,0.5,1,12,0.07692307692307693,1,4,1,4,0,0,0.2,28311552,1.5
16,94,5,1,4,1,1.388283059,1,0.1,3,2,0.6,3,2,0,1,3,1,0.6,14155776,0.1
16,96,26,0,26,2,5.5838754,5,0.5,20,6,0.7692307692307693,20,6,0,0,20,6,0.7692307692307693,42467328,2.5
16,97,13,13,0,2,2.8411488670000002,5,0.5,0,13,0.0,0,5,0,5,0,0,0.0,35389440,2.0
16,100,152,144,8,67,47.699129229000015,10,1.0,81,71,0.5328947368421053,12,6,4,6,8,0,0.6666666666666666,42467328,5.0
16,102,3,2,1,1,1.0607834170000001,2,0.2,0,3,0.0,0,3,0,2,0,1,0.0,21233664,0.4
16,103,4,2,2,0,0.680107952,2,0.2,3,1,0.75,2,1,1,0,1,1,0.6666666666666666,7077888,0.0
16,104,13,0,13,2,3.0423490870000007,4,0.4,8,5,0.6153846153846154,8,5,0,0,8,5,0.6153846153846154,35389440,1.6
16,106,10,10,0,0,1.870718345,3,0.3,0,10,0.0,0,3,0,3,0,0,0.0,21233664,0.6
16,108,29,22,7,3,8.705704229000002,2,0.2,7,22,0.2413793103448276,7,2,0,2,7,0,0.7777777777777778,14155776,0.2
16,109,13,10,3,0,1.6446756109999998,10,1.0,2,11,0.15384615384615385,2,11,1,9,1,2,0.15384615384615385,77856768,10.0
16,110,23,8,15,0,4.522606805999999,4,0.4,13,10,0.5652173913043478,13,5,0,3,13,2,0.7222222222222222,35389440,1.6
16,112,13,0,13,2,3.33944127,3,0.3,10,3,0.7692307692307693,10,3,0,0,10,3,0.7692307692307693,21233664,0.6
16,113,3,1,2,0,0.6648104939999999,3,0.3,0,3,0.0,0,3,0,1,0,2,0.0,21233664,0.6
16,115,3,0,3,0,0.643530696,2,0.2,1,2,0.3333333333333333,1,2,0,0,1,2,0.3333333333333333,14155776,0.2
16,116,16,1,15,0,4.097032576,4,0.4,12,4,0.75,12,4,0,1,12,3,0.75,28311552,1.2000000000000002
16,117,6,3,3,1,1.462865129,3,0.3,1,5,0.16666666666666666,1,4,0,2,1,2,0.2,28311552,0.8999999999999999
16,118,5,2,3,0,0.988195716,2,0.2,2,3,0.4,2,3,1,1,1,2,0.4,21233664,0.4
16,119,16,5,11,4,5.052625031,2,0.2,9,7,0.5625,9,3,0,1,9,2,0.75,21233664,0.4
16,120,8,5,3,5,2.5027072410000004,3,0.3,1,7,0.125,1,4,0,2,1,2,0.2,28311552,0.8999999999999999
16,122,16,13,3,0,3.4901805359999996,3,0.3,6,10,0.375,4,2,1,2,3,0,0.6666666666666666,14155776,0.3
16,123,1,1,0,0,0.152510226,1,0.1,0,1,0.0,0,1,0,1,0,0,0.0,7077888,0.0
16,124,1,0,1,0,0.177232355,1,0.1,0,1,0.0,0,1,0,0,0,1,0.0,7077888,0.0
16,125,3,1,2,0,0.84240374,1,0.1,1,2,0.3333333333333333,1,2,0,1,1,1,0.3333333333333333,14155776,0.1
16,126,3,2,1,0,0.660063625,1,0.1,0,3,0.0,0,2,0,1,0,1,0.0,14155776,0.1
16,127,47,36,11,2,10.833883627000002,9,0.9,21,26,0.44680851063829785,12,8,4,5,8,3,0.6,56623104,6.3
16,129,8,4,4,0,2.011081413,2,0.2,2,6,0.25,2,4,0,2,2,2,0.3333333333333333,28311552,0.6000000000000001
16,130,6,1,5,0,1.293839022,4,0.4,2,4,0.3333333333333333,2,4,1,0,1,4,0.3333333333333333,28311552,1.2000000000000002
16,131,9,9,0,0,1.472365095,7,0.7,0,9,0.0,0,7,0,7,0,0,0.0,49545216,4.199999999999999
16,132,2,1,1,1,0.525521129,2,0.2,0,2,0.0,0,2,0,1,0,1,0.0,14155776,0.2
16,133,4,4,0,0,0.781358548,2,0.2,0,4,0.0,0,2,0,2,0,0,0.0,14155776,0.2
16,134,1,0,1,0,0.139985338,1,0.1,0,1,0.0,0,1,0,0,0,1,0.0,7077888,0.0
16,136,15,12,3,2,3.7214158640000004,3,0.3,2,13,0.13333333333333333,2,3,0,2,2,1,0.4,21233664,0.6
16,137,1,0,1,0,0.256391346,1,0.1,0,1,0.0,0,1,0,0,0,1,0.0,7077888,0.0
16,138,5,2,3,0,0.8910875619999999,2,0.2,1,4,0.2,1,4,0,2,1,2,0.2,28311552,0.6000000000000001
16,139,1,0,1,0,0.303480268,1,0.1,0,1,0.0,0,1,0,0,0,1,0.0,7077888,0.0
16,140,1,1,0,0,0.159867913,1,0.1,0,1,0.0,0,1,0,1,0,0,0.0,7077888,0.0
16,141,3,1,2,0,0.6261992009999999,2,0.2,1,2,0.3333333333333333,1,2,0,1,1,1,0.3333333333333333,14155776,0.2
16,142,1,1,0,0,0.212679029,1,0.1,0,1,0.0,0,1,0,1,0,0,0.0,7077888,0.0
16,143,1,1,0,0,0.183860675,1,0.1,0,1,0.0,0,1,0,1,0,0,0.0,7077888,0.0
16,144,19,14,5,1,3.6522719259999996,8,0.8,7,12,0.3684210526315789,5,8,3,5,2,3,0.38461538461538464,56623104,5.6000000000000005
16,145,8,4,4,2,1.9207665479999998,2,0.2,2,6,0.25,2,4,0,2,2,2,0.3333333333333333,28311552,0.6000000000000001
16,148,75,38,37,4,17.311872880000006,8,0.8,68,7,0.9066666666666666,37,5,4,1,33,4,0.8809523809523809,35389440,3.2
16,154,2,2,0,0,0.252241716,1,0.1,0,2,0.0,0,1,0,1,0,0,0.0,7077888,0.0
16,155,62,51,11,0,9.1743519051,10,1.0,36,26,0.5806451612903226,16,5,5,5,11,0,0.7619047619047619,35389440,4.0
16,156,4,1,3,0,1.021246643,2,0.2,2,2,0.5,2,2,0,1,2,1,0.5,14155776,0.2
16,157,6,1,5,0,1.226257591,3,0.3,1,5,0.16666666666666666,1,5,0,1,1,4,0.16666666666666666,35389440,1.2
16,158,1,0,1,0,0.140148222,1,0.1,0,1,0.0,0,1,0,0,0,1,0.0,7077888,0.0
16,162,7,2,5,2,1.817839443,2,0.2,3,4,0.42857142857142855,3,4,0,2,3,2,0.42857142857142855,28311552,0.6000000000000001
16,164,5,1,4,2,1.35547091,1,0.1,3,2,0.6,3,2,0,1,3,1,0.6,14155776,0.1
16,165,20,20,0,0,4.183617332700001,10,1.0,2,18,0.1,1,9,1,9,0,0,0.1,63700992,8.0
16,166,15,3,12,6,4.615625216,2,0.2,10,5,0.6666666666666666,10,3,0,1,10,2,0.7692307692307693,21233664,0.4
16,167,7,0,7,1,1.586496815,2,0.2,3,4,0.42857142857142855,3,4,0,0,3,4,0.42857142857142855,28311552,0.6000000000000001
16,168,20,16,4,0,3.1159086053999996,10,1.0,4,16,0.2,3,10,2,7,1,3,0.23076923076923078,70778880,9.0
16,169,2,2,0,0,0.396851808,1,0.1,0,2,0.0,0,1,0,1,0,0,0.0,7077888,0.0
16,170,3,0,3,1,0.9356074029999999,1,0.1,1,2,0.3333333333333333,1,2,0,0,1,2,0.3333333333333333,14155776,0.1
16,171,2,2,0,0,0.45130038299999997,1,0.1,0,2,0.0,0,1,0,1,0,0,0.0,7077888,0.0
16,172,2,2,0,0,0.303062387,2,0.2,0,2,0.0,0,2,0,2,0,0,0.0,14155776,0.2
16,173,24,14,10,6,5.978660404,7,0.7,12,12,0.5,8,8,1,5,7,3,0.5,56623104,4.8999999999999995
16,175,42,29,13,1,7.027106479299999,9,0.9,20,22,0.47619047619047616,14,7,2,6,12,1,0.6666666666666666,49545216,5.4
16,176,132,5,127,24,33.659410757,10,1.0,131,1,0.9924242424242424,128,1,2,0,126,1,0.9922480620155039,7077888,0.0
16,177,6,3,3,0,1.3907451329999998,2,0.2,1,5,0.16666666666666666,1,3,0,1,1,2,0.25,21233664,0.4
16,178,1,0,1,0,0.16400595,1,0.1,0,1,0.0,0,1,0,0,0,1,0.0,7077888,0.0
16,179,43,3,40,10,12.546195655999998,8,0.8,37,6,0.8604651162790697,37,6,2,1,35,5,0.8604651162790697,42467328,4.0
16,180,1,1,0,0,0.110343128,1,0.1,0,1,0.0,0,1,0,1,0,0,0.0,7077888,0.0
16,181,26,9,17,1,5.635412188000001,4,0.4,17,9,0.6538461538461539,14,5,1,1,13,4,0.7368421052631579,35389440,1.6
16,182,2,0,2,1,0.718452841,1,0.1,1,1,0.5,1,1,0,0,1,1,0.5,7077888,0.0
16,184,13,12,1,0,2.55445528,10,1.0,1,12,0.07692307692307693,1,10,1,9,0,1,0.09090909090909091,70778880,9.0
16,185,1,0,1,0,0.190419197,1,0.1,0,1,0.0,0,1,0,0,0,1,0.0,7077888,0.0
16,186,3,0,3,0,0.6200828700000001,1,0.1,1,2,0.3333333333333333,1,2,0,0,1,2,0.3333333333333333,14155776,0.1
16,187,4,0,4,0,0.886738062,3,0.3,1,3,0.25,1,3,0,0,1,3,0.25,21233664,0.6
16,188,113,84,29,26,32.572360890999995,10,1.0,75,38,0.6637168141592921,32,7,6,4,26,3,0.8205128205128205,49545216,6.0
16,190,7,4,3,0,1.887019903,3,0.3,1,6,0.14285714285714285,1,4,0,2,1,2,0.2,28311552,0.8999999999999999
16,193,4,0,4,0,0.791944399,3,0.3,1,3,0.25,1,3,0,0,1,3,0.25,21233664,0.6
16,194,6,6,0,0,1.554504321,2,0.2,0,6,0.0,0,2,0,2,0,0,0.0,14155776,0.2
16,195,7,3,4,0,1.3690765049999998,3,0.3,2,5,0.2857142857142857,2,4,0,2,2,2,0.3333333333333333,28311552,0.8999999999999999
16,201,1,0,1,0,0.197347686,1,0.1,0,1,0.0,0,1,0,0,0,1,0.0,7077888,0.0
16,203,46,12,34,8,12.210146709200002,4,0.4,35,11,0.7608695652173914,35,2,2,1,33,1,0.9459459459459459,14155776,0.4
16,204,4,3,1,0,0.877595917,2,0.2,0,4,0.0,0,3,0,2,0,1,0.0,21233664,0.4
16,205,167,136,31,35,48.407267432000005,10,1.0,94,73,0.562874251497006,36,5,5,5,31,0,0.8780487804878049,35389440,4.0
16,207,2,2,0,0,0.248049319,2,0.2,0,2,0.0,0,2,0,2,0,0,0.0,14155776,0.2
16,208,1,1,0,0,0.238158837,1,0.1,0,1,0.0,0,1,0,1,0,0,0.0,7077888,0.0
16,209,19,16,3,1,4.147620396000001,7,0.7,1,18,0.05263157894736842,1,9,0,7,1,2,0.1,63700992,5.6
16,210,3,0,3,1,0.716637791,1,0.1,2,1,0.6666666666666666,2,1,0,0,2,1,0.6666666666666666,7077888,0.0
16,215,3,0,3,0,0.6578254990000001,1,0.1,2,1,0.6666666666666666,2,1,0,0,2,1,0.6666666666666666,7077888,0.0
16,218,1,0,1,0,0.219484136,1,0.1,0,1,0.0,0,1,0,0,0,1,0.0,7077888,0.0
16,219,4,0,4,0,0.990667135,2,0.2,2,2,0.5,2,2,0,0,2,2,0.5,14155776,0.2
16,220,34,24,10,0,6.018575311000001,9,0.9,18,16,0.5294117647058824,11,8,4,5,7,3,0.5789473684210527,56623104,6.3
16,223,15,5,10,2,3.5438089899999996,7,0.7,3,12,0.2,3,8,0,1,3,7,0.2727272727272727,56623104,4.8999999999999995
16,224,1,0,1,0,0.209142208,1,0.1,0,1,0.0,0,1,0,0,0,1,0.0,7077888,0.0
16,226,2,0,2,0,0.493991509,1,0.1,1,1,0.5,1,1,0,0,1,1,0.5,7077888,0.0
16,227,17,9,8,0,3.6025630390000005,7,0.7,5,12,0.29411764705882354,5,8,1,4,4,4,0.38461538461538464,56623104,4.8999999999999995
16,228,3,1,2,0,0.465610638,3,0.3,0,3,0.0,0,3,0,1,0,2,0.0,21233664,0.6
16,229,4,2,2,0,0.934028388,1,0.1,1,3,0.25,1,2,0,1,1,1,0.3333333333333333,14155776,0.1
16,230,1,1,0,0,0.253572553,1,0.1,0,1,0.0,0,1,0,1,0,0,0.0,7077888,0.0
16,231,1,0,1,0,0.199042469,1,0.1,0,1,0.0,0,1,0,0,0,1,0.0,7077888,0.0
16,233,1,1,0,1,0.36235407,1,0.1,0,1,0.0,0,1,0,1,0,0,0.0,7077888,0.0
16,235,4,0,4,0,0.648125187,2,0.2,1,3,0.25,1,3,0,0,1,3,0.25,21233664,0.4
16,236,11,5,6,1,2.961117134,4,0.4,2,9,0.18181818181818182,2,6,0,2,2,4,0.25,42467328,2.0
16,237,2,2,0,0,0.27482728599999995,1,0.1,0,2,0.0,0,1,0,1,0,0,0.0,7077888,0.0
16,238,1,0,1,0,0.207804143,1,0.1,0,1,0.0,0,1,0,0,0,1,0.0,7077888,0.0
16,239,12,3,9,3,3.2713583099999997,1,0.1,8,4,0.6666666666666666,8,2,0,1,8,1,0.8,14155776,0.1
16,240,44,8,36,13,12.142142937000001,5,0.5,37,7,0.8409090909090909,31,7,1,1,30,6,0.8157894736842105,49545216,3.0
16,241,3,3,0,0,0.5586599999999999,2,0.2,0,3,0.0,0,2,0,2,0,0,0.0,14155776,0.2
16,243,4,1,3,0,0.6256647259999999,4,0.4,0,4,0.0,0,4,0,1,0,3,0.0,28311552,1.2000000000000002
16,244,1,1,0,0,0.197075158,1,0.1,0,1,0.0,0,1,0,1,0,0,0.0,7077888,0.0
16,245,35,21,14,7,9.754492939000002,6,0.6,19,16,0.5428571428571428,11,9,2,4,9,5,0.55,63700992,4.8
16,247,15,6,9,0,3.374611856,4,0.4,8,7,0.5333333333333333,7,5,1,2,6,3,0.5833333333333334,35389440,1.6
16,249,12,3,9,7,3.833485157,5,0.5,7,5,0.5833333333333334,5,5,1,0,4,5,0.5,35389440,2.0
16,250,11,10,1,10,4.872477826000001,10,1.0,0,11,0.0,0,11,0,10,0,1,0.0,77856768,10.0
16,251,6,6,0,0,0.976318001,2,0.2,0,6,0.0,0,2,0,2,0,0,0.0,14155776,0.2
16,252,32,16,16,2,7.039915204999999,8,0.8,15,17,0.46875,14,10,1,7,13,3,0.5833333333333334,70778880,7.2
16,253,10,10,0,0,1.708289026,10,1.0,0,10,0.0,0,10,0,10,0,0,0.0,70778880,9.0
16,254,2,2,0,0,0.32871262700000003,1,0.1,0,2,0.0,0,1,0,1,0,0,0.0,7077888,0.0
16,255,105,61,44,23,29.970980207,10,1.0,88,17,0.8380952380952381,49,5,8,2,41,3,0.9074074074074074,35389440,4.0
17,1,1,0,1,0,0.193735465,1,0.1,0,1,0.0,0,1,0,0,0,1,0.0,7077888,0.0
17,3,142,39,103,31,38.934486966,9,0.9,134,8,0.9436619718309859,108,3,6,2,102,1,0.972972972972973,21233664,1.8
17,4,66,57,9,11,16.3975859669,10,1.0,26,40,0.3939393939393939,7,12,3,7,4,5,0.3684210526315789,84934656,11.0
17,5,166,166,0,37,50.214111058999954,10,1.0,0,166,0.0,0,10,0,10,0,0,0.0,70778880,9.0
17,9,4,1,3,1,1.031396255,1,0.1,2,2,0.5,2,2,0,1,2,1,0.5,14155776,0.1
17,11,6,2,4,0,1.0534238230000001,2,0.2,1,5,0.16666666666666666,1,4,0,1,1,3,0.2,28311552,0.6000000000000001
17,12,3,0,3,0,0.660872235,1,0.1,1,2,0.3333333333333333,1,2,0,0,1,2,0.3333333333333333,14155776,0.1
17,13,4,3,1,0,0.7853200580000002,2,0.2,1,3,0.25,1,2,1,1,0,1,0.3333333333333333,14155776,0.2
17,14,4,0,4,0,0.8468274769999999,1,0.1,2,2,0.5,2,2,0,0,2,2,0.5,14155776,0.1
17,15,7,2,5,0,1.672969819,2,0.2,2,5,0.2857142857142857,2,4,0,1,2,3,0.3333333333333333,28311552,0.6000000000000001
17,16,3,2,1,1,0.764354542,2,0.2,0,3,0.0,0,3,0,2,0,1,0.0,21233664,0.4
17,20,5,2,3,0,1.081131429,1,0.1,2,3,0.4,2,2,0,1,2,1,0.5,14155776,0.1
17,21,5,2,3,0,1.270765453,2,0.2,1,4,0.2,1,3,0,1,1,2,0.25,21233664,0.4
17,22,12,12,0,0,3.3840982170000005,10,1.0,0,12,0.0,0,10,0,10,0,0,0.0,70778880,9.0
17,24,2,0,2,0,0.375339851,1,0.1,1,1,0.5,1,1,0,0,1,1,0.5,7077888,0.0
17,25,1,0,1,0,0.228641734,1,0.1,0,1,0.0,0,1,0,0,0,1,0.0,7077888,0.0
17,26,22,18,4,10,6.451436473999999,3,0.3,3,19,0.13636363636363635,3,4,0,3,3,1,0.42857142857142855,28311552,0.8999999999999999
17,29,1,0,1,0,0.191053867,1,0.1,0,1,0.0,0,1,0,0,0,1,0.0,7077888,0.0
17,31,4,0,4,0,0.6348824639999999,2,0.2,2,2,0.5,2,2,0,0,2,2,0.5,14155776,0.2
17,32,1,1,0,0,0.275295615,1,0.1,0,1,0.0,0,1,0,1,0,0,0.0,7077888,0.0
17,33,29,26,3,0,4.988419847999999,10,1.0,3,26,0.10344827586206896,2,11,1,9,1,2,0.15384615384615385,77856768,10.0
17,37,4,0,4,0,0.9355614940000001,2,0.2,1,3,0.25,1,3,0,0,1,3,0.25,21233664,0.4
17,38,14,0,14,4,4.221279100000001,1,0.1,13,1,0.9285714285714286,13,1,0,0,13,1,0.9285714285714286,7077888,0.0
17,39,14,9,5,1,3.330688866,1,0.1,5,9,0.35714285714285715,5,1,0,1,5,0,0.8333333333333334,7077888,0.0
17,40,2,0,2,1,0.590265736,1,0.1,0,2,0.0,0,2,0,0,0,2,0.0,14155776,0.1
17,41,3,0,3,0,0.721322164,2,0.2,0,3,0.0,0,3,0,0,0,3,0.0,21233664,0.4
17,42,3,2,1,0,0.531768561,1,0.1,0,3,0.0,0,2,0,1,0,1,0.0,14155776,0.1
17,44,5,0,5,0,1.3971048609999999,1,0.1,4,1,0.8,4,1,0,0,4,1,0.8,7077888,0.0
17,45,1,0,1,0,0.134180367,1,0.1,0,1,0.0,0,1,0,0,0,1,0.0,7077888,0.0
17,46,1,0,1,0,0.194133997,1,0.1,0,1,0.0,0,1,0,0,0,1,0.0,7077888,0.0
17,50,3,1,2,1,0.836100921,2,0.2,0,3,0.0,0,3,0,1,0,2,0.0,21233664,0.4
17,52,1,0,1,0,0.224735975,1,0.1,0,1,0.0,0,1,0,0,0,1,0.0,7077888,0.0
17,53,27,11,16,3,6.604892926000001,6,0.6,16,11,0.5925925925925926,15,5,1,3,14,2,0.75,35389440,2.4
17,56,1,1,0,0,0.170980871,1,0.1,0,1,0.0,0,1,0,1,0,0,0.0,7077888,0.0
17,58,8,5,3,0,1.547493293,1,0.1,2,6,0.25,2,2,0,1,2,1,0.5,14155776,0.1
17,59,1,0,1,0,0.21056211,1,0.1,0,1,0.0,0,1,0,0,0,1,0.0,7077888,0.0
17,61,111,37,74,27,28.608588213499996,10,1.0,103,8,0.9279279279279279,81,3,9,1,72,2,0.9642857142857143,21233664,2.0
17,63,8,3,5,0,1.529812113,4,0.4,2,6,0.25,2,5,0,2,2,3,0.2857142857142857,35389440,1.6
17,65,3,1,2,0,0.430868983,2,0.2,1,2,0.3333333333333333,1,2,0,1,1,1,0.3333333333333333,14155776,0.2
17,68,10,10,0,0,1.845570444,10,1.0,0,10,0.0,0,10,0,10,0,0,0.0,70778880,9.0
17,69,107,45,62,14,25.319778129000007,10,1.0,100,7,0.9345794392523364,67,5,8,2,59,3,0.9305555555555556,35389440,4.0
17,70,2,0,2,0,0.486417174,2,0.2,0,2,0.0,0,2,0,0,0,2,0.0,14155776,0.2
17,72,4,1,3,1,0.84913084,3,0.3,0,4,0.0,0,4,0,1,0,3,0.0,28311552,0.8999999999999999
17,73,1,1,0,0,0.170777932,1,0.1,0,1,0.0,0,1,0,1,0,0,0.0,7077888,0.0
17,74,1,0,1,0,0.268124104,1,0.1,0,1,0.0,0,1,0,0,0,1,0.0,7077888,0.0
17,75,10,0,10,0,2.473539934,5,0.5,4,6,0.4,4,6,0,0,4,6,0.4,42467328,2.5
17,77,72,15,57,28,19.909368805000003,8,0.8,67,5,0.9305555555555556,54,5,2,0,52,5,0.9152542372881356,35389440,3.2
17,78,99,25,74,20,25.616998679500007,9,0.9,84,15,0.8484848484848485,76,5,4,3,72,2,0.9382716049382716,35389440,3.6
17,79,1,1,0,0,0.195698947,1,0.1,0,1,0.0,0,1,0,1,0,0,0.0,7077888,0.0
17,81,3,1,2,0,0.4707285161,2,0.2,0,3,0.0,0,3,0,1,0,2,0.0,21233664,0.4
17,82,1,0,1,0,0.20723927,1,0.1,0,1,0.0,0,1,0,0,0,1,0.0,7077888,0.0
17,83,10,4,6,1,2.551293402,5,0.5,5,5,0.5,2,5,1,0,1,5,0.2857142857142857,35389440,2.0
17,86,9,9,0,0,1.716042735,2,0.2,4,5,0.4444444444444444,1,1,1,1,0,0,0.5,7077888,0.0
17,87,13,6,7,4,3.61816992,5,0.5,3,10,0.23076923076923078,3,6,0,2,3,4,0.3333333333333333,42467328,2.5
17,88,18,3,15,7,6.17998527,1,0.1,14,4,0.7777777777777778,14,2,0,1,14,1,0.875,14155776,0.1
17,90,1,0,1,0,0.147477686,1,0.1,0,1,0.0,0,1,0,0,0,1,0.0,7077888,0.0
17,92,11,10,1,0,2.827720075,10,1.0,1,10,0.09090909090909091,1,10,1,9,0,1,0.09090909090909091,70778880,9.0
17,93,14,0,14,0,2.8644666520000004,3,0.3,11,3,0.7857142857142857,11,3,0,0,11,3,0.7857142857142857,21233664,0.6
17,95,10,2,8,0,2.3313102869999995,2,0.2,5,5,0.5,5,4,0,1,5,3,0.5555555555555556,28311552,0.6000000000000001
17,96,3,3,0,0,0.619150713,1,0.1,0,3,0.0,0,1,0,1,0,0,0.0,7077888,0.0
17,99,7,5,2,0,1.276404665,2,0.2,3,4,0.42857142857142855,2,2,1,1,1,1,0.5,14155776,0.2
17,101,12,4,8,2,2.8686401690000003,4,0.4,5,7,0.4166666666666667,4,7,1,2,3,5,0.36363636363636365,49545216,2.4000000000000004
17,102,1,1,0,0,0.162536561,1,0.1,0,1,0.0,0,1,0,1,0,0,0.0,7077888,0.0
17,103,3,1,2,1,0.7138803009999999,3,0.3,0,3,0.0,0,3,0,1,0,2,0.0,21233664,0.6
17,104,62,37,25,1,14.836226506999997,10,1.0,39,23,0.6290322580645161,28,7,5,5,23,2,0.8,49545216,6.0
17,106,2,1,1,2,0.6589704160000001,1,0.1,0,2,0.0,0,2,0,1,0,1,0.0,14155776,0.1
17,107,8,0,8,0,1.6915592109999997,1,0.1,7,1,0.875,7,1,0,0,7,1,0.875,7077888,0.0
17,108,99,69,30,18,24.44514179909999,10,1.0,77,22,0.7777777777777778,33,7,7,3,26,4,0.825,49545216,6.0
17,109,11,6,5,4,3.2569666230000003,3,0.3,2,9,0.18181818181818182,2,5,0,2,2,3,0.2857142857142857,35389440,1.2
17,110,13,11,2,1,2.5355604880000002,6,0.6,2,11,0.15384615384615385,1,7,1,5,0,2,0.125,49545216,3.5999999999999996
17,111,5,3,2,0,1.104415879,3,0.3,0,5,0.0,0,5,0,3,0,2,0.0,35389440,1.2
17,112,5,1,4,0,0.9325249489999999,3,0.3,1,4,0.2,1,4,0,1,1,3,0.2,28311552,0.8999999999999999
17,113,13,12,1,0,3.320223137,10,1.0,1,12,0.07692307692307693,1,10,1,9,0,1,0.09090909090909091,70778880,9.0
17,114,2,2,0,0,0.387130141,1,0.1,0,2,0.0,0,1,0,1,0,0,0.0,7077888,0.0
17,115,3,2,1,0,0.685025603,3,0.3,0,3,0.0,0,3,0,2,0,1,0.0,21233664,0.6
17,117,3,2,1,0,0.648777038,2,0.2,0,3,0.0,0,2,0,1,0,1,0.0,14155776,0.2
17,119,3,1,2,0,0.39711378499999994,2,0.2,0,3,0.0,0,3,0,1,0,2,0.0,21233664,0.4
17,121,4,1,3,0,0.907929793,2,0.2,0,4,0.0,0,4,0,1,0,3,0.0,28311552,0.6000000000000001
17,123,4,0,4,0,1.0801584869999998,2,0.2,2,2,0.5,2,2,0,0,2,2,0.5,14155776,0.2
17,124,7,6,1,1,1.806186124,4,0.4,0,7,0.0,0,4,0,3,0,1,0.0,28311552,1.2000000000000002
17,125,2,0,2,1,0.658547491,1,0.1,1,1,0.5,1,1,0,0,1,1,0.5,7077888,0.0
17,126,3,1,2,1,0.8021556139999999,1,0.1,1,2,0.3333333333333333,1,2,0,1,1,1,0.3333333333333333,14155776,0.1
17,127,24,15,9,7,6.3387902249999994,5,0.5,11,13,0.4583333333333333,9,5,2,3,7,2,0.6428571428571429,35389440,2.0
17,129,20,11,9,0,4.462900014999999,4,0.4,9,11,0.45,7,5,1,2,6,3,0.5833333333333334,35389440,1.6
17,130,8,1,7,0,1.8659108869999996,1,0.1,6,2,0.75,6,2,0,1,6,1,0.75,14155776,0.1
17,131,1,0,1,0,0.402184904,1,0.1,0,1,0.0,0,1,0,0,0,1,0.0,7077888,0.0
17,132,1,0,1,0,0.210270822,1,0.1,0,1,0.0,0,1,0,0,0,1,0.0,7077888,0.0
17,133,2,2,0,0,0.396929473,1,0.1,0,2,0.0,0,1,0,1,0,0,0.0,7077888,0.0
17,135,1,0,1,0,0.142837539,1,0.1,0,1,0.0,0,1,0,0,0,1,0.0,7077888,0.0
17,136,1,1,0,0,0.179918662,1,0.1,0,1,0.0,0,1,0,1,0,0,0.0,7077888,0.0
17,137,8,3,5,1,1.800559671,4,0.4,2,6,0.25,2,6,1,2,1,4,0.25,42467328,2.0
17,138,7,4,3,0,1.7818775310000001,4,0.4,0,7,0.0,0,6,0,3,0,3,0.0,42467328,2.0
17,140,27,12,15,5,6.9884228109999995,6,0.6,15,12,0.5555555555555556,11,8,1,3,10,5,0.5789473684210527,56623104,4.2
17,142,8,8,0,1,1.3388805616,5,0.5,0,8,0.0,0,5,0,5,0,0,0.0,35389440,2.0
17,143,8,3,5,0,1.7131199390000003,2,0.2,4,4,0.5,4,2,0,1,4,1,0.6666666666666666,14155776,0.2
17,144,2,0,2,0,0.380351752,2,0.2,0,2,0.0,0,2,0,0,0,2,0.0,14155776,0.2
17,145,14,14,0,0,2.490022385,8,0.8,2,12,0.14285714285714285,1,7,1,7,0,0,0.125,49545216,4.800000000000001
17,146,1,0,1,0,0.122503653,1,0.1,0,1,0.0,0,1,0,0,0,1,0.0,7077888,0.0
17,148,3,3,0,0,0.6128058430000001,1,0.1,0,3,0.0,0,1,0,1,0,0,0.0,7077888,0.0
17,152,2,1,1,0,0.43836973599999995,2,0.2,1,1,0.5,1,1,1,0,0,1,0.5,7077888,0.0
17,154,2,0,2,0,0.479361803,1,0.1,1,1,0.5,1,1,0,0,1,1,0.5,7077888,0.0
17,155,10,5,5,0,2.439988137,1,0.1,4,6,0.4,4,2,0,1,4,1,0.6666666666666666,14155776,0.1
17,156,31,15,16,3,6.8721074930000015,5,0.5,15,16,0.4838709677419355,15,4,1,2,14,2,0.7894736842105263,28311552,1.5
17,157,11,3,8,3,2.765859648,4,0.4,3,8,0.2727272727272727,3,6,0,1,3,5,0.3333333333333333,42467328,2.0
17,159,9,8,1,1,2.4380805499999996,2,0.2,0,9,0.0,0,3,0,2,0,1,0.0,21233664,0.4
17,162,6,0,6,0,1.001675517,2,0.2,1,5,0.16666666666666666,1,5,0,0,1,5,0.16666666666666666,35389440,0.8
17,163,4,1,3,0,0.896174282,2,0.2,0,4,0.0,0,4,0,1,0,3,0.0,28311552,0.6000000000000001
17,165,3,0,3,0,0.5778358130000001,2,0.2,1,2,0.3333333333333333,1,2,0,0,1,2,0.3333333333333333,14155776,0.2
17,166,13,5,8,0,2.686930371,4,0.4,4,9,0.3076923076923077,4,7,0,3,4,4,0.36363636363636365,49545216,2.4000000000000004
17,169,4,2,2,0,0.733106181,3,0.3,1,3,0.25,1,3,0,2,1,1,0.25,21233664,0.6
17,170,5,3,2,0,1.24417074,2,0.2,0,5,0.0,0,3,0,1,0,2,0.0,21233664,0.4
17,171,1,1,0,0,0.210350513,1,0.1,0,1,0.0,0,1,0,1,0,0,0.0,7077888,0.0
17,172,2,0,2,0,0.358219728,1,0.1,1,1,0.5,1,1,0,0,1,1,0.5,7077888,0.0
17,173,6,0,6,4,1.9575711939999998,3,0.3,3,3,0.5,3,3,0,0,3,3,0.5,21233664,0.6
17,174,2,0,2,0,0.369474247,1,0.1,1,1,0.5,1,1,0,0,1,1,0.5,7077888,0.0
17,175,1,0,1,0,0.236012876,1,0.1,0,1,0.0,0,1,0,0,0,1,0.0,7077888,0.0
17,176,14,7,7,3,3.822608234,3,0.3,5,9,0.35714285714285715,5,5,0,3,5,2,0.5,35389440,1.2
17,177,23,8,15,4,5.694987149,8,0.8,13,10,0.5652173913043478,10,10,4,1,6,9,0.5,70778880,7.2
17,178,8,6,2,0,1.765442149,3,0.3,3,5,0.375,1,4,1,2,0,2,0.2,28311552,0.8999999999999999
17,181,14,11,3,10,4.240471943,10,1.0,2,12,0.14285714285714285,2,11,0,10,2,1,0.15384615384615385,77856768,10.0
17,182,10,10,0,0,2.0540264379999997,10,1.0,0,10,0.0,0,10,0,10,0,0,0.0,70778880,9.0
17,183,1,0,1,0,0.19373098,1,0.1,0,1,0.0,0,1,0,0,0,1,0.0,7077888,0.0
17,185,36,12,24,0,6.95862992,7,0.7,18,18,0.5,18,9,0,3,18,6,0.6666666666666666,63700992,5.6
17,186,6,4,2,3,1.81356421,2,0.2,1,5,0.16666666666666666,1,3,0,2,1,1,0.25,21233664,0.4
17,190,19,11,8,4,4.7105746250000005,4,0.4,11,8,0.5789473684210527,4,7,1,2,3,5,0.36363636363636365,49545216,2.4000000000000004
17,192,7,6,1,0,1.2437845170000001,2,0.2,2,5,0.2857142857142857,1,2,1,1,0,1,0.3333333333333333,14155776,0.2
17,194,5,0,5,0,0.9511534859999999,4,0.4,1,4,0.2,1,4,0,0,1,4,0.2,28311552,1.2000000000000002
17,195,2,0,2,0,0.394370169,1,0.1,1,1,0.5,1,1,0,0,1,1,0.5,7077888,0.0
17,196,8,5,3,0,1.3715399969999997,3,0.3,1,7,0.125,1,4,0,2,1,2,0.2,28311552,0.8999999999999999
17,198,5,0,5,0,1.133532136,1,0.1,3,2,0.6,3,2,0,0,3,2,0.6,14155776,0.1
17,199,4,3,1,1,0.8862070739999999,1,0.1,0,4,0.0,0,2,0,1,0,1,0.0,14155776,0.1
17,200,20,13,7,0,2.5649510396,10,1.0,6,14,0.3,5,12,1,9,4,3,0.29411764705882354,84934656,11.0
17,202,1,1,0,1,0.518353701,1,0.1,0,1,0.0,0,1,0,1,0,0,0.0,7077888,0.0
17,204,7,1,6,2,1.9403115960000001,3,0.3,2,5,0.2857142857142857,2,5,0,1,2,4,0.2857142857142857,35389440,1.2
17,205,1,0,1,0,0.277454138,1,0.1,0,1,0.0,0,1,0,0,0,1,0.0,7077888,0.0
17,207,2,0,2,0,0.464262292,1,0.1,0,2,0.0,0,2,0,0,0,2,0.0,14155776,0.1
17,208,15,3,12,3,3.9935815340000005,5,0.5,9,6,0.6,8,6,1,1,7,5,0.5714285714285714,42467328,2.5
17,209,14,3,11,3,4.044488922,8,0.8,7,7,0.5,6,7,2,0,4,7,0.46153846153846156,49545216,4.800000000000001
17,211,5,2,3,0,1.1537842600000001,4,0.4,1,4,0.2,1,4,0,2,1,2,0.2,28311552,1.2000000000000002
17,214,30,28,2,0,5.574653840999998,8,0.8,6,24,0.2,3,7,1,7,2,0,0.3,49545216,4.800000000000001
17,215,2,2,0,0,0.613234073,1,0.1,0,2,0.0,0,1,0,1,0,0,0.0,7077888,0.0
17,216,23,5,18,0,6.0846277,2,0.2,16,7,0.6956521739130435,16,3,0,1,16,2,0.8421052631578947,21233664,0.4
17,217,5,2,3,0,1.083602668,2,0.2,2,3,0.4,2,3,0,2,2,1,0.4,21233664,0.4
17,219,8,1,7,1,1.767879799,5,0.5,3,5,0.375,3,5,0,1,3,4,0.375,35389440,2.0
17,220,1,1,0,0,0.181501865,1,0.1,0,1,0.0,0,1,0,1,0,0,0.0,7077888,0.0
17,221,2,2,0,0,0.402560085,2,0.2,0,2,0.0,0,2,0,2,0,0,0.0,14155776,0.2
17,222,217,159,58,40,57.078127663499956,10,1.0,183,34,0.8433179723502304,63,5,8,2,55,3,0.9264705882352942,35389440,4.0
17,223,5,5,0,0,0.8197586090000001,3,0.3,0,5,0.0,0,3,0,3,0,0,0.0,21233664,0.6
17,225,1,0,1,0,0.19792749,1,0.1,0,1,0.0,0,1,0,0,0,1,0.0,7077888,0.0
17,226,3,3,0,0,0.602504939,1,0.1,0,3,0.0,0,1,0,1,0,0,0.0,7077888,0.0
17,228,4,0,4,0,0.7748117,3,0.3,0,4,0.0,0,4,0,0,0,4,0.0,28311552,0.8999999999999999
17,229,1,0,1,0,0.222999081,1,0.1,0,1,0.0,0,1,0,0,0,1,0.0,7077888,0.0
17,231,157,115,42,54,48.82271262,10,1.0,111,46,0.7070063694267515,46,5,5,4,41,1,0.9019607843137255,35389440,4.0
17,234,13,7,6,3,3.2166607359999997,4,0.4,4,9,0.3076923076923077,4,5,0,3,4,2,0.4444444444444444,35389440,1.6
17,236,43,30,13,4,7.683320670200002,10,1.0,27,16,0.627906976744186,17,6,5,5,12,1,0.7391304347826086,42467328,5.0
17,239,3,1,2,0,0.65210922,1,0.1,1,2,0.3333333333333333,1,2,0,1,1,1,0.3333333333333333,14155776,0.1
17,240,2,1,1,1,0.555770054,1,0.1,0,2,0.0,0,2,0,1,0,1,0.0,14155776,0.1
17,241,2,1,1,0,0.35402593000000004,2,0.2,0,2,0.0,0,2,0,1,0,1,0.0,14155776,0.2
17,242,2,1,1,0,0.487481594,2,0.2,0,2,0.0,0,2,0,1,0,1,0.0,14155776,0.2
17,243,1,1,0,0,0.24379237,1,0.1,0,1,0.0,0,1,0,1,0,0,0.0,7077888,0.0
17,244,1,0,1,0,0.222819507,1,0.1,0,1,0.0,0,1,0,0,0,1,0.0,7077888,0.0
17,245,4,2,2,1,0.9056683320000001,2,0.2,1,3,0.25,1,3,0,2,1,1,0.25,21233664,0.4
17,246,15,14,1,3,4.201861618000001,3,0.3,1,14,0.06666666666666667,1,3,0,3,1,0,0.25,21233664,0.6
17,248,154,151,3,37,41.46856743400001,10,1.0,2,152,0.012987012987012988,2,11,0,10,2,1,0.15384615384615385,77856768,10.0
17,249,1,0,1,0,0.212665945,1,0.1,0,1,0.0,0,1,0,0,0,1,0.0,7077888,0.0
17,250,1,0,1,0,0.17018573,1,0.1,0,1,0.0,0,1,0,0,0,1,0.0,7077888,0.0
17,252,9,5,4,4,2.543279261,1,0.1,3,6,0.3333333333333333,3,2,0,1,3,1,0.6,14155776,0.1
17,253,81,81,0,3,16.255385241300004,10,1.0,10,71,0.12345679012345678,1,9,1,9,0,0,0.1,63700992,8.0
17,255,58,58,0,4,11.472567267999999,8,0.8,0,58,0.0,0,8,0,8,0,0,0.0,56623104,5.6000000000000005
18,1,9,0,9,0,1.813250424,1,0.1,8,1,0.8888888888888888,8,1,0,0,8,1,0.8888888888888888,7077888,0.0
18,5,31,10,21,5,7.956430805999999,1,0.1,21,10,0.6774193548387096,21,1,0,1,21,0,0.9545454545454546,7077888,0.0
18,6,1,1,0,0,0.242509127,1,0.1,0,1,0.0,0,1,0,1,0,0,0.0,7077888,0.0
18,8,94,74,20,16,23.095367699000008,10,1.0,25,69,0.26595744680851063,21,8,2,7,19,1,0.7241379310344828,56623104,7.0
18,9,25,1,24,3,6.116347566,7,0.7,17,8,0.68,17,8,0,1,17,7,0.68,56623104,4.8999999999999995
18,11,4,4,0,0,0.649496883,4,0.4,0,4,0.0,0,4,0,4,0,0,0.0,28311552,1.2000000000000002
18,16,1,0,1,0,0.26406908,1,0.1,0,1,0.0,0,1,0,0,0,1,0.0,7077888,0.0
18,17,2,2,0,0,0.427288026,1,0.1,0,2,0.0,0,1,0,1,0,0,0.0,7077888,0.0
18,21,4,4,0,0,0.7571992869999999,3,0.3,0,4,0.0,0,3,0,3,0,0,0.0,21233664,0.6
18,22,1,0,1,0,0.114045724,1,0.1,0,1,0.0,0,1,0,0,0,1,0.0,7077888,0.0
18,23,41,21,20,3,8.676282582999999,10,1.0,27,14,0.6585365853658537,20,8,6,2,14,6,0.7142857142857143,56623104,7.0
18,25,15,0,15,2,3.5541529200000004,8,0.8,6,9,0.4,6,9,0,0,6,9,0.4,63700992,6.4
18,26,15,7,8,6,4.328543515,3,0.3,5,10,0.3333333333333333,5,5,0,2,5,3,0.5,35389440,1.2
18,27,1,0,1,0,0.18754372,1,0.1,0,1,0.0,0,1,0,0,0,1,0.0,7077888,0.0
18,28,6,0,6,0,1.6500562880000003,2,0.2,4,2,0.6666666666666666,4,2,0,0,4,2,0.6666666666666666,14155776,0.2
18,30,1,0,1,0,0.192798227,1,0.1,0,1,0.0,0,1,0,0,0,1,0.0,7077888,0.0
18,32,7,3,4,0,1.573842213,2,0.2,2,5,0.2857142857142857,2,3,0,1,2,2,0.4,21233664,0.4
18,35,6,3,3,0,1.187391862,4,0.4,2,4,0.3333333333333333,2,4,0,3,2,1,0.3333333333333333,28311552,1.2000000000000002
18,36,22,15,7,2,5.078839199000001,10,1.0,11,11,0.5,9,7,5,4,4,3,0.5625,49545216,6.0
18,37,9,6,3,0,2.0914043179999995,6,0.6,1,8,0.1111111111111111,1,8,0,6,1,2,0.1111111111111111,56623104,4.2
18,38,4,1,3,0,0.9818128800000001,3,0.3,1,3,0.25,1,3,0,1,1,2,0.25,21233664,0.6
18,39,2,0,2,0,0.380344332,2,0.2,0,2,0.0,0,2,0,0,0,2,0.0,14155776,0.2
18,40,9,9,0,0,1.558040127,6,0.6,0,9,0.0,0,6,0,6,0,0,0.0,42467328,3.0
18,41,37,1,36,5,8.822042938000001,8,0.8,32,5,0.8648648648648649,32,5,1,0,31,5,0.8648648648648649,35389440,3.2
18,42,3,2,1,0,0.6502165799999999,1,0.1,0,3,0.0,0,2,0,1,0,1,0.0,14155776,0.1
18,43,23,23,0,7,6.157454503,10,1.0,5,18,0.21739130434782608,2,8,2,8,0,0,0.2,56623104,7.0
18,45,3,1,2,1,0.904678077,2,0.2,0,3,0.0,0,3,0,1,0,2,0.0,21233664,0.4
18,46,3,0,3,0,0.49992648399999995,1,0.1,2,1,0.6666666666666666,2,1,0,0,2,1,0.6666666666666666,7077888,0.0
18,48,54,25,29,6,11.999246086999998,10,1.0,35,19,0.6481481481481481,31,8,4,6,27,2,0.7948717948717948,56623104,7.0
18,50,10,10,0,0,1.232090717,10,1.0,0,10,0.0,0,10,0,10,0,0,0.0,70778880,9.0
18,56,5,5,0,3,1.661892906,1,0.1,0,5,0.0,0,1,0,1,0,0,0.0,7077888,0.0
18,57,4,4,0,0,0.800193862,1,0.1,0,4,0.0,0,1,0,1,0,0,0.0,7077888,0.0
18,58,10,7,3,3,2.6605114930000004,6,0.6,4,6,0.4,2,5,2,2,0,3,0.2857142857142857,35389440,2.4
18,60,2,2,0,0,0.395265624,1,0.1,0,2,0.0,0,1,0,1,0,0,0.0,7077888,0.0
18,62,4,3,1,1,0.87513934,3,0.3,0,4,0.0,0,3,0,2,0,1,0.0,21233664,0.6
18,64,1,0,1,0,0.200290337,1,0.1,0,1,0.0,0,1,0,0,0,1,0.0,7077888,0.0
18,65,19,6,13,5,4.963314549,1,0.1,12,7,0.631578947368421,12,2,0,1,12,1,0.8571428571428571,14155776,0.1
18,66,2,2,0,0,0.507240296,2,0.2,0,2,0.0,0,2,0,2,0,0,0.0,14155776,0.2
18,67,1,0,1,0,0.19181782,1,0.1,0,1,0.0,0,1,0,0,0,1,0.0,7077888,0.0
18,69,3,0,3,0,0.660986721,1,0.1,2,1,0.6666666666666666,2,1,0,0,2,1,0.6666666666666666,7077888,0.0
18,73,5,0,5,0,0.7277799399999999,1,0.1,4,1,0.8,4,1,0,0,4,1,0.8,7077888,0.0
18,74,12,11,1,0,2.7582904089999998,10,1.0,1,11,0.08333333333333333,1,10,1,9,0,1,0.09090909090909091,70778880,9.0
18,75,23,12,11,1,5.324025198999999,4,0.4,9,14,0.391304347826087,9,4,0,2,9,2,0.6923076923076923,28311552,1.2000000000000002
18,79,46,1,45,0,9.528708162000003,7,0.7,38,8,0.8260869565217391,38,8,1,0,37,8,0.8260869565217391,56623104,4.8999999999999995
18,80,12,6,6,2,3.184511603,5,0.5,2,10,0.16666666666666666,2,7,1,2,1,5,0.2222222222222222,49545216,3.0
18,82,3,1,2,0,0.574213207,1,0.1,0,3,0.0,0,3,0,1,0,2,0.0,21233664,0.2
18,83,10,10,0,10,4.329510212,10,1.0,0,10,0.0,0,10,0,10,0,0,0.0,70778880,9.0
18,84,3,0,3,0,0.601034284,3,0.3,0,3,0.0,0,3,0,0,0,3,0.0,21233664,0.6
18,85,7,7,0,4,2.471247284,2,0.2,0,7,0.0,0,2,0,2,0,0,0.0,14155776,0.2
18,86,11,5,6,0,1.939862773,8,0.8,2,9,0.18181818181818182,2,9,1,4,1,5,0.18181818181818182,63700992,6.4
18,88,7,6,1,0,1.336106836,4,0.4,0,7,0.0,0,4,0,3,0,1,0.0,28311552,1.2000000000000002
18,89,3,2,1,0,0.502931103,1,0.1,0,3,0.0,0,2,0,1,0,1,0.0,14155776,0.1
18,90,102,46,56,33,28.920821775999997,8,0.8,97,5,0.9509803921568627,60,2,5,1,55,1,0.967741935483871,14155776,0.8
18,95,16,6,10,3,4.098792015000001,1,0.1,9,7,0.5625,9,2,0,1,9,1,0.8181818181818182,14155776,0.1
18,96,11,10,1,0,1.691393911,10,1.0,1,10,0.09090909090909091,1,10,1,9,0,1,0.09090909090909091,70778880,9.0
18,97,11,0,11,5,3.9007921210000003,2,0.2,9,2,0.8181818181818182,9,2,0,0,9,2,0.8181818181818182,14155776,0.2
18,98,5,0,5,1,1.168488636,2,0.2,3,2,0.6,3,2,0,0,3,2,0.6,14155776,0.2
18,99,11,0,11,0,1.9967750909999997,7,0.7,4,7,0.36363636363636365,4,7,0,0,4,7,0.36363636363636365,49545216,4.199999999999999
18,101,4,2,2,0,0.707847506,4,0.4,0,4,0.0,0,4,0,2,0,2,0.0,28311552,1.2000000000000002
18,102,38,19,19,14,11.681115123999998,3,0.3,19,19,0.5,19,3,0,3,19,0,0.8636363636363636,21233664,0.6
18,103,1,0,1,0,0.144023836,1,0.1,0,1,0.0,0,1,0,0,0,1,0.0,7077888,0.0
18,104,2,2,0,0,0.489240706,1,0.1,0,2,0.0,0,1,0,1,0,0,0.0,7077888,0.0
18,107,13,7,6,2,3.3535942440000004,4,0.4,1,12,0.07692307692307693,1,8,0,3,1,5,0.1111111111111111,56623104,2.8000000000000003
18,108,6,1,5,1,1.5442205960000002,2,0.2,4,2,0.6666666666666666,4,2,0,1,4,1,0.6666666666666666,14155776,0.2
18,109,15,12,3,4,4.344468055999999,3,0.3,1,14,0.06666666666666667,1,5,0,3,1,2,0.16666666666666666,35389440,1.2
18,111,1,0,1,0,0.132749423,1,0.1,0,1,0.0,0,1,0,0,0,1,0.0,7077888,0.0
18,114,16,2,14,4,4.014526546,8,0.8,8,8,0.5,8,8,0,2,8,6,0.5,56623104,5.6000000000000005
18,116,5,4,1,0,1.003527075,3,0.3,0,5,0.0,0,3,0,2,0,1,0.0,21233664,0.6
18,118,2,0,2,0,0.414741576,1,0.1,1,1,0.5,1,1,0,0,1,1,0.5,7077888,0.0
18,119,4,4,0,0,0.966331869,1,0.1,0,4,0.0,0,1,0,1,0,0,0.0,7077888,0.0
18,121,3,0,3,0,0.671767607,1,0.1,2,1,0.6666666666666666,2,1,0,0,2,1,0.6666666666666666,7077888,0.0
18,123,2,0,2,0,0.405747607,2,0.2,0,2,0.0,0,2,0,0,0,2,0.0,14155776,0.2
18,124,2,1,1,1,0.533000052,2,0.2,0,2,0.0,0,2,0,1,0,1,0.0,14155776,0.2
18,125,3,3,0,0,0.42700937380000004,2,0.2,0,3,0.0,0,2,0,2,0,0,0.0,14155776,0.2
18,126,4,0,4,0,0.623592614,1,0.1,3,1,0.75,3,1,0,0,3,1,0.75,7077888,0.0
18,127,2,0,2,0,0.481817961,1,0.1,1,1,0.5,1,1,0,0,1,1,0.5,7077888,0.0
18,128,4,2,2,0,0.9864315399999999,2,0.2,0,4,0.0,0,3,0,1,0,2,0.0,21233664,0.4
18,130,1,0,1,0,0.228724509,1,0.1,0,1,0.0,0,1,0,0,0,1,0.0,7077888,0.0
18,131,8,2,6,0,1.554812878,1,0.1,4,4,0.5,4,3,0,1,4,2,0.5714285714285714,21233664,0.2
18,135,2,1,1,0,0.459245607,2,0.2,0,2,0.0,0,2,0,1,0,1,0.0,14155776,0.2
18,137,14,13,1,0,2.6407498410000003,4,0.4,2,12,0.14285714285714285,2,3,1,3,1,0,0.4,21233664,0.8
18,139,49,36,13,8,11.387581086,9,0.9,24,25,0.4897959183673469,15,7,3,6,12,1,0.6818181818181818,49545216,5.4
18,141,16,10,6,0,3.3349935850000003,3,0.3,13,3,0.8125,5,3,1,1,4,2,0.625,21233664,0.6
18,142,10,9,1,1,2.275954233,1,0.1,0,10,0.0,0,2,0,1,0,1,0.0,14155776,0.1
18,143,4,0,4,0,0.938728853,2,0.2,1,3,0.25,1,3,0,0,1,3,0.25,21233664,0.4
18,144,3,0,3,0,0.5468342150000001,2,0.2,1,2,0.3333333333333333,1,2,0,0,1,2,0.3333333333333333,14155776,0.2
18,145,1,0,1,0,0.175146699,1,0.1,0,1,0.0,0,1,0,0,0,1,0.0,7077888,0.0
18,146,10,9,1,0,2.2387257669999996,1,0.1,0,10,0.0,0,2,0,1,0,1,0.0,14155776,0.1
18,147,2,0,2,0,0.389362783,2,0.2,0,2,0.0,0,2,0,0,0,2,0.0,14155776,0.2
18,148,6,0,6,1,1.28706813,4,0.4,2,4,0.3333333333333333,2,4,0,0,2,4,0.3333333333333333,28311552,1.2000000000000002
18,150,2,0,2,0,0.387774736,2,0.2,0,2,0.0,0,2,0,0,0,2,0.0,14155776,0.2
18,151,9,6,3,1,2.17835082,4,0.4,3,6,0.3333333333333333,2,5,2,2,0,3,0.2857142857142857,35389440,1.6
18,152,13,13,0,0,2.8259675939999997,10,1.0,0,13,0.0,0,10,0,10,0,0,0.0,70778880,9.0
18,153,3,1,2,1,0.897202223,2,0.2,1,2,0.3333333333333333,1,2,0,1,1,1,0.3333333333333333,14155776,0.2
18,154,194,194,0,31,48.71081569060001,10,1.0,20,174,0.10309278350515463,1,9,1,9,0,0,0.1,63700992,8.0
18,155,19,18,1,2,5.044112578,2,0.2,0,19,0.0,0,2,0,1,0,1,0.0,14155776,0.2
18,156,17,17,0,0,2.6135139242,8,0.8,0,17,0.0,0,8,0,8,0,0,0.0,56623104,5.6000000000000005
18,157,10,6,4,2,2.62785141,4,0.4,1,9,0.1,1,6,0,3,1,3,0.14285714285714285,42467328,2.0
18,158,2,2,0,0,0.339675308,2,0.2,0,2,0.0,0,2,0,2,0,0,0.0,14155776,0.2
18,159,2,0,2,0,0.27704899000000005,1,0.1,1,1,0.5,1,1,0,0,1,1,0.5,7077888,0.0
18,160,63,7,56,19,17.543473169,8,0.8,55,8,0.873015873015873,53,6,2,1,51,5,0.8983050847457628,42467328,4.0
18,161,11,3,8,0,1.8793535540000004,5,0.5,6,5,0.5454545454545454,6,5,2,1,4,4,0.5454545454545454,35389440,2.0
18,163,18,12,6,0,3.5840399859000005,4,0.4,4,14,0.2222222222222222,4,6,0,4,4,2,0.4,42467328,2.0
18,165,2,2,0,0,0.35725052700000004,1,0.1,0,2,0.0,0,1,0,1,0,0,0.0,7077888,0.0
18,166,116,17,99,56,39.39427801899999,10,1.0,114,2,0.9827586206896551,107,1,8,1,99,0,0.9907407407407407,7077888,0.0
18,167,13,7,6,1,2.9292946160000004,5,0.5,2,11,0.15384615384615385,2,8,0,4,2,4,0.2,56623104,3.5
18,168,3,3,0,0,0.4554446041,3,0.3,0,3,0.0,0,3,0,3,0,0,0.0,21233664,0.6
18,169,46,29,17,5,11.513774365999998,6,0.6,18,28,0.391304347826087,16,7,1,5,15,2,0.6956521739130435,49545216,3.5999999999999996
18,173,11,0,11,0,2.761197866,6,0.6,4,7,0.36363636363636365,4,7,0,0,4,7,0.36363636363636365,49545216,3.5999999999999996
18,175,1,1,0,0,0.164574683,1,0.1,0,1,0.0,0,1,0,1,0,0,0.0,7077888,0.0
18,176,6,1,5,1,1.6531718519999998,2,0.2,3,3,0.5,3,3,0,1,3,2,0.5,21233664,0.4
18,177,5,4,1,0,0.784347489,2,0.2,0,5,0.0,0,2,0,1,0,1,0.0,14155776,0.2
18,179,62,62,0,1,11.822271639499998,10,1.0,3,59,0.04838709677419355,1,9,1,9,0,0,0.1,63700992,8.0
18,180,6,0,6,0,0.899968207,4,0.4,1,5,0.16666666666666666,1,5,0,0,1,5,0.16666666666666666,35389440,1.6
18,181,7,2,5,0,1.745066284,4,0.4,1,6,0.14285714285714285,1,6,0,2,1,4,0.14285714285714285,42467328,2.0
18,182,5,3,2,0,1.367656052,2,0.2,1,4,0.2,1,3,0,2,1,1,0.25,21233664,0.4
18,183,79,60,19,14,22.68081366199999,10,1.0,43,36,0.5443037974683544,21,8,4,6,17,2,0.7241379310344828,56623104,7.0
18,184,6,3,3,1,1.283096403,2,0.2,2,4,0.3333333333333333,2,3,0,2,2,1,0.4,21233664,0.4
18,185,30,7,23,4,7.718017516,4,0.4,21,9,0.7,21,4,0,2,21,2,0.84,28311552,1.2000000000000002
18,186,12,12,0,0,2.9580380689999997,10,1.0,0,12,0.0,0,10,0,10,0,0,0.0,70778880,9.0
18,187,1,1,0,0,0.13628006,1,0.1,0,1,0.0,0,1,0,1,0,0,0.0,7077888,0.0
18,188,2,0,2,0,0.327441916,1,0.1,1,1,0.5,1,1,0,0,1,1,0.5,7077888,0.0
18,191,7,0,7,0,1.2323446710000001,4,0.4,3,4,0.42857142857142855,3,4,0,0,3,4,0.42857142857142855,28311552,1.2000000000000002
18,193,10,10,0,0,1.6864791950000002,10,1.0,0,10,0.0,0,10,0,10,0,0,0.0,70778880,9.0
18,195,3,0,3,0,0.788633899,2,0.2,1,2,0.3333333333333333,1,2,0,0,1,2,0.3333333333333333,14155776,0.2
18,197,2,0,2,0,0.471370756,1,0.1,1,1,0.5,1,1,0,0,1,1,0.5,7077888,0.0
18,198,2,0,2,0,0.245752193,2,0.2,0,2,0.0,0,2,0,0,0,2,0.0,14155776,0.2
18,201,8,0,8,0,1.542411179,2,0.2,5,3,0.625,5,3,0,0,5,3,0.625,21233664,0.4
18,205,20,6,14,1,4.184557407999999,7,0.7,11,9,0.55,11,8,1,4,10,4,0.5789473684210527,56623104,4.8999999999999995
18,206,126,118,8,26,34.59062251599999,10,1.0,36,90,0.2857142857142857,8,10,2,8,6,2,0.4444444444444444,70778880,9.0
18,207,2,1,1,0,0.368024319,1,0.1,0,2,0.0,0,2,0,1,0,1,0.0,14155776,0.1
18,208,99,97,2,0,22.062514545000013,10,1.0,2,97,0.020202020202020204,2,10,0,10,2,0,0.16666666666666666,70778880,9.0
18,209,303,217,86,107,96.30723261800003,10,1.0,250,53,0.8250825082508251,93,3,8,2,85,1,0.96875,21233664,2.0
18,210,9,1,8,0,1.6981322630000002,1,0.1,7,2,0.7777777777777778,7,2,0,1,7,1,0.7777777777777778,14155776,0.1
18,211,12,7,5,1,2.2620247010000005,7,0.7,4,8,0.3333333333333333,4,6,2,3,2,3,0.4,42467328,3.5
18,215,19,10,9,1,4.2896335857,8,0.8,4,15,0.21052631578947367,4,12,0,7,4,5,0.25,84934656,8.8
18,217,3,2,1,0,0.575504362,2,0.2,0,3,0.0,0,3,0,2,0,1,0.0,21233664,0.4
18,219,1,0,1,0,0.164946243,1,0.1,0,1,0.0,0,1,0,0,0,1,0.0,7077888,0.0
18,220,10,7,3,0,1.8049404779999998,6,0.6,1,9,0.1,1,8,1,5,0,3,0.1111111111111111,56623104,4.2
18,224,40,25,15,0,7.636922508,7,0.7,16,24,0.4,15,7,1,6,14,1,0.6818181818181818,49545216,4.199999999999999
18,225,42,10,32,0,7.239153173000001,9,0.9,29,13,0.6904761904761905,29,9,1,5,28,4,0.7631578947368421,63700992,7.2
18,226,1,0,1,0,0.301331878,1,0.1,0,1,0.0,0,1,0,0,0,1,0.0,7077888,0.0
18,229,7,7,0,0,1.243448049,2,0.2,0,7,0.0,0,2,0,2,0,0,0.0,14155776,0.2
18,232,8,6,2,3,2.17746015,4,0.4,1,7,0.125,1,5,0,4,1,1,0.16666666666666666,35389440,1.6
18,234,5,2,3,0,0.901791632,1,0.1,2,3,0.4,2,2,0,1,2,1,0.5,14155776,0.1
18,238,5,2,3,0,1.121931852,3,0.3,1,4,0.2,1,4,0,2,1,2,0.2,28311552,0.8999999999999999
18,239,21,14,7,0,4.6357434851,6,0.6,5,16,0.23809523809523808,5,8,0,6,5,2,0.38461538461538464,56623104,4.2
18,240,2,1,1,0,0.37024074799999995,2,0.2,1,1,0.5,1,1,1,0,0,1,0.5,7077888,0.0
18,243,1,1,0,0,0.136219367,1,0.1,0,1,0.0,0,1,0,1,0,0,0.0,7077888,0.0
18,246,41,34,7,3,8.4768640643,10,1.0,14,27,0.34146341463414637,8,9,2,8,6,1,0.47058823529411764,63700992,8.0
18,247,5,4,1,0,1.09414044,2,0.2,4,1,0.8,1,1,1,0,0,1,0.5,7077888,0.0
18,249,52,17,35,5,11.096884967999998,9,0.9,40,12,0.7692307692307693,34,6,3,2,31,4,0.85,42467328,4.5
18,250,1,0,1,0,0.201775014,1,0.1,0,1,0.0,0,1,0,0,0,1,0.0,7077888,0.0
18,252,2,0,2,0,0.47867777899999997,2,0.2,0,2,0.0,0,2,0,0,0,2,0.0,14155776,0.2
18,253,4,2,2,0,0.7527973809999999,2,0.2,1,3,0.25,1,3,0,2,1,1,0.25,21233664,0.4
19,0,1,0,1,0,0.120912969,1,0.1,0,1,0.0,0,1,0,0,0,1,0.0,7077888,0.0
19,1,1,0,1,0,0.165392473,1,0.1,0,1,0.0,0,1,0,0,0,1,0.0,7077888,0.0
19,2,2,0,2,0,0.311013863,2,0.2,0,2,0.0,0,2,0,0,0,2,0.0,14155776,0.2
19,3,8,5,3,0,1.276097448,5,0.5,1,7,0.125,1,5,1,2,0,3,0.16666666666666666,35389440,2.0
19,4,15,12,3,0,2.570288240999999,10,1.0,3,12,0.2,3,10,3,7,0,3,0.23076923076923078,70778880,9.0
19,5,5,2,3,0,1.3170946246,2,0.2,1,4,0.2,1,3,0,1,1,2,0.25,21233664,0.4
19,6,17,13,4,1,3.1173873181,7,0.7,1,16,0.058823529411764705,1,9,0,6,1,3,0.1,63700992,5.6
19,8,7,4,3,2,1.658747257,2,0.2,2,5,0.2857142857142857,2,3,0,2,2,1,0.4,21233664,0.4
19,9,4,4,0,0,0.938003763,4,0.4,0,4,0.0,0,4,0,4,0,0,0.0,28311552,1.2000000000000002
19,10,28,1,27,9,7.5436997584,9,0.9,16,12,0.5714285714285714,16,12,0,1,16,11,0.5714285714285714,84934656,9.9
19,11,19,16,3,2,4.4719396601,5,0.5,7,12,0.3684210526315789,3,5,1,4,2,1,0.375,35389440,2.0
19,12,2,0,2,2,0.886344641,1,0.1,1,1,0.5,1,1,0,0,1,1,0.5,7077888,0.0
19,14,2,0,2,0,0.7317748070000001,1,0.1,1,1,0.5,1,1,0,0,1,1,0.5,7077888,0.0
19,15,17,10,7,2,3.7057318987000003,5,0.5,4,13,0.23529411764705882,4,7,0,4,4,3,0.36363636363636365,49545216,3.0
19,17,6,4,2,3,2.061297917,4,0.4,0,6,0.0,0,5,0,3,0,2,0.0,35389440,1.6
19,19,15,6,9,2,2.9226607600000003,6,0.6,6,9,0.4,6,7,1,3,5,4,0.46153846153846156,49545216,3.5999999999999996
19,20,2,0,2,1,0.809250384,2,0.2,0,2,0.0,0,2,0,0,0,2,0.0,14155776,0.2
19,22,10,2,8,0,2.161832912,3,0.3,3,7,0.3,3,7,0,2,3,5,0.3,49545216,1.7999999999999998
19,23,9,6,3,0,1.9933808279999998,4,0.4,4,5,0.4444444444444444,3,4,2,2,1,2,0.42857142857142855,28311552,1.2000000000000002
19,24,16,8,8,3,3.913657234,6,0.6,7,9,0.4375,5,7,1,3,4,4,0.4166666666666667,49545216,3.5999999999999996
19,25,10,5,5,0,2.371394498,3,0.3,2,8,0.2,2,5,0,2,2,3,0.2857142857142857,35389440,1.2
19,27,3,0,3,1,0.7439261610000001,2,0.2,1,2,0.3333333333333333,1,2,0,0,1,2,0.3333333333333333,14155776,0.2
19,28,5,3,2,0,0.9232834280000001,4,0.4,1,4,0.2,1,4,0,3,1,1,0.2,28311552,1.2000000000000002
19,29,5,4,1,0,1.163819477,2,0.2,0,5,0.0,0,2,0,1,0,1,0.0,14155776,0.2
19,30,8,4,4,1,1.784213423,4,0.4,1,7,0.125,1,6,0,3,1,3,0.14285714285714285,42467328,2.0
19,32,5,0,5,0,0.702414452,2,0.2,1,4,0.2,1,4,0,0,1,4,0.2,28311552,0.6000000000000001
19,33,4,3,1,2,1.441250682,3,0.3,0,4,0.0,0,4,0,3,0,1,0.0,28311552,0.8999999999999999
19,35,3,1,2,0,0.370485045,2,0.2,1,2,0.3333333333333333,1,2,0,1,1,1,0.3333333333333333,14155776,0.2
19,36,9,5,4,0,1.7971346685000003,4,0.4,2,7,0.2222222222222222,2,6,0,4,2,2,0.25,42467328,2.0
19,38,13,11,2,10,8.309511081,10,1.0,0,13,0.0,0,12,0,10,0,2,0.0,84934656,11.0
19,39,13,7,6,0,2.5014409648000004,3,0.3,3,10,0.23076923076923078,3,6,0,3,3,3,0.3333333333333333,42467328,1.5
19,40,10,6,4,0,2.5114014380000005,6,0.6,0,10,0.0,0,8,0,4,0,4,0.0,56623104,4.2
19,41,1,0,1,0,0.218665361,1,0.1,0,1,0.0,0,1,0,0,0,1,0.0,7077888,0.0
19,42,6,5,1,1,1.566293732,5,0.5,0,6,0.0,0,6,0,5,0,1,0.0,42467328,2.5
19,43,1,0,1,0,0.395471632,1,0.1,0,1,0.0,0,1,0,0,0,1,0.0,7077888,0.0
19,44,16,9,7,0,3.2983754416999997,1,0.1,6,10,0.375,6,2,0,1,6,1,0.75,14155776,0.1
19,45,14,10,4,0,2.9359837019999997,5,0.5,2,12,0.14285714285714285,2,6,0,4,2,2,0.25,42467328,2.5
19,46,4,1,3,0,0.619371876,3,0.3,0,4,0.0,0,4,0,1,0,3,0.0,28311552,0.8999999999999999
19,47,5,1,4,0,1.119281948,3,0.3,1,4,0.2,1,4,0,1,1,3,0.2,28311552,0.8999999999999999
19,48,3,1,2,0,0.435977883,2,0.2,1,2,0.3333333333333333,1,2,0,1,1,1,0.3333333333333333,14155776,0.2
19,49,12,10,2,0,1.7405898863,6,0.6,0,12,0.0,0,7,0,5,0,2,0.0,49545216,3.5999999999999996
19,50,3,1,2,0,0.3775376981,2,0.2,1,2,0.3333333333333333,1,2,0,1,1,1,0.3333333333333333,14155776,0.2
19,53,18,10,8,0,3.576755277,6,0.6,8,10,0.4444444444444444,7,7,2,4,5,3,0.5,49545216,3.5999999999999996
19,56,1,1,0,0,0.101062879,1,0.1,0,1,0.0,0,1,0,1,0,0,0.0,7077888,0.0
19,58,5,2,3,0,1.375488862,1,0.1,2,3,0.4,2,2,0,1,2,1,0.5,14155776,0.1
19,59,16,9,7,3,4.757718317,8,0.8,5,11,0.3125,4,10,3,4,1,6,0.2857142857142857,70778880,7.2
19,60,30,16,14,5,7.364413560000001,6,0.6,12,18,0.4,12,8,0,6,12,2,0.6,56623104,4.2
19,64,1,0,1,0,0.170249313,1,0.1,0,1,0.0,0,1,0,0,0,1,0.0,7077888,0.0
19,65,2,1,1,0,0.395755217,2,0.2,0,2,0.0,0,2,0,1,0,1,0.0,14155776,0.2
19,67,109,74,35,11,27.4926101658,10,1.0,54,55,0.4954128440366973,36,9,4,6,32,3,0.8,63700992,8.0
19,68,13,11,2,4,3.583166168,8,0.8,0,13,0.0,0,10,0,8,0,2,0.0,70778880,7.2
19,69,1,1,0,0,0.101752222,1,0.1,0,1,0.0,0,1,0,1,0,0,0.0,7077888,0.0
19,70,3,2,1,0,0.46459611430000003,3,0.3,0,3,0.0,0,3,0,2,0,1,0.0,21233664,0.6
19,71,3,1,2,0,0.534085661,2,0.2,0,3,0.0,0,3,0,1,0,2,0.0,21233664,0.4
19,73,10,6,4,1,2.4350491752000005,7,0.7,1,9,0.1,1,8,1,4,0,4,0.1111111111111111,56623104,4.8999999999999995
19,74,12,7,5,0,2.5155691042,4,0.4,2,10,0.16666666666666666,2,6,0,3,2,3,0.25,42467328,2.0
19,77,22,18,4,0,2.4155640907,10,1.0,2,20,0.09090909090909091,2,11,1,8,1,3,0.15384615384615385,77856768,10.0
19,78,23,8,15,4,5.973901985,6,0.6,10,13,0.43478260869565216,10,9,0,4,10,5,0.5263157894736842,63700992,4.8
19,79,5,1,4,2,1.4607121799999998,4,0.4,1,4,0.2,1,4,0,1,1,3,0.2,28311552,1.2000000000000002
19,80,22,16,6,0,4.025281382,8,0.8,5,17,0.22727272727272727,4,9,1,6,3,3,0.3076923076923077,63700992,6.4
19,81,213,140,73,33,58.99962225070002,10,1.0,139,74,0.6525821596244131,77,6,6,4,71,2,0.927710843373494,42467328,5.0
19,83,4,1,3,0,0.5760300379,1,0.1,2,2,0.5,2,2,0,1,2,1,0.5,14155776,0.1
19,84,2,0,2,0,0.532779649,1,0.1,1,1,0.5,1,1,0,0,1,1,0.5,7077888,0.0
19,85,13,8,5,3,4.127723262,6,0.6,0,13,0.0,0,11,0,6,0,5,0.0,77856768,6.0
19,86,10,6,4,0,1.7792328459999998,6,0.6,0,10,0.0,0,9,0,5,0,4,0.0,63700992,4.8
19,87,4,3,1,0,0.6277938789999999,2,0.2,0,4,0.0,0,3,0,2,0,1,0.0,21233664,0.4
19,88,3,2,1,0,0.3327145059,3,0.3,0,3,0.0,0,3,0,2,0,1,0.0,21233664,0.6
19,90,2,1,1,0,0.215952031,1,0.1,0,2,0.0,0,2,0,1,0,1,0.0,14155776,0.1
19,91,15,5,10,0,3.124674691,7,0.7,4,11,0.26666666666666666,4,11,1,4,3,7,0.26666666666666666,77856768,7.0
19,92,21,10,11,1,3.906174571,5,0.5,11,10,0.5238095238095238,7,8,1,3,6,5,0.4666666666666667,56623104,3.5
19,93,15,12,3,4,3.7193621323999997,3,0.3,0,15,0.0,0,6,0,3,0,3,0.0,42467328,1.5
19,94,14,8,6,1,3.5631694039999995,4,0.4,5,9,0.35714285714285715,4,6,1,3,3,3,0.4,42467328,2.0
19,95,47,32,15,0,8.9667833502,9,0.9,23,24,0.48936170212765956,11,13,3,6,8,7,0.4583333333333333,92012544,10.8
19,96,32,16,16,1,6.680176961099999,7,0.7,14,18,0.4375,13,9,1,5,12,4,0.5909090909090909,63700992,5.6
19,97,7,3,4,0,1.561224804,3,0.3,2,5,0.2857142857142857,2,4,0,2,2,2,0.3333333333333333,28311552,0.8999999999999999
19,98,8,8,0,1,1.915213094,5,0.5,0,8,0.0,0,5,0,5,0,0,0.0,35389440,2.0
19,99,5,0,5,1,2.108945907,2,0.2,3,2,0.6,3,2,0,0,3,2,0.6,14155776,0.2
19,100,13,9,4,2,3.028080025,5,0.5,5,8,0.38461538461538464,4,5,2,3,2,2,0.4444444444444444,35389440,2.0
19,101,34,31,3,7,9.944213017200001,10,1.0,3,31,0.08823529411764706,2,11,1,9,1,2,0.15384615384615385,77856768,10.0
19,102,9,5,4,0,2.0902154139999998,6,0.6,2,7,0.2222222222222222,1,7,1,3,0,4,0.125,49545216,3.5999999999999996
19,103,6,4,2,0,1.533338413,5,0.5,1,5,0.16666666666666666,1,5,1,3,0,2,0.16666666666666666,35389440,2.0
19,104,1,0,1,0,0.228158221,1,0.1,0,1,0.0,0,1,0,0,0,1,0.0,7077888,0.0
19,106,2,2,0,0,0.22719480870000003,1,0.1,0,2,0.0,0,1,0,1,0,0,0.0,7077888,0.0
19,107,46,24,22,13,11.883158320000001,10,1.0,30,16,0.6521739130434783,21,11,7,3,14,8,0.65625,77856768,10.0
19,108,6,2,4,0,1.2849627519999998,4,0.4,1,5,0.16666666666666666,1,5,0,2,1,3,0.16666666666666666,35389440,1.6
19,109,10,10,0,1,2.6308007390000006,6,0.6,0,10,0.0,0,6,0,6,0,0,0.0,42467328,3.0
19,110,1,1,0,0,0.102845572,1,0.1,0,1,0.0,0,1,0,1,0,0,0.0,7077888,0.0
19,111,26,12,14,6,7.566021783999999,7,0.7,14,12,0.5384615384615384,9,11,1,5,8,6,0.45,77856768,7.0
19,112,11,7,4,0,1.9777837172,7,0.7,0,11,0.0,0,9,0,5,0,4,0.0,63700992,5.6
19,113,5,1,4,0,0.6818395924,3,0.3,2,3,0.4,2,3,0,1,2,2,0.4,21233664,0.6
19,115,6,2,4,0,0.6440914075999999,4,0.4,0,6,0.0,0,6,0,2,0,4,0.0,42467328,2.0
19,116,21,21,0,2,6.227204776,10,1.0,0,21,0.0,0,10,0,10,0,0,0.0,70778880,9.0
19,117,44,29,15,0,7.964656465600001,10,1.0,24,20,0.5454545454545454,16,9,4,6,12,3,0.64,63700992,8.0
19,118,3,0,3,0,0.508056507,2,0.2,0,3,0.0,0,3,0,0,0,3,0.0,21233664,0.4
19,120,1,0,1,0,0.117472865,1,0.1,0,1,0.0,0,1,0,0,0,1,0.0,7077888,0.0
19,121,1,0,1,0,0.145442128,1,0.1,0,1,0.0,0,1,0,0,0,1,0.0,7077888,0.0
19,122,13,12,1,8,5.398240344,10,1.0,1,12,0.07692307692307693,1,10,1,9,0,1,0.09090909090909091,70778880,9.0
19,123,30,18,12,6,7.1778158416,5,0.5,9,21,0.3,8,9,1,4,7,5,0.47058823529411764,63700992,4.0
19,125,2,0,2,0,0.283840462,2,0.2,0,2,0.0,0,2,0,0,0,2,0.0,14155776,0.2
19,130,14,8,6,9,5.3544318004,6,0.6,2,12,0.14285714285714285,2,10,1,5,1,5,0.16666666666666666,70778880,5.3999999999999995
19,131,11,2,9,0,1.7186753442999998,5,0.5,6,5,0.5454545454545454,6,5,1,1,5,4,0.5454545454545454,35389440,2.0
19,133,7,5,2,0,1.300142109,3,0.3,0,7,0.0,0,5,0,3,0,2,0.0,35389440,1.2
19,134,5,2,3,0,0.9992721068,2,0.2,1,4,0.2,1,3,0,1,1,2,0.25,21233664,0.4
19,136,214,124,90,91,73.99595108139992,10,1.0,180,34,0.8411214953271028,95,5,7,3,88,2,0.95,35389440,4.0
19,137,8,6,2,3,2.205476909,3,0.3,1,7,0.125,1,4,0,3,1,1,0.2,28311552,0.8999999999999999
19,138,4,4,0,0,0.732613191,1,0.1,0,4,0.0,0,1,0,1,0,0,0.0,7077888,0.0
19,139,15,9,6,0,2.408887372,7,0.7,2,13,0.13333333333333333,2,11,0,7,2,4,0.15384615384615385,77856768,7.0
19,140,5,4,1,0,0.8200502840000001,3,0.3,0,5,0.0,0,4,0,3,0,1,0.0,28311552,0.8999999999999999
19,142,1,0,1,0,0.159097448,1,0.1,0,1,0.0,0,1,0,0,0,1,0.0,7077888,0.0
19,143,1,0,1,0,0.119928829,1,0.1,0,1,0.0,0,1,0,0,0,1,0.0,7077888,0.0
19,146,1,0,1,0,0.107850172,1,0.1,0,1,0.0,0,1,0,0,0,1,0.0,7077888,0.0
19,147,1,0,1,0,0.219290301,1,0.1,0,1,0.0,0,1,0,0,0,1,0.0,7077888,0.0
19,148,30,9,21,9,8.452928126000002,10,1.0,14,16,0.4666666666666667,14,14,4,3,10,11,0.5,99090432,13.0
19,149,2,1,1,1,0.564527094,2,0.2,0,2,0.0,0,2,0,1,0,1,0.0,14155776,0.2
19,150,14,14,0,1,2.7106527549999995,10,1.0,0,14,0.0,0,10,0,10,0,0,0.0,70778880,9.0
19,151,4,1,3,1,1.016813829,2,0.2,3,1,0.75,3,1,1,0,2,1,0.75,7077888,0.0
19,152,3,1,2,0,0.4493108392,3,0.3,0,3,0.0,0,3,0,1,0,2,0.0,21233664,0.6
19,153,5,4,1,0,0.7620859529999999,3,0.3,0,5,0.0,0,4,0,3,0,1,0.0,28311552,0.8999999999999999
19,154,9,6,3,7,3.4966538389999995,5,0.5,0,9,0.0,0,7,0,4,0,3,0.0,49545216,3.0
19,155,2,1,1,0,0.242883079,2,0.2,0,2,0.0,0,2,0,1,0,1,0.0,14155776,0.2
19,157,20,8,12,0,3.9422854700000003,5,0.5,6,14,0.3,6,10,1,3,5,7,0.375,70778880,4.5
19,158,5,2,3,2,1.249960452,2,0.2,1,4,0.2,1,3,0,1,1,2,0.25,21233664,0.4
19,159,24,20,4,2,5.643841178999999,8,0.8,1,23,0.041666666666666664,1,11,0,8,1,3,0.08333333333333333,77856768,8.0
19,160,8,2,6,2,2.9268011439999997,3,0.3,3,5,0.375,3,5,0,2,3,3,0.375,35389440,1.2
19,161,6,4,2,0,0.907970607,2,0.2,1,5,0.16666666666666666,1,3,0,2,1,1,0.25,21233664,0.4
19,163,12,11,1,10,4.8354114,10,1.0,0,12,0.0,0,11,0,10,0,1,0.0,77856768,10.0
19,164,5,2,3,0,0.6635954749999999,4,0.4,0,5,0.0,0,5,0,2,0,3,0.0,35389440,1.6
19,165,23,16,7,0,4.304992200999999,10,1.0,3,20,0.13043478260869565,2,14,2,7,0,7,0.125,99090432,13.0
19,167,2,0,2,0,0.251215607,2,0.2,0,2,0.0,0,2,0,0,0,2,0.0,14155776,0.2
19,168,15,8,7,1,2.5752976238999996,3,0.3,6,9,0.4,6,4,1,2,5,2,0.6,28311552,0.8999999999999999
19,169,1,0,1,0,0.178688198,1,0.1,0,1,0.0,0,1,0,0,0,1,0.0,7077888,0.0
19,170,16,11,5,1,3.997340365,4,0.4,2,14,0.125,2,7,0,4,2,3,0.2222222222222222,49545216,2.4000000000000004
19,171,2,0,2,0,0.1716724482,2,0.2,0,2,0.0,0,2,0,0,0,2,0.0,14155776,0.2
19,172,2,1,1,0,0.282309398,1,0.1,0,2,0.0,0,2,0,1,0,1,0.0,14155776,0.1
19,173,8,2,6,1,1.7697063092,4,0.4,3,5,0.375,3,5,0,2,3,3,0.375,35389440,1.6
19,174,19,11,8,4,5.261433836999999,5,0.5,5,14,0.2631578947368421,5,7,0,4,5,3,0.4166666666666667,49545216,3.0
19,176,24,22,2,10,10.329090373000001,10,1.0,1,23,0.041666666666666664,1,11,0,10,1,1,0.08333333333333333,77856768,10.0
19,177,11,7,4,4,3.0821819909999997,4,0.4,2,9,0.18181818181818182,2,6,0,4,2,2,0.25,42467328,2.0
19,178,16,14,2,0,2.4301021028,8,0.8,0,16,0.0,0,10,0,8,0,2,0.0,70778880,7.2
19,179,1,1,0,0,0.107796349,1,0.1,0,1,0.0,0,1,0,1,0,0,0.0,7077888,0.0
19,180,5,0,5,3,1.6630290749999999,4,0.4,1,4,0.2,1,4,0,0,1,4,0.2,28311552,1.2000000000000002
19,181,72,15,57,8,18.002115802,10,1.0,66,6,0.9166666666666666,60,6,8,1,52,5,0.9090909090909091,42467328,5.0
19,183,20,18,2,0,3.723841182300001,7,0.7,1,19,0.05,1,8,0,7,1,1,0.1111111111111111,56623104,4.8999999999999995
19,184,1,0,1,0,0.147215962,1,0.1,0,1,0.0,0,1,0,0,0,1,0.0,7077888,0.0
19,185,14,11,3,1,1.9137737087000002,10,1.0,2,12,0.14285714285714285,2,11,1,9,1,2,0.15384615384615385,77856768,10.0
19,186,28,24,4,0,6.158967861100001,10,1.0,9,19,0.32142857142857145,5,9,2,8,3,1,0.35714285714285715,63700992,8.0
19,187,20,20,0,0,2.2952312922,10,1.0,0,20,0.0,0,10,0,10,0,0,0.0,70778880,9.0
19,188,4,3,1,0,0.6368654069999999,1,0.1,0,4,0.0,0,2,0,1,0,1,0.0,14155776,0.1
19,189,9,6,3,0,1.82726299,6,0.6,1,8,0.1111111111111111,1,7,1,4,0,3,0.125,49545216,3.5999999999999996
19,190,10,10,0,0,1.4789603070000001,10,1.0,0,10,0.0,0,10,0,10,0,0,0.0,70778880,9.0
19,191,18,18,0,5,4.430285035100001,6,0.6,0,18,0.0,0,6,0,6,0,0,0.0,42467328,3.0
19,192,23,11,12,0,3.4238502592999995,7,0.7,5,18,0.21739130434782608,5,13,1,5,4,8,0.2777777777777778,92012544,8.399999999999999
19,193,23,8,15,1,4.6271761710999995,9,0.9,9,14,0.391304347826087,7,14,4,2,3,12,0.3333333333333333,99090432,11.700000000000001
19,194,6,2,4,2,1.678059175,4,0.4,0,6,0.0,0,6,0,2,0,4,0.0,42467328,2.0
19,196,6,5,1,1,1.424854845,3,0.3,0,6,0.0,0,4,0,3,0,1,0.0,28311552,0.8999999999999999
19,197,8,5,3,0,2.008960618,4,0.4,0,8,0.0,0,6,0,3,0,3,0.0,42467328,2.0
19,200,16,12,4,5,4.5260303681,5,0.5,0,16,0.0,0,9,0,5,0,4,0.0,63700992,4.0
19,201,2,2,0,0,0.45059207,2,0.2,0,2,0.0,0,2,0,2,0,0,0.0,14155776,0.2
19,202,1,1,0,1,0.343885899,1,0.1,0,1,0.0,0,1,0,1,0,0,0.0,7077888,0.0
19,203,9,3,6,4,3.0039465130000003,4,0.4,3,6,0.3333333333333333,3,6,1,2,2,4,0.3333333333333333,42467328,2.0
19,205,2,1,1,0,0.2066663727,1,0.1,0,2,0.0,0,2,0,1,0,1,0.0,14155776,0.1
19,206,1,1,0,0,0.118893519,1,0.1,0,1,0.0,0,1,0,1,0,0,0.0,7077888,0.0
19,207,4,1,3,1,1.0815026680000002,3,0.3,1,3,0.25,1,3,0,1,1,2,0.25,21233664,0.6
19,208,6,2,4,1,1.2047947140000002,4,0.4,0,6,0.0,0,6,0,2,0,4,0.0,42467328,2.0
19,209,2,1,1,0,0.265192092,2,0.2,1,1,0.5,1,1,1,0,0,1,0.5,7077888,0.0
19,210,4,4,0,0,1.118584558,4,0.4,0,4,0.0,0,4,0,4,0,0,0.0,28311552,1.2000000000000002
19,211,6,1,5,0,1.0608673400000002,4,0.4,1,5,0.16666666666666666,1,5,0,1,1,4,0.16666666666666666,35389440,1.6
19,212,16,7,9,3,4.661197044099999,4,0.4,8,8,0.5,4,8,2,1,2,7,0.3333333333333333,56623104,2.8000000000000003
19,213,14,12,2,0,1.8429940550000001,6,0.6,3,11,0.21428571428571427,2,5,2,3,0,2,0.2857142857142857,35389440,2.4
19,214,3,0,3,3,1.587974131,2,0.2,1,2,0.3333333333333333,1,2,0,0,1,2,0.3333333333333333,14155776,0.2
19,215,26,16,10,8,6.688302804999999,3,0.3,17,9,0.6538461538461539,8,5,2,1,6,4,0.6153846153846154,35389440,1.2
19,216,12,6,6,0,3.0856552259999996,6,0.6,1,11,0.08333333333333333,1,10,0,5,1,5,0.09090909090909091,70778880,5.3999999999999995
19,217,6,1,5,0,1.546579972,1,0.1,4,2,0.6666666666666666,4,2,0,1,4,1,0.6666666666666666,14155776,0.1
19,218,2,2,0,0,0.283536046,2,0.2,0,2,0.0,0,2,0,2,0,0,0.0,14155776,0.2
19,219,5,3,2,0,0.742354079,2,0.2,1,4,0.2,1,3,0,2,1,1,0.25,21233664,0.4
19,220,11,7,4,0,2.2466151349,6,0.6,0,11,0.0,0,8,0,4,0,4,0.0,56623104,4.2
19,221,1,0,1,0,0.192234963,1,0.1,0,1,0.0,0,1,0,0,0,1,0.0,7077888,0.0
19,222,10,6,4,0,2.1556069036000003,5,0.5,2,8,0.2,2,6,0,4,2,2,0.25,42467328,2.5
19,223,1,1,0,0,0.247645587,1,0.1,0,1,0.0,0,1,0,1,0,0,0.0,7077888,0.0
19,224,15,5,10,4,4.023894853999999,6,0.6,5,10,0.3333333333333333,5,8,0,3,5,5,0.38461538461538464,56623104,4.2
19,225,8,6,2,1,2.5090000920000004,3,0.3,0,8,0.0,0,5,0,3,0,2,0.0,35389440,1.2
19,226,154,95,59,48,48.27136027939999,10,1.0,114,40,0.7402597402597403,59,10,7,3,52,7,0.855072463768116,70778880,9.0
19,229,17,11,6,11,6.341238871999999,7,0.7,7,10,0.4117647058823529,4,9,2,5,2,4,0.3076923076923077,63700992,5.6
19,231,2,0,2,0,0.459542617,2,0.2,0,2,0.0,0,2,0,0,0,2,0.0,14155776,0.2
19,233,5,4,1,0,1.183062882,4,0.4,0,5,0.0,0,5,0,4,0,1,0.0,35389440,1.6
19,234,46,30,16,2,7.558923107800002,10,1.0,26,20,0.5652173913043478,14,12,6,4,8,8,0.5384615384615384,84934656,11.0
19,235,4,2,2,0,0.557124868,3,0.3,1,3,0.25,1,3,0,2,1,1,0.25,21233664,0.6
19,236,23,12,11,15,8.095980274,10,1.0,10,13,0.43478260869565216,10,11,3,7,7,4,0.47619047619047616,77856768,10.0
19,238,5,1,4,0,1.002325535,4,0.4,1,4,0.2,1,4,0,1,1,3,0.2,28311552,1.2000000000000002
19,239,10,3,7,0,1.6550907348000001,3,0.3,4,6,0.4,4,5,0,2,4,3,0.4444444444444444,35389440,1.2
19,240,1,0,1,0,0.122665808,1,0.1,0,1,0.0,0,1,0,0,0,1,0.0,7077888,0.0
19,241,2,2,0,0,0.28373117800000003,2,0.2,0,2,0.0,0,2,0,2,0,0,0.0,14155776,0.2
19,242,11,10,1,0,2.6779360914,10,1.0,0,11,0.0,0,11,0,10,0,1,0.0,77856768,10.0
19,245,10,7,3,0,2.680403635,6,0.6,1,9,0.1,1,7,1,4,0,3,0.125,49545216,3.5999999999999996
19,246,3,1,2,0,0.456336082,3,0.3,0,3,0.0,0,3,0,1,0,2,0.0,21233664,0.6
19,247,4,2,2,0,0.5723422168000001,3,0.3,1,3,0.25,1,3,0,2,1,1,0.25,21233664,0.6
19,249,10,10,0,0,1.453308268,10,1.0,0,10,0.0,0,10,0,10,0,0,0.0,70778880,9.0
19,251,5,1,4,0,0.9787913259999999,2,0.2,0,5,0.0,0,5,0,1,0,4,0.0,35389440,0.8
19,252,4,2,2,0,0.7123036979999999,1,0.1,1,3,0.25,1,2,0,1,1,1,0.3333333333333333,14155776,0.1
19,253,9,4,5,0,1.6635757990000002,4,0.4,2,7,0.2222222222222222,2,6,0,3,2,3,0.25,42467328,2.0
19,254,2,2,0,0,0.258679897,2,0.2,0,2,0.0,0,2,0,2,0,0,0.0,14155776,0.2
20,0,14,10,4,1,3.196941316,8,0.8,1,13,0.07142857142857142,1,10,0,7,1,3,0.09090909090909091,70778880,7.2
20,3,3,0,3,0,0.412090838,1,0.1,2,1,0.6666666666666666,2,1,0,0,2,1,0.6666666666666666,7077888,0.0
20,4,10,3,7,1,2.382980735,4,0.4,3,7,0.3,3,6,0,2,3,4,0.3333333333333333,42467328,2.0
20,7,24,16,8,5,5.966661139999999,7,0.7,9,15,0.375,6,9,2,5,4,4,0.4,63700992,5.6
20,8,7,5,2,0,1.734576761,1,0.1,1,6,0.14285714285714285,1,2,0,1,1,1,0.3333333333333333,14155776,0.1
20,9,2,2,0,0,0.28223013199999997,2,0.2,0,2,0.0,0,2,0,2,0,0,0.0,14155776,0.2
20,11,20,1,19,5,5.117688255,5,0.5,14,6,0.7,14,6,0,1,14,5,0.7,42467328,2.5
20,12,7,0,7,0,1.524577633,2,0.2,4,3,0.5714285714285714,4,3,0,0,4,3,0.5714285714285714,21233664,0.4
20,13,1,1,0,0,0.214506716,1,0.1,0,1,0.0,0,1,0,1,0,0,0.0,7077888,0.0
20,14,10,5,5,0,1.922767251,7,0.7,5,5,0.5,4,5,2,2,2,3,0.4444444444444444,35389440,2.8
20,15,35,3,32,18,11.193907453999998,2,0.2,30,5,0.8571428571428571,30,3,0,1,30,2,0.9090909090909091,21233664,0.4
20,16,19,14,5,0,4.105531647,2,0.2,3,16,0.15789473684210525,3,4,0,2,3,2,0.42857142857142855,28311552,0.6000000000000001
20,20,5,0,5,0,0.979769989,2,0.2,3,2,0.6,3,2,0,0,3,2,0.6,14155776,0.2
20,21,123,121,2,15,28.800445259999993,10,1.0,12,111,0.0975609756097561,4,8,2,8,2,0,0.3333333333333333,56623104,7.0
20,22,20,11,9,9,5.968660308,5,0.5,6,14,0.3,6,7,0,4,6,3,0.46153846153846156,49545216,3.0
20,26,1,1,0,0,0.11922466,1,0.1,0,1,0.0,0,1,0,1,0,0,0.0,7077888,0.0
20,28,2,2,0,0,0.334544629,1,0.1,0,2,0.0,0,1,0,1,0,0,0.0,7077888,0.0
20,29,44,32,12,4,10.969891918999997,10,1.0,28,16,0.6363636363636364,12,10,6,4,6,6,0.5454545454545454,70778880,9.0
20,31,5,3,2,0,0.882430807,4,0.4,0,5,0.0,0,5,0,3,0,2,0.0,35389440,1.6
20,32,19,18,1,8,6.501563710000001,6,0.6,5,14,0.2631578947368421,2,4,2,3,0,1,0.3333333333333333,28311552,1.7999999999999998
20,34,2,1,1,1,0.722595989,1,0.1,0,2,0.0,0,2,0,1,0,1,0.0,14155776,0.1
20,36,96,51,45,29,28.102611438000007,10,1.0,66,30,0.6875,45,10,6,4,39,6,0.8181818181818182,70778880,9.0
20,38,4,2,2,1,1.112718001,1,0.1,1,3,0.25,1,2,0,1,1,1,0.3333333333333333,14155776,0.1
20,39,5,1,4,1,1.5594362309999998,1,0.1,3,2,0.6,3,2,0,1,3,1,0.6,14155776,0.1
20,40,286,160,126,61,72.79921719200003,10,1.0,252,34,0.8811188811188811,134,2,8,2,126,0,0.9852941176470589,14155776,1.0
20,45,15,4,11,1,3.829729647,5,0.5,8,7,0.5333333333333333,8,6,0,3,8,3,0.5714285714285714,42467328,2.5
20,46,2,0,2,0,0.298546136,2,0.2,0,2,0.0,0,2,0,0,0,2,0.0,14155776,0.2
20,47,1,0,1,0,0.186575875,1,0.1,0,1,0.0,0,1,0,0,0,1,0.0,7077888,0.0
20,48,11,5,6,0,2.6761070050000004,6,0.6,2,9,0.18181818181818182,2,9,0,5,2,4,0.18181818181818182,63700992,4.8
20,49,1,0,1,0,0.194822848,1,0.1,0,1,0.0,0,1,0,0,0,1,0.0,7077888,0.0
20,50,8,3,5,0,1.9404331000000004,4,0.4,3,5,0.375,3,4,0,2,3,2,0.42857142857142855,28311552,1.2000000000000002
20,52,2,0,2,0,0.340431213,2,0.2,0,2,0.0,0,2,0,0,0,2,0.0,14155776,0.2
20,53,12,1,11,0,2.560352967,4,0.4,5,7,0.4166666666666667,5,7,0,1,5,6,0.4166666666666667,49545216,2.4000000000000004
20,54,1,0,1,0,0.147479683,1,0.1,0,1,0.0,0,1,0,0,0,1,0.0,7077888,0.0
20,55,8,4,4,0,1.743129058,1,0.1,3,5,0.375,3,2,0,1,3,1,0.6,14155776,0.1
20,56,1,0,1,0,0.166278124,1,0.1,0,1,0.0,0,1,0,0,0,1,0.0,7077888,0.0
20,60,37,2,35,4,8.847537967000001,4,0.4,34,3,0.918918918918919,34,3,2,0,32,3,0.918918918918919,21233664,0.8
20,61,108,61,47,37,34.00443202399999,10,1.0,96,12,0.8888888888888888,50,7,9,1,41,6,0.8771929824561403,49545216,6.0
20,63,17,12,5,0,1.3080804889999997,10,1.0,3,14,0.17647058823529413,3,12,2,8,1,4,0.2,84934656,11.0
20,65,8,8,0,0,1.628822209,6,0.6,0,8,0.0,0,6,0,6,0,0,0.0,42467328,3.0
20,69,5,3,2,1,1.404002517,4,0.4,1,4,0.2,1,4,1,2,0,2,0.2,28311552,1.2000000000000002
20,70,18,13,5,0,2.9687276320000002,9,0.9,6,12,0.3333333333333333,5,8,3,5,2,3,0.38461538461538464,56623104,6.3
20,72,1,0,1,0,0.121880859,1,0.1,0,1,0.0,0,1,0,0,0,1,0.0,7077888,0.0
20,73,1,0,1,0,0.180767968,1,0.1,0,1,0.0,0,1,0,0,0,1,0.0,7077888,0.0
20,74,4,2,2,4,1.534402221,1,0.1,1,3,0.25,1,2,0,1,1,1,0.3333333333333333,14155776,0.1
20,75,4,3,1,0,1.062441229,2,0.2,0,4,0.0,0,3,0,2,0,1,0.0,21233664,0.4
20,76,3,0,3,0,0.652808055,1,0.1,1,2,0.3333333333333333,1,2,0,0,1,2,0.3333333333333333,14155776,0.1
20,77,3,0,3,2,1.139307648,1,0.1,1,2,0.3333333333333333,1,2,0,0,1,2,0.3333333333333333,14155776,0.1
20,78,5,5,0,1,1.062258541,1,0.1,0,5,0.0,0,1,0,1,0,0,0.0,7077888,0.0
20,79,1,0,1,0,0.17214787,1,0.1,0,1,0.0,0,1,0,0,0,1,0.0,7077888,0.0
20,81,7,5,2,0,1.355284376,2,0.2,2,5,0.2857142857142857,2,2,0,2,2,0,0.5,14155776,0.2
20,83,8,6,2,0,1.873209343,1,0.1,1,7,0.125,1,2,0,1,1,1,0.3333333333333333,14155776,0.1
20,84,3,1,2,0,0.669401541,2,0.2,0,3,0.0,0,3,0,1,0,2,0.0,21233664,0.4
20,85,10,5,5,0,2.218783066,5,0.5,6,4,0.6,3,4,1,1,2,3,0.42857142857142855,28311552,1.5
20,86,10,10,0,10,13.630422590000002,10,1.0,0,10,0.0,0,10,0,10,0,0,0.0,70778880,9.0
20,88,15,3,12,4,4.020253435000001,4,0.4,9,6,0.6,9,6,0,3,9,3,0.6,42467328,2.0
20,91,7,4,3,0,1.5227699280000002,5,0.5,0,7,0.0,0,7,0,4,0,3,0.0,49545216,3.0
20,92,11,6,5,0,2.6051640819999995,2,0.2,4,7,0.36363636363636365,4,3,0,2,4,1,0.5714285714285714,21233664,0.4
20,93,15,5,10,6,4.593139886999999,5,0.5,7,8,0.4666666666666667,7,6,0,3,7,3,0.5384615384615384,42467328,2.5
20,95,10,5,5,0,1.961987346,5,0.5,3,7,0.3,3,6,0,4,3,2,0.3333333333333333,42467328,2.5
20,96,17,10,7,5,4.94784841,6,0.6,2,15,0.11764705882352941,2,11,0,6,2,5,0.15384615384615385,77856768,6.0
20,98,4,1,3,0,1.081238686,2,0.2,0,4,0.0,0,4,0,1,0,3,0.0,28311552,0.6000000000000001
20,99,5,0,5,0,0.761666656,2,0.2,3,2,0.6,3,2,0,0,3,2,0.6,14155776,0.2
20,100,1,0,1,0,0.186656415,1,0.1,0,1,0.0,0,1,0,0,0,1,0.0,7077888,0.0
20,101,17,4,13,5,4.838417946,1,0.1,12,5,0.7058823529411765,12,2,0,1,12,1,0.8571428571428571,14155776,0.1
20,102,1,0,1,0,0.185803205,1,0.1,0,1,0.0,0,1,0,0,0,1,0.0,7077888,0.0
20,103,8,8,0,1,2.4776913970000005,3,0.3,0,8,0.0,0,3,0,3,0,0,0.0,21233664,0.6
20,105,7,5,2,0,1.496049569,3,0.3,0,7,0.0,0,4,0,2,0,2,0.0,28311552,0.8999999999999999
20,107,20,6,14,1,4.396820441000001,5,0.5,12,8,0.6,12,5,0,3,12,2,0.7058823529411765,35389440,2.0
20,108,3,1,2,0,0.586287052,2,0.2,0,3,0.0,0,3,0,1,0,2,0.0,21233664,0.4
20,109,21,11,10,3,3.5265176868,10,1.0,7,14,0.3333333333333333,6,14,2,8,4,6,0.3,99090432,13.0
20,110,4,0,4,0,0.919723585,2,0.2,1,3,0.25,1,3,0,0,1,3,0.25,21233664,0.4
20,111,19,19,0,0,5.2085531949999995,10,1.0,0,19,0.0,0,10,0,10,0,0,0.0,70778880,9.0
20,112,12,4,8,0,2.2463129159999995,1,0.1,6,6,0.5,6,3,0,1,6,2,0.6666666666666666,21233664,0.2
20,114,4,2,2,0,0.7639715901999999,2,0.2,1,3,0.25,1,3,0,2,1,1,0.25,21233664,0.4
20,115,4,1,3,0,0.756301315,2,0.2,1,3,0.25,1,3,0,1,1,2,0.25,21233664,0.4
20,116,7,0,7,2,1.5668639840000003,4,0.4,2,5,0.2857142857142857,2,5,0,0,2,5,0.2857142857142857,35389440,1.6
20,117,3,0,3,0,0.550631568,1,0.1,1,2,0.3333333333333333,1,2,0,0,1,2,0.3333333333333333,14155776,0.1
20,118,4,3,1,1,1.06875576,3,0.3,0,4,0.0,0,3,0,2,0,1,0.0,21233664,0.6
20,120,1,0,1,0,0.147624254,1,0.1,0,1,0.0,0,1,0,0,0,1,0.0,7077888,0.0
20,124,1,0,1,0,0.249792829,1,0.1,0,1,0.0,0,1,0,0,0,1,0.0,7077888,0.0
20,125,1,0,1,0,0.193493843,1,0.1,0,1,0.0,0,1,0,0,0,1,0.0,7077888,0.0
20,128,3,3,0,0,0.44079209799999997,3,0.3,0,3,0.0,0,3,0,3,0,0,0.0,21233664,0.6
20,129,9,4,5,0,1.9625778049999998,5,0.5,2,7,0.2222222222222222,2,6,0,3,2,3,0.25,42467328,2.5
20,130,15,11,4,1,2.6030343830000007,8,0.8,3,12,0.2,2,10,1,7,1,3,0.16666666666666666,70778880,7.2
20,131,15,15,0,0,3.9982156140000003,10,1.0,0,15,0.0,0,10,0,10,0,0,0.0,70778880,9.0
20,132,3,1,2,0,0.637049168,2,0.2,1,2,0.3333333333333333,1,2,0,1,1,1,0.3333333333333333,14155776,0.2
20,134,3,0,3,0,0.615057647,3,0.3,0,3,0.0,0,3,0,0,0,3,0.0,21233664,0.6
20,135,8,2,6,1,1.860301287,3,0.3,5,3,0.625,5,3,1,1,4,2,0.625,21233664,0.6
20,137,10,3,7,0,1.9512108870000002,1,0.1,6,4,0.6,6,2,0,1,6,1,0.75,14155776,0.1
20,138,1,1,0,0,0.172975808,1,0.1,0,1,0.0,0,1,0,1,0,0,0.0,7077888,0.0
20,139,1,1,0,0,0.194969088,1,0.1,0,1,0.0,0,1,0,1,0,0,0.0,7077888,0.0
20,140,10,7,3,0,2.123761445,3,0.3,0,10,0.0,0,5,0,2,0,3,0.0,35389440,1.2
20,142,2,0,2,0,0.332954362,2,0.2,0,2,0.0,0,2,0,0,0,2,0.0,14155776,0.2
20,143,18,2,16,6,6.006166025000001,1,0.1,15,3,0.8333333333333334,15,2,0,1,15,1,0.8823529411764706,14155776,0.1
20,146,3,0,3,0,0.7503888759999999,2,0.2,1,2,0.3333333333333333,1,2,0,0,1,2,0.3333333333333333,14155776,0.2
20,147,11,10,1,0,0.3955001907,10,1.0,0,11,0.0,0,11,0,10,0,1,0.0,77856768,10.0
20,148,1,0,1,0,0.169969857,1,0.1,0,1,0.0,0,1,0,0,0,1,0.0,7077888,0.0
20,149,42,38,4,10,10.271091342,10,1.0,13,29,0.30952380952380953,4,10,4,6,0,4,0.2857142857142857,70778880,9.0
20,150,1,0,1,0,0.198378727,1,0.1,0,1,0.0,0,1,0,0,0,1,0.0,7077888,0.0
20,151,112,111,1,6,24.950685103,10,1.0,14,98,0.125,2,9,2,8,0,1,0.18181818181818182,63700992,8.0
20,153,2,0,2,0,0.799766719,1,0.1,1,1,0.5,1,1,0,0,1,1,0.5,7077888,0.0
20,156,75,53,22,14,17.973772497000002,10,1.0,41,34,0.5466666666666666,24,8,5,5,19,3,0.75,56623104,7.0
20,157,3,1,2,0,0.44024494300000006,1,0.1,0,3,0.0,0,3,0,1,0,2,0.0,21233664,0.2
20,159,1,1,0,0,0.276674181,1,0.1,0,1,0.0,0,1,0,1,0,0,0.0,7077888,0.0
20,162,1,0,1,0,0.169749632,1,0.1,0,1,0.0,0,1,0,0,0,1,0.0,7077888,0.0
20,163,3,0,3,0,0.8257576819999999,1,0.1,1,2,0.3333333333333333,1,2,0,0,1,2,0.3333333333333333,14155776,0.1
20,165,1,1,0,0,0.21328485,1,0.1,0,1,0.0,0,1,0,1,0,0,0.0,7077888,0.0
20,166,1,0,1,0,0.309621274,1,0.1,0,1,0.0,0,1,0,0,0,1,0.0,7077888,0.0
20,167,26,22,4,8,7.208830938,8,0.8,10,16,0.38461538461538464,5,7,2,6,3,1,0.4166666666666667,49545216,4.800000000000001
20,168,1,1,0,0,0.0922378376,1,0.1,0,1,0.0,0,1,0,1,0,0,0.0,7077888,0.0
20,170,3,3,0,0,0.7159355430000001,1,0.1,0,3,0.0,0,1,0,1,0,0,0.0,7077888,0.0
20,171,14,10,4,0,2.772990376,2,0.2,3,11,0.21428571428571427,3,3,0,2,3,1,0.5,21233664,0.4
20,172,40,32,8,1,8.039956925999999,5,0.5,7,33,0.175,7,5,1,3,6,2,0.5833333333333334,35389440,2.0
20,174,5,1,4,0,0.9249594499999999,4,0.4,1,4,0.2,1,4,0,1,1,3,0.2,28311552,1.2000000000000002
20,175,3,2,1,0,0.486401603,3,0.3,0,3,0.0,0,3,0,2,0,1,0.0,21233664,0.6
20,176,2,1,1,0,0.473342508,2,0.2,0,2,0.0,0,2,0,1,0,1,0.0,14155776,0.2
20,179,13,4,9,2,3.0452940020000003,2,0.2,7,6,0.5384615384615384,7,4,0,2,7,2,0.6363636363636364,28311552,0.6000000000000001
20,180,5,2,3,0,0.9239149700000001,3,0.3,1,4,0.2,1,4,1,1,0,3,0.2,28311552,0.8999999999999999
20,181,3,2,1,0,0.679946259,2,0.2,0,3,0.0,0,3,0,2,0,1,0.0,21233664,0.4
20,182,14,10,4,1,3.303450346,7,0.7,2,12,0.14285714285714285,2,8,1,5,1,3,0.2,56623104,4.8999999999999995
20,184,64,58,6,5,15.416474372999998,9,0.9,15,49,0.234375,6,9,1,8,5,1,0.4,63700992,7.2
20,185,2,0,2,0,0.30039379,1,0.1,0,2,0.0,0,2,0,0,0,2,0.0,14155776,0.1
20,186,14,7,7,3,3.5560245210000003,2,0.2,9,5,0.6428571428571429,6,3,1,1,5,2,0.6666666666666666,21233664,0.4
20,187,128,76,52,30,35.21280974499999,10,1.0,98,30,0.765625,56,6,7,3,49,3,0.9032258064516129,42467328,5.0
20,188,10,0,10,0,1.699515938,3,0.3,7,3,0.7,7,3,0,0,7,3,0.7,21233664,0.6
20,191,31,18,13,11,10.006294482999998,10,1.0,19,12,0.6129032258064516,15,8,4,6,11,2,0.6521739130434783,56623104,7.0
20,192,1,0,1,0,0.235771596,1,0.1,0,1,0.0,0,1,0,0,0,1,0.0,7077888,0.0
20,193,5,2,3,0,0.8627404860000001,4,0.4,0,5,0.0,0,5,0,2,0,3,0.0,35389440,1.6
20,196,15,6,9,2,4.086133897000001,2,0.2,9,6,0.6,9,2,0,2,9,0,0.8181818181818182,14155776,0.2
20,197,14,10,4,3,3.486362264,5,0.5,6,8,0.42857142857142855,2,7,2,3,0,4,0.2222222222222222,49545216,3.0
20,198,8,5,3,1,1.6044491969999999,3,0.3,0,8,0.0,0,5,0,2,0,3,0.0,35389440,1.2
20,199,5,3,2,0,0.926136211,3,0.3,0,5,0.0,0,4,0,2,0,2,0.0,28311552,0.8999999999999999
20,200,7,3,4,1,1.4171554899999999,3,0.3,2,5,0.2857142857142857,2,5,0,3,2,2,0.2857142857142857,35389440,1.2
20,202,2,1,1,0,0.463684559,2,0.2,0,2,0.0,0,2,0,1,0,1,0.0,14155776,0.2
20,203,1,0,1,0,0.145126313,1,0.1,0,1,0.0,0,1,0,0,0,1,0.0,7077888,0.0
20,205,7,4,3,1,1.6564734280000002,4,0.4,1,6,0.14285714285714285,1,5,0,3,1,2,0.16666666666666666,35389440,1.6
20,207,9,7,2,2,2.1750970929999998,4,0.4,1,8,0.1111111111111111,1,4,0,3,1,1,0.2,28311552,1.2000000000000002
20,209,2,2,0,0,0.41783449,1,0.1,0,2,0.0,0,1,0,1,0,0,0.0,7077888,0.0
20,210,7,5,2,1,1.4049802949999999,6,0.6,1,6,0.14285714285714285,1,6,0,5,1,1,0.14285714285714285,42467328,3.0
20,213,4,1,3,0,1.033026561,2,0.2,2,2,0.5,2,2,0,1,2,1,0.5,14155776,0.2
20,215,47,23,24,3,9.967214300999997,10,1.0,31,16,0.6595744680851063,22,11,5,4,17,7,0.6666666666666666,77856768,10.0
20,216,5,2,3,0,1.2677222339999998,4,0.4,0,5,0.0,0,5,0,2,0,3,0.0,35389440,1.6
20,217,1,1,0,0,0.277790308,1,0.1,0,1,0.0,0,1,0,1,0,0,0.0,7077888,0.0
20,218,83,42,41,2,18.077124117999997,9,0.9,72,11,0.8674698795180723,45,5,6,3,39,2,0.9,35389440,3.6
20,219,252,191,61,64,66.65813043799994,10,1.0,209,43,0.8293650793650794,65,6,8,2,57,4,0.9154929577464789,42467328,5.0
20,220,10,6,4,2,2.719857052,4,0.4,1,9,0.1,1,7,0,4,1,3,0.125,49545216,2.4000000000000004
20,221,2,0,2,0,0.389283389,1,0.1,1,1,0.5,1,1,0,0,1,1,0.5,7077888,0.0
20,223,3,2,1,1,0.910510108,2,0.2,0,3,0.0,0,2,0,1,0,1,0.0,14155776,0.2
20,224,3,0,3,0,0.693623364,1,0.1,2,1,0.6666666666666666,2,1,0,0,2,1,0.6666666666666666,7077888,0.0
20,225,22,7,15,6,5.410333635,5,0.5,11,11,0.5,9,10,1,3,8,7,0.47368421052631576,70778880,4.5
20,227,3,0,3,2,0.866606489,1,0.1,2,1,0.6666666666666666,2,1,0,0,2,1,0.6666666666666666,7077888,0.0
20,228,7,0,7,1,1.862720713,2,0.2,5,2,0.7142857142857143,5,2,0,0,5,2,0.7142857142857143,14155776,0.2
20,229,3,3,0,0,0.5307905669999999,2,0.2,0,3,0.0,0,2,0,2,0,0,0.0,14155776,0.2
20,233,2,0,2,0,0.35876046100000003,1,0.1,1,1,0.5,1,1,0,0,1,1,0.5,7077888,0.0
20,235,5,0,5,1,1.588964045,2,0.2,3,2,0.6,3,2,0,0,3,2,0.6,14155776,0.2
20,238,1,0,1,0,0.16336605,1,0.1,0,1,0.0,0,1,0,0,0,1,0.0,7077888,0.0
20,241,7,0,7,1,1.468642353,4,0.4,3,4,0.42857142857142855,3,4,0,0,3,4,0.42857142857142855,28311552,1.2000000000000002
20,242,4,1,3,0,0.6050627239999999,2,0.2,1,3,0.25,1,3,0,1,1,2,0.25,21233664,0.4
20,243,12,7,5,1,2.776773512,5,0.5,3,9,0.25,3,7,1,4,2,3,0.3,49545216,3.0
20,244,10,10,0,0,0.2497325387,10,1.0,0,10,0.0,0,10,0,10,0,0,0.0,70778880,9.0
20,246,28,10,18,0,5.9114632799999995,10,1.0,18,10,0.6428571428571429,18,10,1,9,17,1,0.6428571428571429,70778880,9.0
20,247,21,6,15,1,5.352589861000001,4,0.4,10,11,0.47619047619047616,10,8,0,3,10,5,0.5555555555555556,56623104,2.8000000000000003
20,248,5,5,0,0,1.001856863,5,0.5,0,5,0.0,0,5,0,5,0,0,0.0,35389440,2.0
20,249,1,0,1,0,0.219279394,1,0.1,0,1,0.0,0,1,0,0,0,1,0.0,7077888,0.0
20,250,15,6,9,2,3.647897035,4,0.4,3,12,0.2,3,9,0,3,3,6,0.25,63700992,3.2
20,251,11,6,5,3,2.9737567609999997,4,0.4,2,9,0.18181818181818182,2,5,0,2,2,3,0.2857142857142857,35389440,1.6
20,253,5,0,5,0,0.734498055,3,0.3,2,3,0.4,2,3,0,0,2,3,0.4,21233664,0.6
20,254,3,3,0,2,1.265073001,3,0.3,0,3,0.0,0,3,0,3,0,0,0.0,21233664,0.6
20,255,2,0,2,0,0.446373194,2,0.2,0,2,0.0,0,2,0,0,0,2,0.0,14155776,0.2
21,3,1,1,0,0,0.168936104,1,0.1,0,1,0.0,0,1,0,1,0,0,0.0,7077888,0.0
21,4,4,0,4,0,0.799059451,3,0.3,1,3,0.25,1,3,0,0,1,3,0.25,21233664,0.6
21,5,5,3,2,1,1.4647822529999999,3,0.3,0,5,0.0,0,4,0,2,0,2,0.0,28311552,0.8999999999999999
21,6,18,16,2,3,4.63246613,3,0.3,14,4,0.7777777777777778,1,3,1,1,0,2,0.25,21233664,0.6
21,7,9,6,3,1,2.200584889,5,0.5,0,9,0.0,0,8,0,5,0,3,0.0,56623104,3.5
21,8,2,2,0,0,0.37562461199999997,2,0.2,0,2,0.0,0,2,0,2,0,0,0.0,14155776,0.2
21,9,13,5,8,3,3.7775228770000004,5,0.5,6,7,0.46153846153846156,6,7,1,4,5,3,0.46153846153846156,49545216,3.0
21,10,12,5,7,2,3.2024537170000005,3,0.3,5,7,0.4166666666666667,5,5,0,3,5,2,0.5,35389440,1.2
21,11,7,5,2,0,1.681573094,3,0.3,0,7,0.0,0,5,0,3,0,2,0.0,35389440,1.2
21,13,17,8,9,0,3.3803602759999993,6,0.6,7,10,0.4117647058823529,5,7,1,2,4,5,0.4166666666666667,49545216,3.5999999999999996
21,15,10,10,0,4,3.499326616,1,0.1,0,10,0.0,0,1,0,1,0,0,0.0,7077888,0.0
21,16,6,6,0,1,1.4565432079999998,2,0.2,0,6,0.0,0,2,0,2,0,0,0.0,14155776,0.2
21,17,52,36,16,7,12.938473295999998,10,1.0,18,34,0.34615384615384615,17,9,1,9,16,0,0.6538461538461539,63700992,8.0
21,21,2,2,0,0,0.387365147,2,0.2,0,2,0.0,0,2,0,2,0,0,0.0,14155776,0.2
21,22,43,43,0,8,10.827906044999997,9,0.9,3,40,0.06976744186046512,1,8,1,8,0,0,0.1111111111111111,56623104,6.3
21,23,15,5,10,2,3.7735779720000004,2,0.2,11,4,0.7333333333333333,10,2,1,1,9,1,0.8333333333333334,14155776,0.2
21,25,1,0,1,0,0.165825099,1,0.1,0,1,0.0,0,1,0,0,0,1,0.0,7077888,0.0
21,26,7,1,6,0,1.1586454649999998,4,0.4,2,5,0.2857142857142857,2,5,0,1,2,4,0.2857142857142857,35389440,1.6
21,28,63,36,27,2,16.410343868,10,1.0,41,22,0.6507936507936508,29,8,4,6,25,2,0.7837837837837838,56623104,7.0
21,30,15,9,6,5,4.25939347,9,0.9,3,12,0.2,2,12,2,6,0,6,0.14285714285714285,84934656,9.9
21,32,4,1,3,0,0.794164211,1,0.1,1,3,0.25,1,3,0,1,1,2,0.25,21233664,0.2
21,34,20,15,5,7,5.5577185569999985,10,1.0,1,19,0.05,1,13,1,8,0,5,0.07142857142857142,92012544,12.0
21,35,5,2,3,0,0.8698527809999999,4,0.4,0,5,0.0,0,4,0,1,0,3,0.0,28311552,1.2000000000000002
21,36,1,0,1,0,0.142917052,1,0.1,0,1,0.0,0,1,0,0,0,1,0.0,7077888,0.0
21,37,10,10,0,0,0.19139046229999998,10,1.0,0,10,0.0,0,10,0,10,0,0,0.0,70778880,9.0
21,38,10,7,3,1,2.4171072849999997,3,0.3,5,5,0.5,2,4,1,2,1,2,0.3333333333333333,28311552,0.8999999999999999
21,42,4,0,4,0,1.030003593,2,0.2,1,3,0.25,1,3,0,0,1,3,0.25,21233664,0.4
21,43,20,12,8,0,2.8777044184,8,0.8,6,14,0.3,5,10,1,6,4,4,0.3333333333333333,70778880,7.2
21,45,2,1,1,0,0.319798917,2,0.2,0,2,0.0,0,2,0,1,0,1,0.0,14155776,0.2
21,46,6,0,6,0,1.292396411,5,0.5,1,5,0.16666666666666666,1,5,0,0,1,5,0.16666666666666666,35389440,2.0
21,47,5,1,4,0,1.129796028,3,0.3,2,3,0.4,2,3,0,1,2,2,0.4,21233664,0.6
21,49,135,81,54,54,47.45029765709999,10,1.0,120,15,0.8888888888888888,55,9,9,1,46,8,0.859375,63700992,8.0
21,50,16,15,1,2,3.4247151,7,0.7,0,16,0.0,0,8,0,7,0,1,0.0,56623104,4.8999999999999995
21,52,7,4,3,0,1.1949311200000001,2,0.2,2,5,0.2857142857142857,2,2,0,1,2,1,0.5,14155776,0.2
21,53,23,11,12,8,6.755710004999999,1,0.1,12,11,0.5217391304347826,12,1,0,1,12,0,0.9230769230769231,7077888,0.0
21,54,6,1,5,0,1.0683013645,3,0.3,2,4,0.3333333333333333,2,4,0,1,2,3,0.3333333333333333,28311552,0.8999999999999999
21,55,5,3,2,0,0.7947442530000001,5,0.5,1,4,0.2,1,4,1,2,0,2,0.2,28311552,1.5
21,56,13,10,3,0,2.161476024,4,0.4,0,13,0.0,0,6,0,3,0,3,0.0,42467328,2.0
21,57,4,2,2,0,0.955301389,2,0.2,1,3,0.25,1,3,0,2,1,1,0.25,21233664,0.4
21,58,1,1,0,0,0.148117319,1,0.1,0,1,0.0,0,1,0,1,0,0,0.0,7077888,0.0
21,61,5,4,1,0,0.76730407,3,0.3,0,5,0.0,0,4,0,3,0,1,0.0,28311552,0.8999999999999999
21,62,97,69,28,25,27.719329662200003,10,1.0,71,26,0.7319587628865979,26,12,8,2,18,10,0.6842105263157895,84934656,11.0
21,65,17,9,8,0,3.329630316999999,5,0.5,5,12,0.29411764705882354,5,8,0,5,5,3,0.38461538461538464,56623104,3.5
21,66,7,5,2,0,1.2024401569999998,2,0.2,0,7,0.0,0,4,0,2,0,2,0.0,28311552,0.6000000000000001
21,68,58,44,14,7,15.44028437,5,0.5,12,46,0.20689655172413793,12,7,0,5,12,2,0.631578947368421,49545216,3.0
21,69,2,2,0,0,0.427223593,1,0.1,0,2,0.0,0,1,0,1,0,0,0.0,7077888,0.0
21,72,7,6,1,0,1.399089545,5,0.5,0,7,0.0,0,6,0,5,0,1,0.0,42467328,2.5
21,73,2,0,2,0,0.575140059,1,0.1,1,1,0.5,1,1,0,0,1,1,0.5,7077888,0.0
21,75,99,66,33,7,20.865715385099993,10,1.0,60,39,0.6060606060606061,35,8,5,5,30,3,0.813953488372093,56623104,7.0
21,76,3,1,2,0,0.479882538,3,0.3,0,3,0.0,0,3,0,1,0,2,0.0,21233664,0.6
21,78,1,1,0,0,0.175296828,1,0.1,0,1,0.0,0,1,0,1,0,0,0.0,7077888,0.0
21,80,7,3,4,1,1.8429531749999999,6,0.6,0,7,0.0,0,7,0,3,0,4,0.0,49545216,3.5999999999999996
21,81,22,16,6,1,4.858650668000001,5,0.5,4,18,0.18181818181818182,4,6,0,4,4,2,0.4,42467328,2.5
21,83,27,15,12,2,5.803148627000001,4,0.4,18,9,0.6666666666666666,9,6,2,1,7,5,0.6,42467328,2.0
21,84,4,0,4,0,0.609859073,4,0.4,0,4,0.0,0,4,0,0,0,4,0.0,28311552,1.2000000000000002
21,85,11,6,5,2,2.5524772419999997,3,0.3,3,8,0.2727272727272727,3,5,0,3,3,2,0.375,35389440,1.2
21,86,23,11,12,0,3.3994960350000003,10,1.0,12,11,0.5217391304347826,11,11,5,5,6,6,0.5,77856768,10.0
21,89,14,13,1,3,3.5733439919999994,4,0.4,0,14,0.0,0,5,0,4,0,1,0.0,35389440,1.6
21,91,2,0,2,0,0.463013678,1,0.1,0,2,0.0,0,2,0,0,0,2,0.0,14155776,0.1
21,92,9,5,4,0,1.8244540100000002,2,0.2,2,7,0.2222222222222222,2,3,0,1,2,2,0.4,21233664,0.4
21,93,3,2,1,1,0.5381110004,3,0.3,0,3,0.0,0,3,0,2,0,1,0.0,21233664,0.6
21,94,12,5,7,1,2.9406725620000005,4,0.4,5,7,0.4166666666666667,5,5,0,3,5,2,0.5,35389440,1.6
21,95,3,3,0,0,0.522463634,1,0.1,0,3,0.0,0,1,0,1,0,0,0.0,7077888,0.0
21,97,3,0,3,0,0.5146782839999999,1,0.1,2,1,0.6666666666666666,2,1,0,0,2,1,0.6666666666666666,7077888,0.0
21,99,7,2,5,0,1.411966369,5,0.5,0,7,0.0,0,6,0,1,0,5,0.0,42467328,2.5
21,100,2,2,0,0,0.29722239100000003,1,0.1,0,2,0.0,0,1,0,1,0,0,0.0,7077888,0.0
21,101,13,9,4,4,4.020715596,4,0.4,6,7,0.46153846153846156,4,4,2,2,2,2,0.5,28311552,1.2000000000000002
21,102,15,9,6,2,3.5632208739999998,5,0.5,3,12,0.2,3,6,0,3,3,3,0.3333333333333333,42467328,2.5
21,105,53,34,19,5,12.422124656,7,0.7,26,27,0.49056603773584906,20,5,2,4,18,1,0.8,35389440,2.8
21,107,8,8,0,3,2.202717335,1,0.1,0,8,0.0,0,1,0,1,0,0,0.0,7077888,0.0
21,109,21,19,2,0,4.449602841,8,0.8,0,21,0.0,0,10,0,8,0,2,0.0,70778880,7.2
21,110,4,4,0,0,0.61485514,2,0.2,0,4,0.0,0,2,0,2,0,0,0.0,14155776,0.2
21,111,4,2,2,0,0.634553552,4,0.4,1,3,0.25,1,3,1,1,0,2,0.25,21233664,0.8
21,113,3,0,3,0,0.47409008399999997,2,0.2,1,2,0.3333333333333333,1,2,0,0,1,2,0.3333333333333333,14155776,0.2
21,115,7,4,3,0,1.60877934,4,0.4,1,6,0.14285714285714285,1,4,0,2,1,2,0.2,28311552,1.2000000000000002
21,118,1,1,0,0,0.0729533732,1,0.1,0,1,0.0,0,1,0,1,0,0,0.0,7077888,0.0
21,119,13,8,5,4,4.003542153,4,0.4,1,12,0.07692307692307693,1,7,0,3,1,4,0.125,49545216,2.4000000000000004
21,120,15,4,11,0,2.5071118839999995,3,0.3,11,4,0.7333333333333333,10,3,1,1,9,2,0.7692307692307693,21233664,0.6
21,122,15,3,12,1,3.4939090459999997,3,0.3,11,4,0.7333333333333333,10,4,1,1,9,3,0.7142857142857143,28311552,0.8999999999999999
21,123,2,1,1,0,0.357126728,2,0.2,0,2,0.0,0,2,0,1,0,1,0.0,14155776,0.2
21,124,3,0,3,0,0.741915286,1,0.1,2,1,0.6666666666666666,2,1,0,0,2,1,0.6666666666666666,7077888,0.0
21,125,40,18,22,5,10.810926126000002,5,0.5,21,19,0.525,21,5,1,3,20,2,0.8076923076923077,35389440,2.0
21,127,1,0,1,0,0.205142498,1,0.1,0,1,0.0,0,1,0,0,0,1,0.0,7077888,0.0
21,128,4,1,3,0,0.7169623970000001,3,0.3,1,3,0.25,1,3,0,1,1,2,0.25,21233664,0.6
21,129,2,0,2,0,0.405542135,2,0.2,0,2,0.0,0,2,0,0,0,2,0.0,14155776,0.2
21,130,2,0,2,0,0.36469098899999997,2,0.2,0,2,0.0,0,2,0,0,0,2,0.0,14155776,0.2
21,131,72,36,36,23,21.552980499999997,10,1.0,42,30,0.5833333333333334,33,13,5,5,28,8,0.717391304347826,92012544,12.0
21,134,29,13,16,3,7.268606269999999,3,0.3,14,15,0.4827586206896552,14,5,0,3,14,2,0.7368421052631579,35389440,1.2
21,135,3,3,0,0,0.47179083499999996,2,0.2,0,3,0.0,0,2,0,2,0,0,0.0,14155776,0.2
21,136,8,5,3,1,2.27744776,4,0.4,2,6,0.25,2,5,2,2,0,3,0.2857142857142857,35389440,1.6
21,138,7,4,3,0,1.386026845,4,0.4,0,7,0.0,0,6,0,3,0,3,0.0,42467328,2.0
21,139,32,20,12,0,6.419797688999998,7,0.7,16,16,0.5,13,6,2,5,11,1,0.6842105263157895,42467328,3.5
21,141,13,9,4,1,3.1136514400000004,7,0.7,2,11,0.15384615384615385,2,8,0,6,2,2,0.2,56623104,4.8999999999999995
21,143,4,2,2,1,0.996496349,2,0.2,0,4,0.0,0,3,0,1,0,2,0.0,21233664,0.4
21,144,3,3,0,0,0.5808575300000001,1,0.1,0,3,0.0,0,1,0,1,0,0,0.0,7077888,0.0
21,145,294,170,124,90,83.65294652300008,10,1.0,247,47,0.8401360544217688,132,2,8,2,124,0,0.9850746268656716,14155776,1.0
21,146,87,41,46,16,21.867122844300003,8,0.8,57,30,0.6551724137931034,46,7,3,4,43,3,0.8679245283018868,49545216,4.800000000000001
21,148,17,7,10,1,4.015576988,2,0.2,7,10,0.4117647058823529,7,4,0,1,7,3,0.6363636363636364,28311552,0.6000000000000001
21,150,3,1,2,0,0.498332814,2,0.2,1,2,0.3333333333333333,1,2,0,1,1,1,0.3333333333333333,14155776,0.2
21,151,26,20,6,5,6.727958872999998,7,0.7,10,16,0.38461538461538464,5,8,1,6,4,2,0.38461538461538464,56623104,4.8999999999999995
21,152,5,0,5,0,0.885429815,3,0.3,2,3,0.4,2,3,0,0,2,3,0.4,21233664,0.6
21,153,5,2,3,0,0.9905787709999999,2,0.2,0,5,0.0,0,4,0,1,0,3,0.0,28311552,0.6000000000000001
21,155,9,2,7,1,1.940409259,3,0.3,4,5,0.4444444444444444,4,4,0,1,4,3,0.5,28311552,0.8999999999999999
21,156,20,12,8,5,5.978800580999999,6,0.6,4,16,0.2,4,9,0,5,4,4,0.3076923076923077,63700992,4.8
21,157,22,14,8,10,7.495960235,5,0.5,12,10,0.5454545454545454,6,7,1,4,5,3,0.46153846153846156,49545216,3.0
21,158,1,0,1,0,0.141153887,1,0.1,0,1,0.0,0,1,0,0,0,1,0.0,7077888,0.0
21,160,2,0,2,0,0.275038511,2,0.2,0,2,0.0,0,2,0,0,0,2,0.0,14155776,0.2
21,161,5,0,5,0,1.2846698170000002,1,0.1,4,1,0.8,4,1,0,0,4,1,0.8,7077888,0.0
21,163,3,2,1,0,0.3700526504,3,0.3,1,2,0.3333333333333333,1,2,1,1,0,1,0.3333333333333333,14155776,0.3
21,165,1,1,0,0,0.132835478,1,0.1,0,1,0.0,0,1,0,1,0,0,0.0,7077888,0.0
21,166,3,0,3,1,0.787989616,2,0.2,1,2,0.3333333333333333,1,2,0,0,1,2,0.3333333333333333,14155776,0.2
21,167,64,57,7,11,13.839413881900006,10,1.0,4,60,0.0625,4,13,0,10,4,3,0.23529411764705882,92012544,12.0
21,168,11,8,3,0,1.96237196,6,0.6,1,10,0.09090909090909091,1,6,0,4,1,2,0.14285714285714285,42467328,3.0
21,169,64,50,14,2,13.322521766000001,9,0.9,28,36,0.4375,14,8,3,5,11,3,0.6363636363636364,56623104,6.3
21,172,3,0,3,0,0.6179436739999999,1,0.1,1,2,0.3333333333333333,1,2,0,0,1,2,0.3333333333333333,14155776,0.1
21,173,4,1,3,1,0.9382990439999999,3,0.3,1,3,0.25,1,3,0,1,1,2,0.25,21233664,0.6
21,175,1,0,1,0,0.187744677,1,0.1,0,1,0.0,0,1,0,0,0,1,0.0,7077888,0.0
21,176,14,3,11,4,4.036823182999999,5,0.5,5,9,0.35714285714285715,5,7,0,1,5,6,0.4166666666666667,49545216,3.0
21,177,19,17,2,10,15.5406721641,10,1.0,1,18,0.05263157894736842,1,11,0,10,1,1,0.08333333333333333,77856768,10.0
21,178,1,1,0,0,0.140392661,1,0.1,0,1,0.0,0,1,0,1,0,0,0.0,7077888,0.0
21,179,18,13,5,1,4.307242274,5,0.5,12,6,0.6666666666666666,5,5,2,3,3,2,0.5,35389440,2.0
21,181,4,1,3,0,0.8803879920000001,1,0.1,2,2,0.5,2,2,0,1,2,1,0.5,14155776,0.1
21,182,4,0,4,0,0.7268412850000001,1,0.1,1,3,0.25,1,3,0,0,1,3,0.25,21233664,0.2
21,183,5,2,3,0,1.252835871,2,0.2,2,3,0.4,2,3,0,2,2,1,0.4,21233664,0.4
21,184,45,45,0,1,7.7965495270000025,10,1.0,0,45,0.0,0,10,0,10,0,0,0.0,70778880,9.0
21,188,7,0,7,2,1.963828668,2,0.2,3,4,0.42857142857142855,3,4,0,0,3,4,0.42857142857142855,28311552,0.6000000000000001
21,189,4,0,4,4,1.685049475,1,0.1,3,1,0.75,3,1,0,0,3,1,0.75,7077888,0.0
21,190,3,0,3,0,0.665886999,3,0.3,0,3,0.0,0,3,0,0,0,3,0.0,21233664,0.6
21,192,11,8,3,0,1.831917019,3,0.3,2,9,0.18181818181818182,2,4,0,3,2,1,0.3333333333333333,28311552,0.8999999999999999
21,193,27,23,4,0,6.287327471,8,0.8,4,23,0.14814814814814814,3,9,1,7,2,2,0.25,63700992,6.4
21,194,8,4,4,0,1.95172435,4,0.4,2,6,0.25,2,6,0,4,2,2,0.25,42467328,2.0
21,195,1,0,1,0,0.217501223,1,0.1,0,1,0.0,0,1,0,0,0,1,0.0,7077888,0.0
21,198,15,9,6,1,3.6793586770000006,5,0.5,8,7,0.5333333333333333,4,5,2,1,2,4,0.4444444444444444,35389440,2.0
21,199,3,0,3,0,0.495419756,3,0.3,0,3,0.0,0,3,0,0,0,3,0.0,21233664,0.6
21,200,1,0,1,0,0.179994389,1,0.1,0,1,0.0,0,1,0,0,0,1,0.0,7077888,0.0
21,201,14,1,13,1,3.4941799940000005,2,0.2,12,2,0.8571428571428571,12,2,0,1,12,1,0.8571428571428571,14155776,0.2
21,202,43,21,22,1,8.3998042345,10,1.0,27,16,0.627906976744186,22,10,6,4,16,6,0.6875,70778880,9.0
21,203,13,3,10,5,4.113546745000001,4,0.4,4,9,0.3076923076923077,4,7,0,1,4,6,0.36363636363636365,49545216,2.4000000000000004
21,204,17,6,11,4,4.007047729,1,0.1,9,8,0.5294117647058824,9,3,0,1,9,2,0.75,21233664,0.2
21,205,12,3,9,0,2.258836314,6,0.6,3,9,0.25,3,8,1,1,2,7,0.2727272727272727,56623104,4.2
21,207,22,2,20,15,7.555131017000001,2,0.2,19,3,0.8636363636363636,19,3,0,2,19,1,0.8636363636363636,21233664,0.4
21,208,1,1,0,0,0.227502733,1,0.1,0,1,0.0,0,1,0,1,0,0,0.0,7077888,0.0
21,210,45,26,19,16,14.228661657,7,0.7,30,15,0.6666666666666666,18,8,3,4,15,4,0.6923076923076923,56623104,4.8999999999999995
21,211,27,23,4,2,3.3805287028999995,10,1.0,3,24,0.1111111111111111,2,12,1,9,1,3,0.14285714285714285,84934656,11.0
21,212,1,0,1,0,0.250317425,1,0.1,0,1,0.0,0,1,0,0,0,1,0.0,7077888,0.0
21,213,7,0,7,0,1.090599678,4,0.4,3,4,0.42857142857142855,3,4,0,0,3,4,0.42857142857142855,28311552,1.2000000000000002
21,217,2,1,1,0,0.36285167900000004,2,0.2,0,2,0.0,0,2,0,1,0,1,0.0,14155776,0.2
21,218,1,0,1,0,0.163443387,1,0.1,0,1,0.0,0,1,0,0,0,1,0.0,7077888,0.0
21,219,15,12,3,5,4.215450586,5,0.5,1,14,0.06666666666666667,1,7,0,5,1,2,0.125,49545216,3.0
21,221,5,1,4,0,0.896037549,3,0.3,0,5,0.0,0,5,0,1,0,4,0.0,35389440,1.2
21,222,11,11,0,0,0.31296738999999996,10,1.0,0,11,0.0,0,10,0,10,0,0,0.0,70778880,9.0
21,225,9,5,4,0,1.6866821790000002,2,0.2,1,8,0.1111111111111111,1,5,0,2,1,3,0.16666666666666666,35389440,0.8
21,227,13,9,4,1,2.7598262430000005,5,0.5,3,10,0.23076923076923078,3,6,0,5,3,1,0.3333333333333333,42467328,2.5
21,228,3,1,2,0,0.636895627,2,0.2,0,3,0.0,0,3,0,1,0,2,0.0,21233664,0.4
21,230,2,0,2,0,0.312757343,1,0.1,0,2,0.0,0,2,0,0,0,2,0.0,14155776,0.1
21,231,15,11,4,0,2.0453700727000004,7,0.7,2,13,0.13333333333333333,2,9,0,7,2,2,0.18181818181818182,63700992,5.6
21,232,2,0,2,0,0.446072742,1,0.1,1,1,0.5,1,1,0,0,1,1,0.5,7077888,0.0
21,234,3,2,1,1,0.7486020179999999,2,0.2,0,3,0.0,0,2,0,1,0,1,0.0,14155776,0.2
21,235,1,0,1,0,0.101590216,1,0.1,0,1,0.0,0,1,0,0,0,1,0.0,7077888,0.0
21,236,10,6,4,0,1.824640826,2,0.2,3,7,0.3,3,3,0,2,3,1,0.5,21233664,0.4
21,238,11,8,3,0,2.519133642,4,0.4,0,11,0.0,0,7,0,4,0,3,0.0,49545216,2.4000000000000004
21,239,2,0,2,0,0.333467185,2,0.2,0,2,0.0,0,2,0,0,0,2,0.0,14155776,0.2
21,240,13,13,0,0,0.7174325202,10,1.0,0,13,0.0,0,10,0,10,0,0,0.0,70778880,9.0
21,242,7,3,4,0,1.4175176319999998,2,0.2,2,5,0.2857142857142857,2,3,0,1,2,2,0.4,21233664,0.4
21,243,25,12,13,6,7.088867394999998,10,1.0,12,13,0.48,12,11,7,3,5,8,0.5217391304347826,77856768,10.0
21,244,1,0,1,0,0.246061385,1,0.1,0,1,0.0,0,1,0,0,0,1,0.0,7077888,0.0
21,245,15,12,3,6,4.343123853,5,0.5,3,12,0.2,1,7,1,4,0,3,0.125,49545216,3.0
21,247,16,5,11,4,5.2538135200000005,2,0.2,8,8,0.5,8,4,0,1,8,3,0.6666666666666666,28311552,0.6000000000000001
21,250,4,0,4,0,0.91742982,1,0.1,3,1,0.75,3,1,0,0,3,1,0.75,7077888,0.0
21,251,4,2,2,0,0.9401798539999999,3,0.3,1,3,0.25,1,3,0,2,1,1,0.25,21233664,0.6
21,252,15,6,9,2,3.4359902430000004,6,0.6,4,11,0.26666666666666666,4,10,0,5,4,5,0.2857142857142857,70778880,5.3999999999999995
21,254,4,2,2,0,0.8055440190000001,4,0.4,0,4,0.0,0,4,0,2,0,2,0.0,28311552,1.2000000000000002
22,0,79,62,17,10,17.658783437699995,10,1.0,28,51,0.35443037974683544,17,10,4,6,13,4,0.6296296296296297,70778880,9.0
22,1,10,4,6,1,1.8810207860000001,4,0.4,4,6,0.4,4,5,1,2,3,3,0.4444444444444444,35389440,1.6
22,2,3,0,3,0,0.793713883,1,0.1,1,2,0.3333333333333333,1,2,0,0,1,2,0.3333333333333333,14155776,0.1
22,3,8,5,3,1,2.057238221,4,0.4,3,5,0.375,3,4,1,3,2,1,0.42857142857142855,28311552,1.2000000000000002
22,4,2,0,2,0,0.35371686599999996,2,0.2,0,2,0.0,0,2,0,0,0,2,0.0,14155776,0.2
22,8,5,1,4,2,1.462223769,1,0.1,3,2,0.6,3,2,0,1,3,1,0.6,14155776,0.1
22,10,3,3,0,0,0.615833818,3,0.3,0,3,0.0,0,3,0,3,0,0,0.0,21233664,0.6
22,12,2,1,1,0,0.327818752,2,0.2,0,2,0.0,0,2,0,1,0,1,0.0,14155776,0.2
22,14,11,4,7,0,1.886668815,7,0.7,4,7,0.36363636363636365,4,7,1,3,3,4,0.36363636363636365,49545216,4.199999999999999
22,16,1,1,0,0,0.106368363,1,0.1,0,1,0.0,0,1,0,1,0,0,0.0,7077888,0.0
22,17,7,5,2,1,1.8851461409999999,6,0.6,0,7,0.0,0,6,0,4,0,2,0.0,42467328,3.0
22,18,21,13,8,3,5.568405823,3,0.3,6,15,0.2857142857142857,6,5,0,3,6,2,0.5454545454545454,35389440,1.2
22,20,1,0,1,0,0.254933387,1,0.1,0,1,0.0,0,1,0,0,0,1,0.0,7077888,0.0
22,21,4,2,2,0,0.599322535,2,0.2,1,3,0.25,1,3,0,2,1,1,0.25,21233664,0.4
22,22,2,0,2,0,0.321544603,2,0.2,0,2,0.0,0,2,0,0,0,2,0.0,14155776,0.2
22,23,16,9,7,2,3.4531115750000003,6,0.6,2,14,0.125,2,10,1,4,1,6,0.16666666666666666,70778880,5.3999999999999995
22,24,14,7,7,1,3.3483125260000004,1,0.1,7,7,0.5,7,1,0,1,7,0,0.875,7077888,0.0
22,25,4,3,1,0,0.9686151299999999,3,0.3,0,4,0.0,0,3,0,2,0,1,0.0,21233664,0.6
22,27,4,1,3,2,1.385075271,2,0.2,2,2,0.5,2,2,0,1,2,1,0.5,14155776,0.2
22,28,4,4,0,0,0.746330991,2,0.2,0,4,0.0,0,2,0,2,0,0,0.0,14155776,0.2
22,30,1,1,0,0,0.152404934,1,0.1,0,1,0.0,0,1,0,1,0,0,0.0,7077888,0.0
22,31,10,7,3,0,1.7381864790000001,4,0.4,2,8,0.2,2,4,1,2,1,2,0.3333333333333333,28311552,1.2000000000000002
22,33,12,6,6,3,3.2668532130000005,5,0.5,2,10,0.16666666666666666,2,7,0,3,2,4,0.2222222222222222,49545216,3.0
22,35,2,0,2,0,0.368484885,1,0.1,1,1,0.5,1,1,0,0,1,1,0.5,7077888,0.0
22,37,23,22,1,1,6.450406716999999,10,1.0,0,23,0.0,0,11,0,10,0,1,0.0,77856768,10.0
22,38,10,10,0,0,0.11681484149999999,10,1.0,0,10,0.0,0,10,0,10,0,0,0.0,70778880,9.0
22,39,4,0,4,1,1.218575596,1,0.1,3,1,0.75,3,1,0,0,3,1,0.75,7077888,0.0
22,40,3,0,3,0,0.636054918,3,0.3,0,3,0.0,0,3,0,0,0,3,0.0,21233664,0.6
22,42,3,3,0,0,0.6686646940000001,2,0.2,0,3,0.0,0,2,0,2,0,0,0.0,14155776,0.2
22,43,7,4,3,0,1.3368354439999999,2,0.2,1,6,0.14285714285714285,1,3,0,1,1,2,0.25,21233664,0.4
22,44,5,3,2,0,0.5422634559,4,0.4,0,5,0.0,0,4,0,2,0,2,0.0,28311552,1.2000000000000002
22,46,11,2,9,3,3.051348164,2,0.2,7,4,0.6363636363636364,7,3,0,1,7,2,0.7,21233664,0.4
22,48,8,5,3,2,2.460097878,5,0.5,1,7,0.125,1,6,1,3,0,3,0.14285714285714285,42467328,2.5
22,49,3,1,2,0,0.563879311,1,0.1,0,3,0.0,0,3,0,1,0,2,0.0,21233664,0.2
22,50,7,5,2,0,1.369103758,4,0.4,1,6,0.14285714285714285,1,5,0,4,1,1,0.16666666666666666,35389440,1.6
22,51,9,4,5,4,2.676711814,4,0.4,2,7,0.2222222222222222,2,6,0,3,2,3,0.25,42467328,2.0
22,52,37,19,18,4,8.777188525999998,10,1.0,18,19,0.4864864864864865,14,13,2,7,12,6,0.5185185185185185,92012544,12.0
22,53,10,6,4,1,2.274760514,2,0.2,1,9,0.1,1,5,0,2,1,3,0.16666666666666666,35389440,0.8
22,55,3,1,2,0,0.654701172,1,0.1,1,2,0.3333333333333333,1,2,0,1,1,1,0.3333333333333333,14155776,0.1
22,56,6,2,4,0,1.238780663,1,0.1,3,3,0.5,3,2,0,1,3,1,0.6,14155776,0.1
22,59,11,0,11,0,2.2896041649999996,6,0.6,5,6,0.45454545454545453,5,6,0,0,5,6,0.45454545454545453,42467328,3.0
22,60,2,0,2,0,0.510029376,1,0.1,1,1,0.5,1,1,0,0,1,1,0.5,7077888,0.0
22,61,24,15,9,3,5.6431827265,4,0.4,8,16,0.3333333333333333,8,5,0,4,8,1,0.6153846153846154,35389440,1.6
22,62,2,2,0,0,0.47337900099999997,1,0.1,0,2,0.0,0,1,0,1,0,0,0.0,7077888,0.0
22,63,7,5,2,0,1.592684612,2,0.2,1,6,0.14285714285714285,1,3,0,2,1,1,0.25,21233664,0.4
22,64,47,36,11,6,11.554972907999996,10,1.0,14,33,0.2978723404255319,10,11,1,9,9,2,0.47619047619047616,77856768,10.0
22,65,1,0,1,0,0.138734281,1,0.1,0,1,0.0,0,1,0,0,0,1,0.0,7077888,0.0
22,66,89,17,72,5,19.307891346999988,9,0.9,79,10,0.8876404494382022,73,5,4,2,69,3,0.9358974358974359,35389440,3.6
22,67,24,14,10,0,2.7209220482000003,10,1.0,9,15,0.375,8,12,1,9,7,3,0.4,84934656,11.0
22,68,2,2,0,0,0.270825132,2,0.2,0,2,0.0,0,2,0,2,0,0,0.0,14155776,0.2
22,69,7,0,7,0,1.447145462,3,0.3,3,4,0.42857142857142855,3,4,0,0,3,4,0.42857142857142855,28311552,0.8999999999999999
22,71,38,16,22,10,10.782485677,1,0.1,22,16,0.5789473684210527,22,1,0,1,22,0,0.9565217391304348,7077888,0.0
22,72,2,1,1,0,0.33708070199999995,2,0.2,0,2,0.0,0,2,0,1,0,1,0.0,14155776,0.2
22,73,4,4,0,0,0.736714884,1,0.1,0,4,0.0,0,1,0,1,0,0,0.0,7077888,0.0
22,74,17,0,17,5,4.94004464,7,0.7,8,9,0.47058823529411764,8,9,0,0,8,9,0.47058823529411764,63700992,5.6
22,75,4,0,4,0,1.0133514410000002,3,0.3,0,4,0.0,0,4,0,0,0,4,0.0,28311552,0.8999999999999999
22,76,16,12,4,7,5.008220537000001,5,0.5,1,15,0.0625,1,7,0,4,1,3,0.125,49545216,3.0
22,78,5,0,5,0,0.8810096829999999,1,0.1,3,2,0.6,3,2,0,0,3,2,0.6,14155776,0.1
22,79,20,0,20,4,5.091762587000001,3,0.3,15,5,0.75,15,5,0,0,15,5,0.75,35389440,1.2
22,80,9,3,6,2,1.971802741,3,0.3,3,6,0.3333333333333333,3,5,0,2,3,3,0.375,35389440,1.2
22,81,5,1,4,0,1.185986683,3,0.3,2,3,0.4,2,3,0,1,2,2,0.4,21233664,0.6
22,82,12,10,2,0,0.507800126,10,1.0,1,11,0.08333333333333333,1,11,0,10,1,1,0.08333333333333333,77856768,10.0
22,83,2,0,2,0,0.34114132799999997,1,0.1,1,1,0.5,1,1,0,0,1,1,0.5,7077888,0.0
22,86,1,1,0,0,0.15676114,1,0.1,0,1,0.0,0,1,0,1,0,0,0.0,7077888,0.0
22,87,2,2,0,0,0.34041123100000004,1,0.1,0,2,0.0,0,1,0,1,0,0,0.0,7077888,0.0
22,88,1,1,0,0,0.182519868,1,0.1,0,1,0.0,0,1,0,1,0,0,0.0,7077888,0.0
22,89,3,1,2,0,0.488335073,2,0.2,0,3,0.0,0,3,0,1,0,2,0.0,21233664,0.4
22,91,22,12,10,6,6.267268555,3,0.3,15,7,0.6818181818181818,8,5,2,1,6,4,0.6153846153846154,35389440,1.2
22,92,3,3,0,0,0.435370751,1,0.1,0,3,0.0,0,1,0,1,0,0,0.0,7077888,0.0
22,96,7,2,5,0,1.1189061089999999,6,0.6,0,7,0.0,0,6,0,1,0,5,0.0,42467328,3.0
22,98,2,2,0,0,0.2449832706,2,0.2,0,2,0.0,0,2,0,2,0,0,0.0,14155776,0.2
22,99,17,7,10,4,4.045672275,5,0.5,8,9,0.47058823529411764,8,7,1,4,7,3,0.5333333333333333,49545216,3.0
22,100,16,14,2,4,4.5265089876,4,0.4,1,15,0.0625,1,4,0,3,1,1,0.2,28311552,1.2000000000000002
22,101,7,7,0,0,1.347694189,2,0.2,0,7,0.0,0,2,0,2,0,0,0.0,14155776,0.2
22,103,5,3,2,0,1.021165863,4,0.4,0,5,0.0,0,5,0,3,0,2,0.0,35389440,1.6
22,104,6,0,6,0,1.5669470890000001,1,0.1,4,2,0.6666666666666666,4,2,0,0,4,2,0.6666666666666666,14155776,0.1
22,105,4,1,3,0,1.299322873,3,0.3,1,3,0.25,1,3,0,1,1,2,0.25,21233664,0.6
22,106,16,9,7,0,2.6978674689999997,8,0.8,10,6,0.625,7,6,4,2,3,4,0.5384615384615384,42467328,4.0
22,107,13,11,2,1,2.4976698369999997,7,0.7,3,10,0.23076923076923078,2,7,2,5,0,2,0.2222222222222222,49545216,4.199999999999999
22,110,6,6,0,0,0.7232228669,5,0.5,0,6,0.0,0,5,0,5,0,0,0.0,35389440,2.0
22,112,18,4,14,0,3.299271227,6,0.6,10,8,0.5555555555555556,10,7,1,2,9,5,0.5882352941176471,49545216,3.5999999999999996
22,113,19,3,16,0,4.048154444999999,1,0.1,15,4,0.7894736842105263,15,2,0,1,15,1,0.8823529411764706,14155776,0.1
22,114,15,13,2,0,2.7772664280000003,6,0.6,0,15,0.0,0,8,0,6,0,2,0.0,56623104,4.2
22,115,1,0,1,0,0.158081263,1,0.1,0,1,0.0,0,1,0,0,0,1,0.0,7077888,0.0
22,117,16,10,6,3,4.158290014000001,10,1.0,6,10,0.375,6,9,5,4,1,5,0.4,63700992,8.0
22,119,312,202,110,63,89.55686710800002,10,1.0,291,21,0.9326923076923077,114,6,9,1,105,5,0.95,42467328,5.0
22,122,16,14,2,5,4.567929862999999,7,0.7,1,15,0.0625,1,8,1,6,0,2,0.1111111111111111,56623104,4.8999999999999995
22,123,2,1,1,0,0.281443939,2,0.2,0,2,0.0,0,2,0,1,0,1,0.0,14155776,0.2
22,125,21,10,11,5,5.382314593,8,0.8,8,13,0.38095238095238093,8,8,1,4,7,4,0.5,56623104,5.6000000000000005
22,126,10,8,2,1,1.8243235422,3,0.3,1,9,0.1,1,4,0,3,1,1,0.2,28311552,0.8999999999999999
22,127,1,0,1,1,0.365262121,1,0.1,0,1,0.0,0,1,0,0,0,1,0.0,7077888,0.0
22,128,6,0,6,0,0.96100156,3,0.3,2,4,0.3333333333333333,2,4,0,0,2,4,0.3333333333333333,28311552,0.8999999999999999
22,130,4,1,3,1,1.093425124,1,0.1,2,2,0.5,2,2,0,1,2,1,0.5,14155776,0.1
22,131,1,0,1,0,0.274667263,1,0.1,0,1,0.0,0,1,0,0,0,1,0.0,7077888,0.0
22,132,2,0,2,0,0.314942405,1,0.1,1,1,0.5,1,1,0,0,1,1,0.5,7077888,0.0
22,133,9,4,5,0,2.394662574,2,0.2,2,7,0.2222222222222222,2,4,0,1,2,3,0.3333333333333333,28311552,0.6000000000000001
22,134,10,6,4,1,2.3914262070000003,4,0.4,1,9,0.1,1,7,0,4,1,3,0.125,49545216,2.4000000000000004
22,135,40,1,39,6,10.0985056021,8,0.8,31,9,0.775,31,9,1,0,30,9,0.775,63700992,6.4
22,136,2,1,1,0,0.2140098882,2,0.2,0,2,0.0,0,2,0,1,0,1,0.0,14155776,0.2
22,138,11,10,1,4,3.977917716,10,1.0,0,11,0.0,0,11,0,10,0,1,0.0,77856768,10.0
22,144,1,0,1,0,0.275101483,1,0.1,0,1,0.0,0,1,0,0,0,1,0.0,7077888,0.0
22,145,14,10,4,0,2.8516244279999996,5,0.5,2,12,0.14285714285714285,2,7,0,5,2,2,0.2222222222222222,49545216,3.0
22,146,3,1,2,0,0.485185728,2,0.2,1,2,0.3333333333333333,1,2,0,1,1,1,0.3333333333333333,14155776,0.2
22,147,190,189,1,83,66.97021957500002,10,1.0,25,165,0.13157894736842105,1,10,1,9,0,1,0.09090909090909091,70778880,9.0
22,148,1,0,1,0,0.210448503,1,0.1,0,1,0.0,0,1,0,0,0,1,0.0,7077888,0.0
22,149,3,1,2,1,0.846754417,2,0.2,1,2,0.3333333333333333,1,2,0,1,1,1,0.3333333333333333,14155776,0.2
22,150,1,1,0,0,0.222022235,1,0.1,0,1,0.0,0,1,0,1,0,0,0.0,7077888,0.0
22,151,11,4,7,4,2.8906414359999997,3,0.3,8,3,0.7272727272727273,5,3,1,0,4,3,0.625,21233664,0.6
22,152,5,1,4,0,0.764034465,4,0.4,1,4,0.2,1,4,0,1,1,3,0.2,28311552,1.2000000000000002
22,153,83,39,44,21,22.403035205,10,1.0,52,31,0.6265060240963856,45,9,3,7,42,2,0.8333333333333334,63700992,8.0
22,156,64,47,17,1,10.7852642349,10,1.0,25,39,0.390625,16,11,3,7,13,4,0.5925925925925926,77856768,10.0
22,157,14,14,0,0,2.2638085856999997,6,0.6,0,14,0.0,0,6,0,6,0,0,0.0,42467328,3.0
22,158,46,16,30,6,11.044817987,8,0.8,38,8,0.8260869565217391,30,7,5,2,25,5,0.8108108108108109,49545216,4.800000000000001
22,159,14,7,7,9,4.766419336999999,5,0.5,1,13,0.07142857142857142,1,9,0,3,1,6,0.1,63700992,4.0
22,160,11,0,11,1,2.599148096,1,0.1,10,1,0.9090909090909091,10,1,0,0,10,1,0.9090909090909091,7077888,0.0
22,161,29,22,7,2,6.416440201999999,3,0.3,20,9,0.6896551724137931,5,4,1,1,4,3,0.5555555555555556,28311552,0.8999999999999999
22,162,1,0,1,0,0.187724993,1,0.1,0,1,0.0,0,1,0,0,0,1,0.0,7077888,0.0
22,163,12,5,7,1,3.078239367,6,0.6,2,10,0.16666666666666666,2,9,0,4,2,5,0.18181818181818182,63700992,4.8
22,164,5,1,4,0,1.052462846,1,0.1,2,3,0.4,2,3,0,1,2,2,0.4,21233664,0.2
22,165,2,0,2,0,0.450334683,1,0.1,1,1,0.5,1,1,0,0,1,1,0.5,7077888,0.0
22,166,95,88,7,7,19.800093747000002,10,1.0,25,70,0.2631578947368421,8,9,3,7,5,2,0.47058823529411764,63700992,8.0
22,167,1,1,0,0,0.139942482,1,0.1,0,1,0.0,0,1,0,1,0,0,0.0,7077888,0.0
22,169,23,10,13,8,6.4094243340000014,4,0.4,10,13,0.43478260869565216,10,4,0,1,10,3,0.7142857142857143,28311552,1.2000000000000002
22,174,5,4,1,0,0.843876317,2,0.2,0,5,0.0,0,3,0,2,0,1,0.0,21233664,0.4
22,175,10,2,8,0,1.881162152,4,0.4,7,3,0.7,7,3,1,1,6,2,0.7,21233664,0.8
22,177,2,2,0,0,0.277065232,2,0.2,0,2,0.0,0,2,0,2,0,0,0.0,14155776,0.2
22,178,10,10,0,0,0.1671383789,10,1.0,0,10,0.0,0,10,0,10,0,0,0.0,70778880,9.0
22,179,69,41,28,9,16.307505446,7,0.7,43,26,0.6231884057971014,28,7,4,3,24,4,0.8,49545216,4.199999999999999
22,181,1,1,0,0,0.0897998363,1,0.1,0,1,0.0,0,1,0,1,0,0,0.0,7077888,0.0
22,182,5,4,1,1,1.449759185,1,0.1,0,5,0.0,0,2,0,1,0,1,0.0,14155776,0.1
22,183,3,2,1,0,0.4833115933,2,0.2,0,3,0.0,0,3,0,2,0,1,0.0,21233664,0.4
22,185,16,10,6,5,4.559572011999999,3,0.3,3,13,0.1875,3,5,0,2,3,3,0.375,35389440,1.2
22,186,5,5,0,0,0.554435566,2,0.2,0,5,0.0,0,2,0,2,0,0,0.0,14155776,0.2
22,187,5,5,0,0,0.930099592,2,0.2,0,5,0.0,0,2,0,2,0,0,0.0,14155776,0.2
22,190,4,0,4,2,1.273475886,2,0.2,1,3,0.25,1,3,0,0,1,3,0.25,21233664,0.4
22,191,5,5,0,2,1.305621863,1,0.1,0,5,0.0,0,1,0,1,0,0,0.0,7077888,0.0
22,192,1,0,1,0,0.187287062,1,0.1,0,1,0.0,0,1,0,0,0,1,0.0,7077888,0.0
22,193,8,1,7,0,1.7269431640000001,2,0.2,5,3,0.625,5,3,0,1,5,2,0.625,21233664,0.4
22,194,9,8,1,0,1.5488471320000001,6,0.6,0,9,0.0,0,6,0,5,0,1,0.0,42467328,3.0
22,196,1,0,1,0,0.243075863,1,0.1,0,1,0.0,0,1,0,0,0,1,0.0,7077888,0.0
22,197,8,5,3,1,2.054469658,2,0.2,2,6,0.25,2,3,0,2,2,1,0.4,21233664,0.4
22,198,1,0,1,0,0.125813082,1,0.1,0,1,0.0,0,1,0,0,0,1,0.0,7077888,0.0
22,199,3,3,0,0,0.40037381699999997,2,0.2,0,3,0.0,0,2,0,2,0,0,0.0,14155776,0.2
22,200,2,0,2,0,0.38671848200000003,1,0.1,1,1,0.5,1,1,0,0,1,1,0.5,7077888,0.0
22,201,3,0,3,1,0.834399432,2,0.2,1,2,0.3333333333333333,1,2,0,0,1,2,0.3333333333333333,14155776,0.2
22,203,16,15,1,1,1.8780347761999998,10,1.0,3,13,0.1875,1,10,1,9,0,1,0.09090909090909091,70778880,9.0
22,204,2,2,0,0,0.303070962,1,0.1,0,2,0.0,0,1,0,1,0,0,0.0,7077888,0.0
22,205,41,41,0,20,23.7771435177,10,1.0,0,41,0.0,0,10,0,10,0,0,0.0,70778880,9.0
22,206,19,11,8,3,4.581849202000001,10,1.0,7,12,0.3684210526315789,7,10,3,6,4,4,0.4117647058823529,70778880,9.0
22,211,5,0,5,0,1.073591038,2,0.2,3,2,0.6,3,2,0,0,3,2,0.6,14155776,0.2
22,212,1,1,0,0,0.327974498,1,0.1,0,1,0.0,0,1,0,1,0,0,0.0,7077888,0.0
22,214,4,2,2,0,0.841375828,3,0.3,0,4,0.0,0,4,0,2,0,2,0.0,28311552,0.8999999999999999
22,215,6,2,4,0,1.227077186,3,0.3,1,5,0.16666666666666666,1,5,0,2,1,3,0.16666666666666666,35389440,1.2
22,216,42,35,7,6,8.192090456399999,10,1.0,12,30,0.2857142857142857,8,9,2,8,6,1,0.47058823529411764,63700992,8.0
22,218,2,0,2,0,0.447164028,2,0.2,0,2,0.0,0,2,0,0,0,2,0.0,14155776,0.2
22,219,8,0,8,1,2.0075794,6,0.6,2,6,0.25,2,6,0,0,2,6,0.25,42467328,3.0
22,220,41,25,16,3,9.532429410499997,4,0.4,16,25,0.3902439024390244,16,4,0,4,16,0,0.8,28311552,1.2000000000000002
22,221,36,18,18,9,10.054223686,6,0.6,25,11,0.6944444444444444,18,4,2,2,16,2,0.8181818181818182,28311552,1.7999999999999998
22,222,6,2,4,2,1.711393207,3,0.3,3,3,0.5,3,3,0,2,3,1,0.5,21233664,0.6
22,223,1,0,1,0,0.17587775,1,0.1,0,1,0.0,0,1,0,0,0,1,0.0,7077888,0.0
22,225,9,7,2,1,1.7544967270000003,3,0.3,1,8,0.1111111111111111,1,4,0,3,1,1,0.2,28311552,0.8999999999999999
22,226,4,1,3,0,0.749763652,2,0.2,1,3,0.25,1,3,0,1,1,2,0.25,21233664,0.4
22,228,1,0,1,0,0.178576708,1,0.1,0,1,0.0,0,1,0,0,0,1,0.0,7077888,0.0
22,229,1,0,1,0,0.183714122,1,0.1,0,1,0.0,0,1,0,0,0,1,0.0,7077888,0.0
22,230,10,4,6,3,2.572218253,3,0.3,2,8,0.2,2,6,0,2,2,4,0.25,42467328,1.5
22,232,5,5,0,1,1.499024063,3,0.3,0,5,0.0,0,3,0,3,0,0,0.0,21233664,0.6
22,233,3,0,3,0,0.6466691499999999,3,0.3,0,3,0.0,0,3,0,0,0,3,0.0,21233664,0.6
22,234,7,7,0,0,1.4490812129999997,4,0.4,0,7,0.0,0,4,0,4,0,0,0.0,28311552,1.2000000000000002
22,235,6,1,5,2,1.396770939,2,0.2,3,3,0.5,3,3,0,1,3,2,0.5,21233664,0.4
22,236,2,0,2,0,0.2639613228,2,0.2,0,2,0.0,0,2,0,0,0,2,0.0,14155776,0.2
22,238,54,29,25,9,13.871883603000002,9,0.9,40,14,0.7407407407407407,27,6,5,3,22,3,0.8181818181818182,42467328,4.5
22,239,92,69,23,15,22.620432112300005,10,1.0,50,42,0.5434782608695652,24,9,5,5,19,4,0.7272727272727273,63700992,8.0
22,240,15,3,12,1,3.334267631,2,0.2,10,5,0.6666666666666666,10,4,0,2,10,2,0.7142857142857143,28311552,0.6000000000000001
22,241,6,4,2,3,1.8415019360000002,2,0.2,0,6,0.0,0,4,0,2,0,2,0.0,28311552,0.6000000000000001
22,242,1,0,1,0,0.117053948,1,0.1,0,1,0.0,0,1,0,0,0,1,0.0,7077888,0.0
22,244,4,2,2,0,0.998901501,1,0.1,1,3,0.25,1,2,0,1,1,1,0.3333333333333333,14155776,0.1
22,245,7,3,4,3,2.373224138,1,0.1,4,3,0.5714285714285714,4,1,0,1,4,0,0.8,7077888,0.0
22,247,7,1,6,2,1.849835813,5,0.5,1,6,0.14285714285714285,1,6,0,1,1,5,0.14285714285714285,42467328,2.5
22,249,2,1,1,0,0.517822668,2,0.2,0,2,0.0,0,2,0,1,0,1,0.0,14155776,0.2
22,250,3,2,1,0,0.747668148,2,0.2,0,3,0.0,0,3,0,2,0,1,0.0,21233664,0.4
22,251,2,0,2,0,0.367628589,2,0.2,0,2,0.0,0,2,0,0,0,2,0.0,14155776,0.2
22,252,14,5,9,0,2.5070019660000002,6,0.6,7,7,0.5,7,7,1,4,6,3,0.5,49545216,3.5999999999999996
22,253,8,0,8,3,3.340709237,4,0.4,3,5,0.375,3,5,0,0,3,5,0.375,35389440,1.6
22,254,13,6,7,5,3.759801135,6,0.6,5,8,0.38461538461538464,5,7,2,3,3,4,0.4166666666666667,49545216,3.5999999999999996
22,255,11,5,6,2,2.7997178960999998,5,0.5,3,8,0.2727272727272727,3,6,0,3,3,3,0.3333333333333333,42467328,2.5
23,0,19,7,12,1,3.1544403952000004,8,0.8,5,14,0.2631578947368421,5,13,0,6,5,7,0.2777777777777778,92012544,9.600000000000001
23,1,2,1,1,0,0.41253763499999996,2,0.2,0,2,0.0,0,2,0,1,0,1,0.0,14155776,0.2
23,2,15,11,4,2,3.3655418141999998,5,0.5,1,14,0.06666666666666667,1,8,0,5,1,3,0.1111111111111111,56623104,3.5
23,3,9,6,3,1,1.94223024,3,0.3,1,8,0.1111111111111111,1,4,0,2,1,2,0.2,28311552,0.8999999999999999
23,4,2,2,0,0,0.342792213,1,0.1,0,2,0.0,0,1,0,1,0,0,0.0,7077888,0.0
23,5,14,12,2,0,1.8833617492,7,0.7,1,13,0.07142857142857142,1,8,0,7,1,1,0.1111111111111111,56623104,4.8999999999999995
23,6,1,1,0,0,0.200411409,1,0.1,0,1,0.0,0,1,0,1,0,0,0.0,7077888,0.0
23,7,1,0,1,0,0.159940898,1,0.1,0,1,0.0,0,1,0,0,0,1,0.0,7077888,0.0
23,8,33,29,4,1,7.735576508,10,1.0,3,30,0.09090909090909091,3,11,0,10,3,1,0.21428571428571427,77856768,10.0
23,10,1,1,0,0,0.172404185,1,0.1,0,1,0.0,0,1,0,1,0,0,0.0,7077888,0.0
23,11,14,4,10,4,3.79844211,5,0.5,6,8,0.42857142857142855,6,6,0,2,6,4,0.5,42467328,2.5
23,14,20,10,10,1,3.7267529297000004,7,0.7,8,12,0.4,8,8,1,5,7,3,0.5,56623104,4.8999999999999995
23,15,3,1,2,0,0.536242321,1,0.1,1,2,0.3333333333333333,1,2,0,1,1,1,0.3333333333333333,14155776,0.1
23,17,6,3,3,0,1.0748909490999998,4,0.4,2,4,0.3333333333333333,2,3,1,1,1,2,0.4,21233664,0.8
23,20,1,0,1,0,0.231431484,1,0.1,0,1,0.0,0,1,0,0,0,1,0.0,7077888,0.0
23,21,3,0,3,0,0.615871295,2,0.2,1,2,0.3333333333333333,1,2,0,0,1,2,0.3333333333333333,14155776,0.2
23,22,5,0,5,0,1.024472729,1,0.1,2,3,0.4,2,3,0,0,2,3,0.4,21233664,0.2
23,23,13,0,13,1,3.01525469,6,0.6,6,7,0.46153846153846156,6,7,0,0,6,7,0.46153846153846156,49545216,3.5999999999999996
23,25,15,12,3,1,3.9992827500000003,10,1.0,2,13,0.13333333333333333,2,11,1,9,1,2,0.15384615384615385,77856768,10.0
23,26,10,10,0,0,2.113267183,10,1.0,0,10,0.0,0,10,0,10,0,0,0.0,70778880,9.0
23,27,7,0,7,0,1.341756449,1,0.1,6,1,0.8571428571428571,6,1,0,0,6,1,0.8571428571428571,7077888,0.0
23,28,9,7,2,0,1.579581916,7,0.7,1,8,0.1111111111111111,1,7,1,5,0,2,0.125,49545216,4.199999999999999
23,29,27,17,10,4,6.772729137100001,6,0.6,13,14,0.48148148148148145,6,9,2,3,4,6,0.4,63700992,4.8
23,30,5,0,5,0,0.927470625,2,0.2,3,2,0.6,3,2,0,0,3,2,0.6,14155776,0.2
23,31,4,4,0,0,0.5324117991,3,0.3,0,4,0.0,0,3,0,3,0,0,0.0,21233664,0.6
23,35,2,0,2,0,0.5211313369999999,1,0.1,1,1,0.5,1,1,0,0,1,1,0.5,7077888,0.0
23,36,8,5,3,4,2.665530651,4,0.4,3,5,0.375,3,4,2,2,1,2,0.42857142857142855,28311552,1.2000000000000002
23,38,44,29,15,18,14.328262403299998,10,1.0,12,32,0.2727272727272727,12,13,2,8,10,5,0.48,92012544,12.0
23,41,1,1,0,0,0.137885332,1,0.1,0,1,0.0,0,1,0,1,0,0,0.0,7077888,0.0
23,45,3,0,3,0,0.579604863,2,0.2,0,3,0.0,0,3,0,0,0,3,0.0,21233664,0.4
23,47,3,2,1,0,0.44704345,3,0.3,0,3,0.0,0,3,0,2,0,1,0.0,21233664,0.6
23,48,3,2,1,0,0.959045917,2,0.2,0,3,0.0,0,3,0,2,0,1,0.0,21233664,0.4
23,49,20,13,7,6,5.911745368000001,10,1.0,8,12,0.4,6,11,5,5,1,6,0.35294117647058826,77856768,10.0
23,51,1,0,1,0,0.207447439,1,0.1,0,1,0.0,0,1,0,0,0,1,0.0,7077888,0.0
23,52,9,6,3,1,1.791470021,3,0.3,0,9,0.0,0,5,0,2,0,3,0.0,35389440,1.2
23,53,28,10,18,7,7.7575651620000015,5,0.5,14,14,0.5,14,9,0,5,14,4,0.6086956521739131,63700992,4.0
23,54,17,13,4,3,4.517987051,9,0.9,5,12,0.29411764705882354,2,10,2,6,0,4,0.16666666666666666,70778880,8.1
23,57,5,1,4,0,0.879984259,2,0.2,1,4,0.2,1,4,0,1,1,3,0.2,28311552,0.6000000000000001
23,58,14,10,4,1,3.1495153609999997,6,0.6,2,12,0.14285714285714285,2,7,0,5,2,2,0.2222222222222222,49545216,3.5999999999999996
23,59,17,11,6,8,5.815387516,1,0.1,6,11,0.35294117647058826,6,1,0,1,6,0,0.8571428571428571,7077888,0.0
23,60,60,29,31,11,17.365176793000003,10,1.0,45,15,0.75,29,12,8,2,21,10,0.7073170731707317,84934656,11.0
23,61,10,4,6,1,2.2070685033,4,0.4,3,7,0.3,3,5,0,2,3,3,0.375,35389440,1.6
23,62,1,0,1,1,0.633244574,1,0.1,0,1,0.0,0,1,0,0,0,1,0.0,7077888,0.0
23,63,43,10,33,1,9.515845267000001,5,0.5,29,14,0.6744186046511628,29,7,0,3,29,4,0.8055555555555556,49545216,3.0
23,64,63,56,7,6,13.990856740800002,9,0.9,7,56,0.1111111111111111,6,10,1,8,5,2,0.375,70778880,8.1
23,65,1,0,1,0,0.133040458,1,0.1,0,1,0.0,0,1,0,0,0,1,0.0,7077888,0.0
23,66,1,1,0,0,0.189631611,1,0.1,0,1,0.0,0,1,0,1,0,0,0.0,7077888,0.0
23,67,3,2,1,0,0.634168744,2,0.2,0,3,0.0,0,2,0,1,0,1,0.0,14155776,0.2
23,68,7,6,1,0,1.2575022646,4,0.4,0,7,0.0,0,4,0,3,0,1,0.0,28311552,1.2000000000000002
23,69,1,1,0,0,0.0970039517,1,0.1,0,1,0.0,0,1,0,1,0,0,0.0,7077888,0.0
23,70,72,46,26,12,15.8844177032,10,1.0,34,38,0.4722222222222222,23,13,4,6,19,7,0.6388888888888888,92012544,12.0
23,72,2,0,2,0,0.210124418,2,0.2,0,2,0.0,0,2,0,0,0,2,0.0,14155776,0.2
23,73,22,15,7,1,4.016997398000001,5,0.5,3,19,0.13636363636363635,2,9,1,3,1,6,0.18181818181818182,63700992,4.0
23,75,15,6,9,1,3.7326505339999994,2,0.2,7,8,0.4666666666666667,7,4,0,2,7,2,0.6363636363636364,28311552,0.6000000000000001
23,76,26,25,1,0,5.2172535792,10,1.0,2,24,0.07692307692307693,1,10,1,9,0,1,0.09090909090909091,70778880,9.0
23,77,13,8,5,0,2.4483378962,3,0.3,5,8,0.38461538461538464,5,3,0,3,5,0,0.625,21233664,0.6
23,80,3,2,1,0,0.577548906,2,0.2,0,3,0.0,0,3,0,2,0,1,0.0,21233664,0.4
23,81,16,10,6,3,3.6218250240000005,3,0.3,10,6,0.625,5,4,1,2,4,2,0.5555555555555556,28311552,0.8999999999999999
23,83,5,4,1,0,1.369386375,2,0.2,0,5,0.0,0,3,0,2,0,1,0.0,21233664,0.4
23,84,2,2,0,0,0.412692576,2,0.2,0,2,0.0,0,2,0,2,0,0,0.0,14155776,0.2
23,85,1,0,1,0,0.121584415,1,0.1,0,1,0.0,0,1,0,0,0,1,0.0,7077888,0.0
23,88,19,18,1,0,3.019913844,10,1.0,3,16,0.15789473684210525,1,10,1,9,0,1,0.09090909090909091,70778880,9.0
23,89,14,14,0,0,2.3406121872999996,1,0.1,0,14,0.0,0,1,0,1,0,0,0.0,7077888,0.0
23,90,12,4,8,4,3.3371772406,4,0.4,5,7,0.4166666666666667,5,5,0,2,5,3,0.5,35389440,1.6
23,92,17,12,5,2,5.044805675999999,6,0.6,4,13,0.23529411764705882,2,8,1,4,1,4,0.2,56623104,4.2
23,93,38,27,11,8,9.8183451509,7,0.7,12,26,0.3157894736842105,11,7,1,6,10,1,0.6111111111111112,49545216,4.199999999999999
23,94,7,2,5,0,1.244212463,4,0.4,1,6,0.14285714285714285,1,5,0,1,1,4,0.16666666666666666,35389440,1.6
23,95,5,2,3,0,0.820778712,2,0.2,2,3,0.4,2,2,0,1,2,1,0.5,14155776,0.2
23,97,20,12,8,5,5.829610362,5,0.5,10,10,0.5,7,5,2,2,5,3,0.5833333333333334,35389440,2.0
23,98,4,4,0,0,0.890791827,2,0.2,0,4,0.0,0,2,0,2,0,0,0.0,14155776,0.2
23,99,13,2,11,1,2.948661417,3,0.3,9,4,0.6923076923076923,9,4,0,2,9,2,0.6923076923076923,28311552,0.8999999999999999
23,100,12,6,6,0,2.81402713,4,0.4,2,10,0.16666666666666666,2,7,0,3,2,4,0.2222222222222222,49545216,2.4000000000000004
23,101,12,12,0,5,3.8428420124,3,0.3,0,12,0.0,0,3,0,3,0,0,0.0,21233664,0.6
23,103,8,5,3,0,2.211757959,3,0.3,2,6,0.25,2,4,1,2,1,2,0.3333333333333333,28311552,0.8999999999999999
23,104,11,8,3,0,2.04629974,5,0.5,2,9,0.18181818181818182,2,5,1,3,1,2,0.2857142857142857,35389440,2.0
23,106,2,1,1,0,0.2007593889,2,0.2,0,2,0.0,0,2,0,1,0,1,0.0,14155776,0.2
23,107,1,1,0,0,0.132487237,1,0.1,0,1,0.0,0,1,0,1,0,0,0.0,7077888,0.0
23,108,10,8,2,0,1.838093072,5,0.5,1,9,0.1,1,6,0,5,1,1,0.14285714285714285,42467328,2.5
23,110,3,3,0,1,0.887004584,3,0.3,0,3,0.0,0,3,0,3,0,0,0.0,21233664,0.6
23,111,2,0,2,0,0.23744774619999998,1,0.1,1,1,0.5,1,1,0,0,1,1,0.5,7077888,0.0
23,112,2,0,2,1,0.754226535,1,0.1,1,1,0.5,1,1,0,0,1,1,0.5,7077888,0.0
23,113,5,1,4,2,2.061897575,3,0.3,1,4,0.2,1,4,0,1,1,3,0.2,28311552,0.8999999999999999
23,114,17,3,14,1,3.583870626,4,0.4,8,9,0.47058823529411764,8,8,0,2,8,6,0.5,56623104,2.8000000000000003
23,115,4,0,4,0,0.688648551,4,0.4,0,4,0.0,0,4,0,0,0,4,0.0,28311552,1.2000000000000002
23,116,1,0,1,0,0.337353826,1,0.1,0,1,0.0,0,1,0,0,0,1,0.0,7077888,0.0
23,118,73,38,35,14,18.996455267,10,1.0,55,18,0.7534246575342466,33,12,8,2,25,10,0.7333333333333333,84934656,11.0
23,119,2,0,2,0,0.2010908429,2,0.2,0,2,0.0,0,2,0,0,0,2,0.0,14155776,0.2
23,120,1,0,1,0,0.18833743,1,0.1,0,1,0.0,0,1,0,0,0,1,0.0,7077888,0.0
23,121,12,2,10,0,2.45801714,2,0.2,8,4,0.6666666666666666,8,3,0,1,8,2,0.7272727272727273,21233664,0.4
23,123,4,0,4,0,1.062501445,1,0.1,3,1,0.75,3,1,0,0,3,1,0.75,7077888,0.0
23,124,9,6,3,0,1.843795889,4,0.4,0,9,0.0,0,5,0,2,0,3,0.0,35389440,1.6
23,125,13,10,3,2,3.853687301,5,0.5,1,12,0.07692307692307693,1,7,1,4,0,3,0.125,49545216,3.0
23,126,4,2,2,0,0.781251878,1,0.1,0,4,0.0,0,3,0,1,0,2,0.0,21233664,0.2
23,127,6,4,2,0,1.2640040080000001,3,0.3,0,6,0.0,0,4,0,2,0,2,0.0,28311552,0.8999999999999999
23,129,13,8,5,4,3.9763997499999997,8,0.8,1,12,0.07692307692307693,1,12,1,7,0,5,0.07692307692307693,84934656,8.8
23,130,5,3,2,1,1.239660576,3,0.3,1,4,0.2,1,3,0,2,1,1,0.25,21233664,0.6
23,131,2,0,2,0,0.2514190073,1,0.1,1,1,0.5,1,1,0,0,1,1,0.5,7077888,0.0
23,135,3,3,0,0,0.572844341,2,0.2,0,3,0.0,0,2,0,2,0,0,0.0,14155776,0.2
23,138,1,1,0,0,0.213960737,1,0.1,0,1,0.0,0,1,0,1,0,0,0.0,7077888,0.0
23,139,11,11,0,10,2.4099816389999997,10,1.0,0,11,0.0,0,10,0,10,0,0,0.0,70778880,9.0
23,140,1,0,1,0,0.325547844,1,0.1,0,1,0.0,0,1,0,0,0,1,0.0,7077888,0.0
23,141,3,3,0,0,0.3850317148,1,0.1,0,3,0.0,0,1,0,1,0,0,0.0,7077888,0.0
23,142,9,5,4,2,2.872422456,2,0.2,3,6,0.3333333333333333,3,3,0,2,3,1,0.5,21233664,0.4
23,143,1,0,1,1,0.614274204,1,0.1,0,1,0.0,0,1,0,0,0,1,0.0,7077888,0.0
23,144,3,2,1,0,0.47547779999999995,2,0.2,0,3,0.0,0,2,0,1,0,1,0.0,14155776,0.2
23,146,8,4,4,0,1.3859733178000002,2,0.2,5,3,0.625,2,3,1,0,1,3,0.4,21233664,0.4
23,151,11,6,5,0,2.2105761604,1,0.1,3,8,0.2727272727272727,3,3,0,1,3,2,0.5,21233664,0.2
23,153,18,10,8,3,3.8757574625999998,3,0.3,7,11,0.3888888888888889,7,4,0,3,7,1,0.6363636363636364,28311552,0.8999999999999999
23,154,6,4,2,2,1.643083662,2,0.2,0,6,0.0,0,3,0,1,0,2,0.0,21233664,0.4
23,155,181,110,71,42,47.415533069599995,10,1.0,121,60,0.6685082872928176,71,10,4,6,67,4,0.8765432098765432,70778880,9.0
23,156,7,2,5,0,1.184084862,4,0.4,2,5,0.2857142857142857,2,5,0,2,2,3,0.2857142857142857,35389440,1.6
23,159,26,23,3,11,10.153255537,3,0.3,2,24,0.07692307692307693,2,4,0,3,2,1,0.3333333333333333,28311552,0.8999999999999999
23,160,1,0,1,0,0.192679048,1,0.1,0,1,0.0,0,1,0,0,0,1,0.0,7077888,0.0
23,161,5,3,2,0,0.895383522,3,0.3,0,5,0.0,0,4,0,2,0,2,0.0,28311552,0.8999999999999999
23,163,3,1,2,0,0.599770292,1,0.1,1,2,0.3333333333333333,1,2,0,1,1,1,0.3333333333333333,14155776,0.1
23,164,2,0,2,2,0.824589491,2,0.2,0,2,0.0,0,2,0,0,0,2,0.0,14155776,0.2
23,165,71,30,41,12,17.9727464866,10,1.0,56,15,0.7887323943661971,42,9,8,2,34,7,0.8235294117647058,63700992,8.0
23,166,13,11,2,2,3.4015856520000005,2,0.2,3,10,0.23076923076923078,3,1,1,1,2,0,0.75,7077888,0.0
23,167,2,0,2,0,0.388541296,1,0.1,1,1,0.5,1,1,0,0,1,1,0.5,7077888,0.0
23,168,10,2,8,0,1.9597239199999998,6,0.6,4,6,0.4,4,6,1,1,3,5,0.4,42467328,3.0
23,169,21,12,9,2,4.574033887999999,2,0.2,6,15,0.2857142857142857,6,5,0,2,6,3,0.5454545454545454,35389440,0.8
23,170,88,85,3,12,21.280741923299992,10,1.0,9,79,0.10227272727272728,3,10,1,9,2,1,0.23076923076923078,70778880,9.0
23,171,5,1,4,0,0.949341341,4,0.4,1,4,0.2,1,4,0,1,1,3,0.2,28311552,1.2000000000000002
23,172,8,6,2,3,2.4104506,3,0.3,1,7,0.125,1,3,0,2,1,1,0.25,21233664,0.6
23,174,2,0,2,0,0.320421859,1,0.1,1,1,0.5,1,1,0,0,1,1,0.5,7077888,0.0
23,176,34,13,21,9,10.435811354999997,3,0.3,25,9,0.7352941176470589,21,3,2,1,19,2,0.875,21233664,0.6
23,177,12,4,8,6,4.005213215,5,0.5,2,10,0.16666666666666666,2,9,0,3,2,6,0.18181818181818182,63700992,4.0
23,178,1,0,1,0,0.242321402,1,0.1,0,1,0.0,0,1,0,0,0,1,0.0,7077888,0.0
23,179,10,10,0,0,2.905839711,10,1.0,0,10,0.0,0,10,0,10,0,0,0.0,70778880,9.0
23,180,14,12,2,3,3.9636838753999997,10,1.0,3,11,0.21428571428571427,2,10,1,9,1,1,0.16666666666666666,70778880,9.0
23,182,4,3,1,0,0.5115486751,1,0.1,0,4,0.0,0,2,0,1,0,1,0.0,14155776,0.1
23,185,2,0,2,0,0.395827532,1,0.1,0,2,0.0,0,2,0,0,0,2,0.0,14155776,0.1
23,186,8,4,4,1,1.496349275,5,0.5,0,8,0.0,0,7,0,3,0,4,0.0,49545216,3.0
23,187,5,2,3,0,0.970456184,4,0.4,0,5,0.0,0,4,0,1,0,3,0.0,28311552,1.2000000000000002
23,190,43,33,10,7,11.4361470045,8,0.8,8,35,0.18604651162790697,8,10,0,8,8,2,0.4444444444444444,70778880,7.2
23,192,10,8,2,2,2.669171602,3,0.3,2,8,0.2,2,3,1,2,1,1,0.4,21233664,0.6
23,193,31,5,26,6,6.976619598500001,9,0.9,17,14,0.5483870967741935,16,14,2,2,14,12,0.5333333333333333,99090432,11.700000000000001
23,194,2,0,2,0,0.279039547,2,0.2,0,2,0.0,0,2,0,0,0,2,0.0,14155776,0.2
23,195,2,0,2,0,0.52978231,2,0.2,0,2,0.0,0,2,0,0,0,2,0.0,14155776,0.2
23,196,2,2,0,0,0.2654741999,2,0.2,0,2,0.0,0,2,0,2,0,0,0.0,14155776,0.2
23,197,10,0,10,2,2.5429965700000006,4,0.4,6,4,0.6,6,4,0,0,6,4,0.6,28311552,1.2000000000000002
23,199,14,1,13,3,3.200946049,4,0.4,9,5,0.6428571428571429,9,5,0,1,9,4,0.6428571428571429,35389440,1.6
23,200,3,3,0,0,0.6089610759999999,1,0.1,0,3,0.0,0,1,0,1,0,0,0.0,7077888,0.0
23,201,4,4,0,0,0.743760974,2,0.2,0,4,0.0,0,2,0,2,0,0,0.0,14155776,0.2
23,202,2,2,0,2,0.773768872,1,0.1,0,2,0.0,0,1,0,1,0,0,0.0,7077888,0.0
23,204,6,0,6,0,1.255363882,2,0.2,4,2,0.6666666666666666,4,2,0,0,4,2,0.6666666666666666,14155776,0.2
23,205,4,0,4,0,1.420588166,1,0.1,2,2,0.5,2,2,0,0,2,2,0.5,14155776,0.1
23,206,37,22,15,13,12.609034416999998,5,0.5,19,18,0.5135135135135135,14,5,1,3,13,2,0.7368421052631579,35389440,2.0
23,209,20,13,7,2,5.4088407599999995,10,1.0,6,14,0.3,5,12,3,7,2,5,0.29411764705882354,84934656,11.0
23,210,48,35,13,12,11.004188378999999,10,1.0,31,17,0.6458333333333334,12,11,8,2,4,9,0.5217391304347826,77856768,10.0
23,211,2,1,1,0,0.419589385,2,0.2,0,2,0.0,0,2,0,1,0,1,0.0,14155776,0.2
23,213,115,79,36,24,30.57036814950001,10,1.0,65,50,0.5652173913043478,33,13,5,5,28,8,0.717391304347826,92012544,12.0
23,214,2,0,2,0,0.378672659,2,0.2,0,2,0.0,0,2,0,0,0,2,0.0,14155776,0.2
23,215,4,2,2,2,1.548124284,2,0.2,0,4,0.0,0,3,0,1,0,2,0.0,21233664,0.4
23,216,4,4,0,0,0.769756615,4,0.4,0,4,0.0,0,4,0,4,0,0,0.0,28311552,1.2000000000000002
23,218,51,30,21,3,9.161604368799999,10,1.0,28,23,0.5490196078431373,17,13,3,6,14,7,0.5666666666666667,92012544,12.0
23,220,3,1,2,0,0.852208376,2,0.2,0,3,0.0,0,3,0,1,0,2,0.0,21233664,0.4
23,221,3,2,1,0,0.555859834,2,0.2,0,3,0.0,0,2,0,1,0,1,0.0,14155776,0.2
23,222,25,17,8,3,6.0738852780000006,6,0.6,13,12,0.52,6,6,2,2,4,4,0.5,42467328,3.0
23,223,3,1,2,0,0.515323966,2,0.2,1,2,0.3333333333333333,1,2,0,1,1,1,0.3333333333333333,14155776,0.2
23,225,41,33,8,9,11.580247242,10,1.0,7,34,0.17073170731707318,7,11,0,10,7,1,0.3888888888888889,77856768,10.0
23,226,9,3,6,2,2.585454419,4,0.4,2,7,0.2222222222222222,2,6,0,2,2,4,0.25,42467328,2.0
23,227,8,1,7,1,1.425902963,6,0.6,1,7,0.125,1,7,1,0,0,7,0.125,49545216,3.5999999999999996
23,228,57,47,10,22,18.971975967500004,10,1.0,17,40,0.2982456140350877,10,10,3,7,7,3,0.5,70778880,9.0
23,229,2,2,0,0,0.406779885,1,0.1,0,2,0.0,0,1,0,1,0,0,0.0,7077888,0.0
23,230,4,3,1,0,1.104882941,2,0.2,0,4,0.0,0,2,0,1,0,1,0.0,14155776,0.2
23,231,3,1,2,0,0.573544561,2,0.2,0,3,0.0,0,3,0,1,0,2,0.0,21233664,0.4
23,232,1,0,1,0,0.180315688,1,0.1,0,1,0.0,0,1,0,0,0,1,0.0,7077888,0.0
23,233,32,23,9,2,8.437008313000003,10,1.0,12,20,0.375,8,10,2,7,6,3,0.4444444444444444,70778880,9.0
23,234,1,0,1,0,0.367986411,1,0.1,0,1,0.0,0,1,0,0,0,1,0.0,7077888,0.0
23,235,1,0,1,0,0.251774251,1,0.1,0,1,0.0,0,1,0,0,0,1,0.0,7077888,0.0
23,236,6,0,6,0,1.297272145,3,0.3,2,4,0.3333333333333333,2,4,0,0,2,4,0.3333333333333333,28311552,0.8999999999999999
23,237,19,9,10,10,6.701472461,2,0.2,7,12,0.3684210526315789,7,4,0,1,7,3,0.6363636363636364,28311552,0.6000000000000001
23,239,27,16,11,2,5.827804057999998,5,0.5,9,18,0.3333333333333333,9,7,0,5,9,2,0.5625,49545216,3.0
23,240,23,14,9,4,5.954860063000001,7,0.7,4,19,0.17391304347826086,4,12,1,6,3,6,0.25,84934656,7.699999999999999
23,241,2,1,1,0,0.394157902,2,0.2,1,1,0.5,1,1,1,0,0,1,0.5,7077888,0.0
23,242,26,13,13,1,5.696435294999999,10,1.0,9,17,0.34615384615384615,8,15,4,6,4,9,0.34782608695652173,106168320,14.0
23,244,44,17,27,26,18.6023223102,3,0.3,26,18,0.5909090909090909,26,3,0,2,26,1,0.896551724137931,21233664,0.6
23,245,94,55,39,9,20.531112411600002,10,1.0,56,38,0.5957446808510638,36,13,4,6,32,7,0.7346938775510204,92012544,12.0
23,246,21,8,13,0,4.677161899300001,1,0.1,12,9,0.5714285714285714,12,2,0,1,12,1,0.8571428571428571,14155776,0.1
23,247,3,1,2,0,0.640125707,1,0.1,1,2,0.3333333333333333,1,2,0,1,1,1,0.3333333333333333,14155776,0.1
23,248,15,15,0,0,2.9879391950999996,10,1.0,0,15,0.0,0,10,0,10,0,0,0.0,70778880,9.0
23,249,1,0,1,0,0.17652142,1,0.1,0,1,0.0,0,1,0,0,0,1,0.0,7077888,0.0
23,250,4,4,0,0,0.9139312799999999,1,0.1,0,4,0.0,0,1,0,1,0,0,0.0,7077888,0.0
23,251,6,2,4,1,1.696235314,4,0.4,0,6,0.0,0,5,0,1,0,4,0.0,35389440,1.6
23,252,1,0,1,0,0.190087467,1,0.1,0,1,0.0,0,1,0,0,0,1,0.0,7077888,0.0
23,253,19,6,13,4,5.308444664,3,0.3,9,10,0.47368421052631576,9,5,0,1,9,4,0.6428571428571429,35389440,1.2
24,0,27,17,10,1,5.6728003484,10,1.0,8,19,0.2962962962962963,8,10,2,6,6,4,0.4444444444444444,70778880,9.0
24,2,9,1,8,1,2.141306029,3,0.3,5,4,0.5555555555555556,5,4,0,1,5,3,0.5555555555555556,28311552,0.8999999999999999
24,6,2,0,2,0,0.294883981,2,0.2,0,2,0.0,0,2,0,0,0,2,0.0,14155776,0.2
24,7,1,0,1,0,0.133336946,1,0.1,0,1,0.0,0,1,0,0,0,1,0.0,7077888,0.0
24,10,49,45,4,5,10.2296011177,7,0.7,16,33,0.32653061224489793,6,5,2,5,4,0,0.5454545454545454,35389440,2.8
24,11,2,1,1,0,0.340496629,2,0.2,0,2,0.0,0,2,0,1,0,1,0.0,14155776,0.2
24,15,8,4,4,1,1.3350723750000002,7,0.7,1,7,0.125,1,7,1,3,0,4,0.125,49545216,4.199999999999999
24,16,3,3,0,0,0.63774091,1,0.1,0,3,0.0,0,1,0,1,0,0,0.0,7077888,0.0
24,19,1,0,1,0,0.11252214,1,0.1,0,1,0.0,0,1,0,0,0,1,0.0,7077888,0.0
24,20,6,6,0,0,0.997457414,2,0.2,0,6,0.0,0,2,0,2,0,0,0.0,14155776,0.2
24,21,1,0,1,0,0.200386494,1,0.1,0,1,0.0,0,1,0,0,0,1,0.0,7077888,0.0
24,22,2,1,1,0,0.2569503415,2,0.2,0,2,0.0,0,2,0,1,0,1,0.0,14155776,0.2
24,24,1,1,0,0,0.103187472,1,0.1,0,1,0.0,0,1,0,1,0,0,0.0,7077888,0.0
24,25,1,0,1,0,0.0913771391,1,0.1,0,1,0.0,0,1,0,0,0,1,0.0,7077888,0.0
24,26,9,7,2,0,1.4915024272000001,6,0.6,0,9,0.0,0,6,0,4,0,2,0.0,42467328,3.0
24,27,79,57,22,22,23.247367741399998,10,1.0,49,30,0.620253164556962,25,7,6,4,19,3,0.78125,49545216,6.0
24,28,1,1,0,0,0.235893488,1,0.1,0,1,0.0,0,1,0,1,0,0,0.0,7077888,0.0
24,29,10,7,3,0,1.806310759,5,0.5,0,10,0.0,0,7,0,4,0,3,0.0,49545216,3.0
24,30,1,1,0,0,0.07075838,1,0.1,0,1,0.0,0,1,0,1,0,0,0.0,7077888,0.0
24,31,14,7,7,3,3.7190962450000002,1,0.1,6,8,0.42857142857142855,6,2,0,1,6,1,0.75,14155776,0.1
24,32,9,9,0,0,1.883107499,1,0.1,0,9,0.0,0,1,0,1,0,0,0.0,7077888,0.0
24,33,9,6,3,1,1.6664493441000001,4,0.4,1,8,0.1111111111111111,1,4,0,2,1,2,0.2,28311552,1.2000000000000002
24,34,2,0,2,0,0.26795511,1,0.1,1,1,0.5,1,1,0,0,1,1,0.5,7077888,0.0
24,35,1,1,0,1,0.349149108,1,0.1,0,1,0.0,0,1,0,1,0,0,0.0,7077888,0.0
24,39,52,20,32,28,22.562416400900005,2,0.2,31,21,0.5961538461538461,31,2,0,1,31,1,0.9393939393939394,14155776,0.2
24,40,6,0,6,0,1.086660073,2,0.2,4,2,0.6666666666666666,4,2,0,0,4,2,0.6666666666666666,14155776,0.2
24,41,4,3,1,0,0.599417865,3,0.3,0,4,0.0,0,3,0,2,0,1,0.0,21233664,0.6
24,44,1,1,0,0,0.10227976,1,0.1,0,1,0.0,0,1,0,1,0,0,0.0,7077888,0.0
24,45,14,4,10,3,3.3946795546000006,4,0.4,11,3,0.7857142857142857,10,3,1,2,9,1,0.7692307692307693,21233664,0.8
24,46,11,2,9,1,2.2348449979,4,0.4,7,4,0.6363636363636364,7,4,1,1,6,3,0.6363636363636364,28311552,1.2000000000000002
24,47,3,2,1,0,0.457825273,2,0.2,0,3,0.0,0,3,0,2,0,1,0.0,21233664,0.4
24,48,27,2,25,5,7.04592638,4,0.4,20,7,0.7407407407407407,20,6,0,1,20,5,0.7692307692307693,42467328,2.0
24,49,2,0,2,1,0.473252773,2,0.2,0,2,0.0,0,2,0,0,0,2,0.0,14155776,0.2
24,54,18,11,7,0,1.519940598,10,1.0,4,14,0.2222222222222222,4,13,1,9,3,4,0.23529411764705882,92012544,12.0
24,55,25,8,17,0,4.856629384800001,1,0.1,16,9,0.64,16,2,0,1,16,1,0.8888888888888888,14155776,0.1
24,56,4,0,4,0,0.8350394520000001,3,0.3,1,3,0.25,1,3,0,0,1,3,0.25,21233664,0.6
24,58,56,47,9,1,9.22960425722,10,1.0,18,38,0.32142857142857145,10,9,3,7,7,2,0.5263157894736842,63700992,8.0
24,59,1,0,1,0,0.0718371421,1,0.1,0,1,0.0,0,1,0,0,0,1,0.0,7077888,0.0
24,62,11,4,7,0,2.0726428919999997,7,0.7,5,6,0.45454545454545453,4,6,1,2,3,4,0.4,42467328,3.5
24,63,5,1,4,1,0.9961958459,4,0.4,0,5,0.0,0,5,0,1,0,4,0.0,35389440,1.6
24,64,28,19,9,0,5.602309535299999,5,0.5,7,21,0.25,7,7,1,4,6,3,0.5,49545216,3.0
24,65,3,0,3,0,0.439536586,2,0.2,1,2,0.3333333333333333,1,2,0,0,1,2,0.3333333333333333,14155776,0.2
24,66,1,1,0,0,0.181897208,1,0.1,0,1,0.0,0,1,0,1,0,0,0.0,7077888,0.0
24,67,23,19,4,1,6.711107074,10,1.0,7,16,0.30434782608695654,7,7,3,7,4,0,0.5,49545216,6.0
24,69,6,1,5,0,1.176934376,1,0.1,4,2,0.6666666666666666,4,2,0,1,4,1,0.6666666666666666,14155776,0.1
24,72,1,0,1,0,0.220335573,1,0.1,0,1,0.0,0,1,0,0,0,1,0.0,7077888,0.0
24,73,8,7,1,0,1.2783605610000002,3,0.3,0,8,0.0,0,4,0,3,0,1,0.0,28311552,0.8999999999999999
24,74,8,1,7,5,2.585107833,2,0.2,5,3,0.625,5,3,0,1,5,2,0.625,21233664,0.4
24,75,3,0,3,0,0.548248038,1,0.1,2,1,0.6666666666666666,2,1,0,0,2,1,0.6666666666666666,7077888,0.0
24,76,4,1,3,1,1.183652147,2,0.2,2,2,0.5,2,2,0,1,2,1,0.5,14155776,0.2
24,77,7,3,4,0,1.233082354,2,0.2,3,4,0.42857142857142855,3,2,0,1,3,1,0.6,14155776,0.2
24,78,13,10,3,10,5.2579661159999995,1,0.1,2,11,0.15384615384615385,2,2,0,1,2,1,0.5,14155776,0.1
24,81,11,0,11,0,1.6940689270999998,2,0.2,9,2,0.8181818181818182,9,2,0,0,9,2,0.8181818181818182,14155776,0.2
24,82,1,1,0,0,0.242094874,1,0.1,0,1,0.0,0,1,0,1,0,0,0.0,7077888,0.0
24,83,5,3,2,1,1.10948278,2,0.2,1,4,0.2,1,3,0,2,1,1,0.25,21233664,0.4
24,86,8,4,4,0,1.3791992446,3,0.3,2,6,0.25,2,5,0,3,2,2,0.2857142857142857,35389440,1.2
24,87,21,9,12,0,3.3793224383999996,6,0.6,13,8,0.6190476190476191,11,6,2,3,9,3,0.6470588235294118,42467328,3.0
24,88,2,0,2,0,0.42870324800000004,1,0.1,1,1,0.5,1,1,0,0,1,1,0.5,7077888,0.0
24,89,26,21,5,2,5.871830803999999,1,0.1,5,21,0.19230769230769232,5,1,0,1,5,0,0.8333333333333334,7077888,0.0
24,90,1,1,0,0,0.145370334,1,0.1,0,1,0.0,0,1,0,1,0,0,0.0,7077888,0.0
24,91,2,1,1,0,0.23541241899999998,1,0.1,0,2,0.0,0,2,0,1,0,1,0.0,14155776,0.1
24,92,3,0,3,0,0.511364371,1,0.1,2,1,0.6666666666666666,2,1,0,0,2,1,0.6666666666666666,7077888,0.0
24,93,1,0,1,0,0.169326633,1,0.1,0,1,0.0,0,1,0,0,0,1,0.0,7077888,0.0
24,95,20,16,4,5,5.006046505,4,0.4,4,16,0.2,4,4,0,4,4,0,0.5,28311552,1.2000000000000002
24,97,50,23,27,20,17.624131141999996,3,0.3,24,26,0.48,24,6,0,3,24,3,0.8,42467328,1.5
24,101,13,6,7,0,2.3056529548999998,7,0.7,3,10,0.23076923076923078,3,8,0,4,3,4,0.2727272727272727,56623104,4.8999999999999995
24,102,4,0,4,3,1.877731471,1,0.1,3,1,0.75,3,1,0,0,3,1,0.75,7077888,0.0
24,103,1,1,0,0,0.141392559,1,0.1,0,1,0.0,0,1,0,1,0,0,0.0,7077888,0.0
24,104,8,8,0,0,1.5687045018,2,0.2,0,8,0.0,0,2,0,2,0,0,0.0,14155776,0.2
24,105,86,54,32,29,27.93230824300001,6,0.6,39,47,0.45348837209302323,34,4,2,4,32,0,0.8947368421052632,28311552,1.7999999999999998
24,106,20,18,2,3,2.817985259600001,10,1.0,4,16,0.2,2,10,1,9,1,1,0.16666666666666666,70778880,9.0
24,107,1,0,1,0,0.145509422,1,0.1,0,1,0.0,0,1,0,0,0,1,0.0,7077888,0.0
24,108,24,16,8,9,8.248143704,4,0.4,8,16,0.3333333333333333,8,3,1,2,7,1,0.7272727272727273,21233664,0.8
24,110,6,5,1,0,1.175958783,3,0.3,0,6,0.0,0,3,0,2,0,1,0.0,21233664,0.6
24,111,3,1,2,0,0.511381843,1,0.1,1,2,0.3333333333333333,1,2,0,1,1,1,0.3333333333333333,14155776,0.1
24,112,26,24,2,1,4.656299301000001,6,0.6,1,25,0.038461538461538464,1,7,0,6,1,1,0.125,49545216,3.5999999999999996
24,113,4,4,0,0,0.5457772319,4,0.4,0,4,0.0,0,4,0,4,0,0,0.0,28311552,1.2000000000000002
24,114,10,10,0,10,14.41593587,10,1.0,0,10,0.0,0,10,0,10,0,0,0.0,70778880,9.0
24,115,34,22,12,5,7.699771443599999,7,0.7,6,28,0.17647058823529413,6,12,0,6,6,6,0.3333333333333333,84934656,7.699999999999999
24,116,1,1,0,0,0.102727011,1,0.1,0,1,0.0,0,1,0,1,0,0,0.0,7077888,0.0
24,118,9,5,4,0,1.6361619687,3,0.3,3,6,0.3333333333333333,3,4,0,3,3,1,0.42857142857142855,28311552,0.8999999999999999
24,120,1,0,1,0,0.195412368,1,0.1,0,1,0.0,0,1,0,0,0,1,0.0,7077888,0.0
24,121,16,2,14,1,3.2875690386999996,5,0.5,9,7,0.5625,9,6,0,1,9,5,0.6,42467328,2.5
24,123,89,68,21,19,23.246497628100006,8,0.8,60,29,0.6741573033707865,22,7,4,4,18,3,0.7586206896551724,49545216,4.800000000000001
24,124,12,7,5,0,2.0201155550000003,5,0.5,2,10,0.16666666666666666,2,7,0,4,2,3,0.2222222222222222,49545216,3.0
24,126,10,9,1,0,2.2053564640000003,2,0.2,9,1,0.9,1,1,1,0,0,1,0.5,7077888,0.0
24,127,23,12,11,0,3.772053846,1,0.1,9,14,0.391304347826087,9,3,0,1,9,2,0.75,21233664,0.2
24,128,1,0,1,0,0.19272615,1,0.1,0,1,0.0,0,1,0,0,0,1,0.0,7077888,0.0
24,130,65,35,30,1,11.787314561099999,10,1.0,46,19,0.7076923076923077,30,9,5,4,25,5,0.7692307692307693,63700992,8.0
24,133,3,3,0,0,0.412427903,1,0.1,0,3,0.0,0,1,0,1,0,0,0.0,7077888,0.0
24,134,2,2,0,1,0.640091925,1,0.1,0,2,0.0,0,1,0,1,0,0,0.0,7077888,0.0
24,135,82,82,0,10,20.927682458999996,10,1.0,0,82,0.0,0,10,0,10,0,0,0.0,70778880,9.0
24,136,12,4,8,4,3.0193261790000006,1,0.1,7,5,0.5833333333333334,7,2,0,1,7,1,0.7777777777777778,14155776,0.1
24,138,28,7,21,13,10.934878543,1,0.1,20,8,0.7142857142857143,20,2,0,1,20,1,0.9090909090909091,14155776,0.1
24,139,46,33,13,11,14.641387022,10,1.0,25,21,0.5434782608695652,13,10,5,5,8,5,0.5652173913043478,70778880,9.0
24,140,12,2,10,3,3.472615153,4,0.4,6,6,0.5,6,5,0,1,6,4,0.5454545454545454,35389440,1.6
24,142,37,17,20,2,7.705943717499999,8,0.8,22,15,0.5945945945945946,18,10,3,5,15,5,0.6428571428571429,70778880,7.2
24,144,2,0,2,0,0.404340357,1,0.1,1,1,0.5,1,1,0,0,1,1,0.5,7077888,0.0
24,146,3,2,1,0,0.5717731420000001,3,0.3,0,3,0.0,0,3,0,2,0,1,0.0,21233664,0.6
24,148,2,1,1,0,0.467733041,2,0.2,0,2,0.0,0,2,0,1,0,1,0.0,14155776,0.2
24,151,3,1,2,0,0.5066009459999999,1,0.1,1,2,0.3333333333333333,1,2,0,1,1,1,0.3333333333333333,14155776,0.1
24,152,75,72,3,0,14.880215525700002,10,1.0,24,51,0.32,5,8,4,6,1,2,0.38461538461538464,56623104,7.0
24,153,23,12,11,6,6.962492631699999,3,0.3,9,14,0.391304347826087,9,5,0,3,9,2,0.6428571428571429,35389440,1.2
24,154,3,1,2,0,0.5089919270000001,2,0.2,0,3,0.0,0,3,0,1,0,2,0.0,21233664,0.4
24,155,20,15,5,1,3.6209192426999994,4,0.4,3,17,0.15,3,6,0,4,3,2,0.3333333333333333,42467328,2.0
24,156,2,0,2,0,0.1920802144,2,0.2,0,2,0.0,0,2,0,0,0,2,0.0,14155776,0.2
24,157,4,0,4,0,0.3391355131,1,0.1,2,2,0.5,2,2,0,0,2,2,0.5,14155776,0.1
24,158,37,27,10,5,8.921856357900001,5,0.5,9,28,0.24324324324324326,9,6,2,3,7,3,0.6,42467328,2.5
24,160,4,2,2,1,0.730039195,3,0.3,0,4,0.0,0,4,0,2,0,2,0.0,28311552,0.8999999999999999
24,161,3,0,3,0,0.3719437872,2,0.2,1,2,0.3333333333333333,1,2,0,0,1,2,0.3333333333333333,14155776,0.2
24,162,4,4,0,0,0.752071351,1,0.1,0,4,0.0,0,1,0,1,0,0,0.0,7077888,0.0
24,165,5,3,2,0,0.929922134,1,0.1,1,4,0.2,1,2,0,1,1,1,0.3333333333333333,14155776,0.1
24,166,55,25,30,19,16.52390571,5,0.5,39,16,0.7090909090909091,29,4,2,1,27,3,0.8787878787878788,28311552,1.5
24,167,4,1,3,0,0.796500549,3,0.3,1,3,0.25,1,3,0,1,1,2,0.25,21233664,0.6
24,168,10,10,0,0,0.11681775730000002,10,1.0,0,10,0.0,0,10,0,10,0,0,0.0,70778880,9.0
24,170,1,0,1,0,0.0863778219,1,0.1,0,1,0.0,0,1,0,0,0,1,0.0,7077888,0.0
24,171,2,0,2,0,0.291542142,1,0.1,1,1,0.5,1,1,0,0,1,1,0.5,7077888,0.0
24,172,2,1,1,0,0.2809423881,2,0.2,0,2,0.0,0,2,0,1,0,1,0.0,14155776,0.2
24,173,7,3,4,0,1.502478525,3,0.3,1,6,0.14285714285714285,1,5,0,2,1,3,0.16666666666666666,35389440,1.2
24,174,15,2,13,0,2.6102676039999997,6,0.6,6,9,0.4,6,9,0,2,6,7,0.4,63700992,4.8
24,175,4,0,4,0,0.608391718,2,0.2,2,2,0.5,2,2,0,0,2,2,0.5,14155776,0.2
24,177,85,76,9,10,20.5408415529,10,1.0,40,45,0.47058823529411764,11,8,5,5,6,3,0.5789473684210527,56623104,7.0
24,178,8,8,0,0,1.385495096,2,0.2,0,8,0.0,0,2,0,2,0,0,0.0,14155776,0.2
24,179,1,0,1,0,0.158888191,1,0.1,0,1,0.0,0,1,0,0,0,1,0.0,7077888,0.0
24,182,18,15,3,4,4.492441906000001,3,0.3,2,16,0.1111111111111111,2,4,0,3,2,1,0.3333333333333333,28311552,0.8999999999999999
24,183,16,7,9,0,2.1722662293,9,0.9,3,13,0.1875,3,11,2,3,1,8,0.21428571428571427,77856768,9.0
24,184,3,0,3,0,0.59533003,2,0.2,1,2,0.3333333333333333,1,2,0,0,1,2,0.3333333333333333,14155776,0.2
24,185,1,0,1,0,0.216613442,1,0.1,0,1,0.0,0,1,0,0,0,1,0.0,7077888,0.0
24,186,14,6,8,0,3.0038280769999997,3,0.3,7,7,0.5,7,4,0,3,7,1,0.6363636363636364,28311552,0.8999999999999999
24,187,2,0,2,0,0.34612757,1,0.1,0,2,0.0,0,2,0,0,0,2,0.0,14155776,0.1
24,188,3,2,1,0,0.502105087,1,0.1,0,3,0.0,0,2,0,1,0,1,0.0,14155776,0.1
24,189,20,14,6,2,4.731536818,2,0.2,5,15,0.25,5,3,0,2,5,1,0.625,21233664,0.4
24,190,9,8,1,0,1.4623298789999999,3,0.3,1,8,0.1111111111111111,1,3,1,2,0,1,0.25,21233664,0.6
24,191,2,2,0,0,0.299840465,1,0.1,0,2,0.0,0,1,0,1,0,0,0.0,7077888,0.0
24,192,2,2,0,0,0.370863527,2,0.2,0,2,0.0,0,2,0,2,0,0,0.0,14155776,0.2
24,193,9,1,8,0,1.5428851916000001,5,0.5,3,6,0.3333333333333333,3,6,1,0,2,6,0.3333333333333333,42467328,2.5
24,195,49,7,42,8,12.507449025100003,5,0.5,42,7,0.8571428571428571,39,5,1,1,38,4,0.8863636363636364,35389440,2.0
24,196,26,17,9,3,4.8291832942,9,0.9,14,12,0.5384615384615384,9,8,3,5,6,3,0.5294117647058824,56623104,6.3
24,197,104,56,48,14,27.321985654600013,3,0.3,89,15,0.8557692307692307,50,1,2,1,48,0,0.9803921568627451,7077888,0.0
24,199,7,5,2,0,1.235792011,2,0.2,1,6,0.14285714285714285,1,3,0,2,1,1,0.25,21233664,0.4
24,202,8,4,4,1,1.7972758400000002,2,0.2,2,6,0.25,2,3,0,1,2,2,0.4,21233664,0.4
24,203,7,6,1,0,1.1401088840000002,1,0.1,0,7,0.0,0,2,0,1,0,1,0.0,14155776,0.1
24,204,6,3,3,1,1.467697247,3,0.3,1,5,0.16666666666666666,1,3,0,1,1,2,0.25,21233664,0.6
24,205,19,15,4,0,4.123741076,2,0.2,1,18,0.05263157894736842,1,5,0,2,1,3,0.16666666666666666,35389440,0.8
24,206,1,1,0,0,0.175311208,1,0.1,0,1,0.0,0,1,0,1,0,0,0.0,7077888,0.0
24,208,27,3,24,2,9.643092127000001,1,0.1,23,4,0.8518518518518519,23,2,0,1,23,1,0.92,14155776,0.1
24,209,190,134,56,81,64.47514551999998,10,1.0,155,35,0.8157894736842105,60,6,8,2,52,4,0.9090909090909091,42467328,5.0
24,210,50,24,26,2,12.290563882,4,0.4,42,8,0.84,26,3,2,1,24,2,0.896551724137931,21233664,0.8
24,211,1,1,0,0,0.148343474,1,0.1,0,1,0.0,0,1,0,1,0,0,0.0,7077888,0.0
24,212,3,1,2,0,0.392176054,3,0.3,0,3,0.0,0,3,0,1,0,2,0.0,21233664,0.6
24,214,14,6,8,2,3.4640776370000004,3,0.3,5,9,0.35714285714285715,5,5,0,2,5,3,0.5,35389440,1.2
24,216,34,18,16,3,8.573464571999997,4,0.4,15,19,0.4411764705882353,15,5,0,4,15,1,0.75,35389440,1.6
24,218,17,11,6,4,4.338349119000001,7,0.7,2,15,0.11764705882352941,2,9,0,5,2,4,0.18181818181818182,63700992,5.6
24,220,11,1,10,0,2.358667777,3,0.3,8,3,0.7272727272727273,8,3,1,0,7,3,0.7272727272727273,21233664,0.6
24,222,22,15,7,3,5.857542798000001,5,0.5,9,13,0.4090909090909091,6,6,1,4,5,2,0.5,42467328,2.5
24,224,34,5,29,2,6.939401105199998,4,0.4,24,10,0.7058823529411765,24,9,0,4,24,5,0.7272727272727273,63700992,3.2
24,226,10,10,0,0,0.1060785798,10,1.0,0,10,0.0,0,10,0,10,0,0,0.0,70778880,9.0
24,227,4,1,3,0,0.627388537,1,0.1,2,2,0.5,2,2,0,1,2,1,0.5,14155776,0.1
24,228,10,0,10,0,1.7976524959999998,5,0.5,4,6,0.4,4,6,0,0,4,6,0.4,42467328,2.5
24,230,15,0,15,7,4.459194048900001,2,0.2,13,2,0.8666666666666667,13,2,0,0,13,2,0.8666666666666667,14155776,0.2
24,232,1,1,0,0,0.167943448,1,0.1,0,1,0.0,0,1,0,1,0,0,0.0,7077888,0.0
24,235,4,0,4,0,0.625169098,1,0.1,1,3,0.25,1,3,0,0,1,3,0.25,21233664,0.2
24,239,1,0,1,0,0.185340747,1,0.1,0,1,0.0,0,1,0,0,0,1,0.0,7077888,0.0
24,240,6,4,2,2,1.5119917550000002,2,0.2,1,5,0.16666666666666666,1,2,0,1,1,1,0.3333333333333333,14155776,0.2
24,241,1,0,1,0,0.141774207,1,0.1,0,1,0.0,0,1,0,0,0,1,0.0,7077888,0.0
24,242,26,26,0,4,5.546509378099999,10,1.0,0,26,0.0,0,10,0,10,0,0,0.0,70778880,9.0
24,244,2,0,2,1,0.615508258,1,0.1,1,1,0.5,1,1,0,0,1,1,0.5,7077888,0.0
24,245,5,0,5,2,1.388118952,4,0.4,1,4,0.2,1,4,0,0,1,4,0.2,28311552,1.2000000000000002
24,246,9,8,1,2,2.112808928,3,0.3,0,9,0.0,0,3,0,2,0,1,0.0,21233664,0.6
24,247,3,2,1,0,0.529908955,2,0.2,0,3,0.0,0,2,0,1,0,1,0.0,14155776,0.2
24,251,1,0,1,0,0.184994563,1,0.1,0,1,0.0,0,1,0,0,0,1,0.0,7077888,0.0
24,252,44,18,26,12,11.0178093605,5,0.5,36,8,0.8181818181818182,28,3,3,2,25,1,0.9032258064516129,21233664,1.0
24,254,1,1,0,0,0.210700884,1,0.1,0,1,0.0,0,1,0,1,0,0,0.0,7077888,0.0
24,255,5,2,3,0,1.111375348,2,0.2,1,4,0.2,1,3,0,1,1,2,0.25,21233664,0.4
25,0,13,12,1,1,2.626137161,3,0.3,0,13,0.0,0,3,0,2,0,1,0.0,21233664,0.6
25,1,8,1,7,2,2.2309226389999997,2,0.2,5,3,0.625,5,3,0,1,5,2,0.625,21233664,0.4
25,4,3,1,2,0,0.459993466,3,0.3,0,3,0.0,0,3,0,1,0,2,0.0,21233664,0.6
25,6,3,3,0,0,0.3073403166,3,0.3,0,3,0.0,0,3,0,3,0,0,0.0,21233664,0.6
25,9,7,0,7,0,1.594216929,4,0.4,2,5,0.2857142857142857,2,5,0,0,2,5,0.2857142857142857,35389440,1.6
25,10,1,0,1,0,0.100177266,1,0.1,0,1,0.0,0,1,0,0,0,1,0.0,7077888,0.0
25,11,10,1,9,0,1.7245149407000002,5,0.5,4,6,0.4,4,6,0,1,4,5,0.4,42467328,2.5
25,12,13,11,2,0,2.4366777075,6,0.6,1,12,0.07692307692307693,1,7,0,6,1,1,0.125,49545216,3.5999999999999996
25,13,22,6,16,0,3.3242230114,7,0.7,9,13,0.4090909090909091,9,12,1,4,8,8,0.42857142857142855,84934656,7.699999999999999
25,15,11,4,7,0,1.6733453059999999,5,0.5,5,6,0.45454545454545453,5,5,2,1,3,4,0.5,35389440,2.0
25,16,1,0,1,0,0.132484108,1,0.1,0,1,0.0,0,1,0,0,0,1,0.0,7077888,0.0
25,17,5,3,2,0,1.2517775589999998,2,0.2,0,5,0.0,0,4,0,2,0,2,0.0,28311552,0.6000000000000001
25,21,18,11,7,2,4.125685439,2,0.2,5,13,0.2777777777777778,5,3,0,1,5,2,0.625,21233664,0.4
25,24,58,50,8,3,12.2367606372,9,0.9,14,44,0.2413793103448276,6,11,1,8,5,3,0.35294117647058826,77856768,9.0
25,26,8,1,7,1,1.68859385,2,0.2,5,3,0.625,5,3,0,1,5,2,0.625,21233664,0.4
25,28,12,4,8,2,3.115758047000001,3,0.3,6,6,0.5,6,4,0,2,6,2,0.6,28311552,0.8999999999999999
25,31,27,8,19,11,8.2908752554,1,0.1,18,9,0.6666666666666666,18,2,0,1,18,1,0.9,14155776,0.1
25,33,9,7,2,0,1.469255373,8,0.8,0,9,0.0,0,8,0,6,0,2,0.0,56623104,5.6000000000000005
25,35,6,6,0,0,0.9352164708,1,0.1,0,6,0.0,0,1,0,1,0,0,0.0,7077888,0.0
25,36,3,0,3,0,0.39821269400000003,2,0.2,1,2,0.3333333333333333,1,2,0,0,1,2,0.3333333333333333,14155776,0.2
25,37,2,0,2,0,0.444809601,1,0.1,1,1,0.5,1,1,0,0,1,1,0.5,7077888,0.0
25,39,11,7,4,0,1.711576514,6,0.6,4,7,0.36363636363636365,4,5,1,4,3,1,0.4444444444444444,35389440,2.4
25,40,1,0,1,0,0.177279249,1,0.1,0,1,0.0,0,1,0,0,0,1,0.0,7077888,0.0
25,41,15,10,5,4,4.829030668,3,0.3,3,12,0.2,3,4,0,2,3,2,0.42857142857142855,28311552,0.8999999999999999
25,42,22,5,17,0,5.17925194,3,0.3,15,7,0.6818181818181818,15,4,0,2,15,2,0.7894736842105263,28311552,0.8999999999999999
25,43,1,1,0,0,0.0912424698,1,0.1,0,1,0.0,0,1,0,1,0,0,0.0,7077888,0.0
25,44,10,5,5,0,1.8807089480000003,4,0.4,3,7,0.3,3,5,0,3,3,2,0.375,35389440,1.6
25,47,11,6,5,0,1.7131328349999997,3,0.3,5,6,0.45454545454545453,5,3,0,3,5,0,0.625,21233664,0.6
25,48,6,6,0,0,0.7383828017,3,0.3,0,6,0.0,0,3,0,3,0,0,0.0,21233664,0.6
25,49,1,1,0,0,0.151759818,1,0.1,0,1,0.0,0,1,0,1,0,0,0.0,7077888,0.0
25,50,2,2,0,0,0.290441438,2,0.2,0,2,0.0,0,2,0,2,0,0,0.0,14155776,0.2
25,51,18,6,12,4,5.0519054825,6,0.6,12,6,0.6666666666666666,12,5,2,3,10,2,0.7058823529411765,35389440,2.4
25,53,6,5,1,0,1.1144574289999998,3,0.3,0,6,0.0,0,3,0,2,0,1,0.0,21233664,0.6
25,54,8,6,2,0,1.5246351050000002,6,0.6,0,8,0.0,0,6,0,4,0,2,0.0,42467328,3.0
25,55,7,7,0,1,1.1464615624,4,0.4,0,7,0.0,0,4,0,4,0,0,0.0,28311552,1.2000000000000002
25,56,18,3,15,2,5.014877692,1,0.1,14,4,0.7777777777777778,14,2,0,1,14,1,0.875,14155776,0.1
25,57,2,0,2,0,0.390311956,1,0.1,1,1,0.5,1,1,0,0,1,1,0.5,7077888,0.0
25,60,10,10,0,10,7.383518874,10,1.0,0,10,0.0,0,10,0,10,0,0,0.0,70778880,9.0
25,61,23,16,7,2,4.5398484713,8,0.8,6,17,0.2608695652173913,6,8,0,7,6,1,0.42857142857142855,56623104,5.6000000000000005
25,64,19,12,7,0,3.128037093,10,1.0,5,14,0.2631578947368421,5,12,1,9,4,3,0.29411764705882354,84934656,11.0
25,65,104,96,8,31,32.42612121010002,10,1.0,35,69,0.33653846153846156,9,9,3,7,6,2,0.5,63700992,8.0
25,66,3,1,2,0,0.602572129,2,0.2,0,3,0.0,0,3,0,1,0,2,0.0,21233664,0.4
25,67,54,43,11,14,15.665315959700003,7,0.7,22,32,0.4074074074074074,10,8,3,4,7,4,0.5555555555555556,56623104,4.8999999999999995
25,68,10,8,2,0,1.8876063983,8,0.8,2,8,0.2,2,8,1,7,1,1,0.2,56623104,5.6000000000000005
25,69,11,9,2,1,3.155957044,4,0.4,1,10,0.09090909090909091,1,4,0,3,1,1,0.2,28311552,1.2000000000000002
25,71,14,11,3,5,4.160292729,3,0.3,1,13,0.07142857142857142,1,4,0,2,1,2,0.2,28311552,0.8999999999999999
25,72,1,1,0,0,0.108813047,1,0.1,0,1,0.0,0,1,0,1,0,0,0.0,7077888,0.0
25,73,16,4,12,0,2.8429875507,4,0.4,9,7,0.5625,9,4,0,1,9,3,0.6923076923076923,28311552,1.2000000000000002
25,74,1,0,1,0,0.215796098,1,0.1,0,1,0.0,0,1,0,0,0,1,0.0,7077888,0.0
25,76,3,2,1,0,0.397210234,2,0.2,0,3,0.0,0,3,0,2,0,1,0.0,21233664,0.4
25,78,10,7,3,1,2.129474409,2,0.2,2,8,0.2,2,3,0,2,2,1,0.4,21233664,0.4
25,80,15,1,14,8,5.474711329000001,1,0.1,12,3,0.8,12,3,0,1,12,2,0.8,21233664,0.2
25,81,53,12,41,18,16.653030557999998,6,0.6,41,12,0.7735849056603774,40,7,2,4,38,3,0.851063829787234,49545216,3.5999999999999996
25,82,6,1,5,0,0.9050429301,5,0.5,1,5,0.16666666666666666,1,5,0,1,1,4,0.16666666666666666,35389440,2.0
25,84,1,1,0,0,0.0749076754,1,0.1,0,1,0.0,0,1,0,1,0,0,0.0,7077888,0.0
25,85,22,15,7,0,4.120701320899999,7,0.7,15,7,0.6818181818181818,4,7,2,2,2,5,0.36363636363636365,49545216,4.199999999999999
25,86,15,13,2,10,6.958681718099999,10,1.0,0,15,0.0,0,12,0,10,0,2,0.0,84934656,11.0
25,88,35,26,9,2,7.544979935799999,8,0.8,10,25,0.2857142857142857,9,8,2,6,7,2,0.5294117647058824,56623104,5.6000000000000005
25,89,2,2,0,0,0.31832535500000003,2,0.2,0,2,0.0,0,2,0,2,0,0,0.0,14155776,0.2
25,90,12,1,11,10,5.295007466,7,0.7,4,8,0.3333333333333333,4,8,0,1,4,7,0.3333333333333333,56623104,4.8999999999999995
25,92,45,36,9,6,11.5234505033,10,1.0,11,34,0.24444444444444444,10,9,2,8,8,1,0.5263157894736842,63700992,8.0
25,93,27,5,22,5,7.612920657,5,0.5,19,8,0.7037037037037037,19,7,0,4,19,3,0.7307692307692307,49545216,3.0
25,94,32,22,10,12,11.313773737,4,0.4,9,23,0.28125,9,4,1,2,8,2,0.6923076923076923,28311552,1.2000000000000002
25,95,5,2,3,0,0.805894032,3,0.3,3,2,0.6,3,2,1,1,2,1,0.6,14155776,0.3
25,96,22,3,19,19,8.487730816,2,0.2,18,4,0.8181818181818182,18,3,0,2,18,1,0.8571428571428571,21233664,0.4
25,99,2,2,0,0,0.43413333600000004,1,0.1,0,2,0.0,0,1,0,1,0,0,0.0,7077888,0.0
25,100,15,7,8,9,6.492730572,2,0.2,6,9,0.4,6,3,0,1,6,2,0.6666666666666666,21233664,0.4
25,101,13,1,12,1,2.666293068,5,0.5,6,7,0.46153846153846156,6,7,0,1,6,6,0.46153846153846156,49545216,3.0
25,104,19,14,5,5,5.166086126999999,8,0.8,4,15,0.21052631578947367,4,9,1,7,3,2,0.3076923076923077,63700992,6.4
25,105,1,0,1,0,0.106305212,1,0.1,0,1,0.0,0,1,0,0,0,1,0.0,7077888,0.0
25,106,11,4,7,0,1.3419154291,1,0.1,5,6,0.45454545454545453,5,3,0,1,5,2,0.625,21233664,0.2
25,107,41,15,26,17,12.749005834999998,2,0.2,25,16,0.6097560975609756,25,3,0,2,25,1,0.8928571428571429,21233664,0.4
25,108,20,15,5,11,7.5926232749999985,10,1.0,4,16,0.2,4,11,0,10,4,1,0.26666666666666666,77856768,10.0
25,110,1,1,0,0,0.119862936,1,0.1,0,1,0.0,0,1,0,1,0,0,0.0,7077888,0.0
25,111,54,25,29,3,11.723088203399998,10,1.0,43,11,0.7962962962962963,31,8,8,2,23,6,0.7948717948717948,56623104,7.0
25,112,7,1,6,0,1.095735626,2,0.2,4,3,0.5714285714285714,4,3,0,1,4,2,0.5714285714285714,21233664,0.4
25,114,13,4,9,0,2.3253447180000006,5,0.5,6,7,0.46153846153846156,6,7,0,4,6,3,0.46153846153846156,49545216,3.0
25,117,3,0,3,0,0.412192137,1,0.1,2,1,0.6666666666666666,2,1,0,0,2,1,0.6666666666666666,7077888,0.0
25,118,17,11,6,0,2.644274696,4,0.4,2,15,0.11764705882352941,2,8,0,4,2,4,0.2,56623104,2.8000000000000003
25,119,9,6,3,3,2.849600047,3,0.3,1,8,0.1111111111111111,1,5,0,3,1,2,0.16666666666666666,35389440,1.2
25,120,14,10,4,0,3.2381708300000005,10,1.0,4,10,0.2857142857142857,4,10,2,8,2,2,0.2857142857142857,70778880,9.0
25,121,1,1,0,0,0.219013065,1,0.1,0,1,0.0,0,1,0,1,0,0,0.0,7077888,0.0
25,122,2,0,2,0,0.235123217,1,0.1,1,1,0.5,1,1,0,0,1,1,0.5,7077888,0.0
25,124,2,2,0,1,0.949863643,1,0.1,0,2,0.0,0,1,0,1,0,0,0.0,7077888,0.0
25,125,10,1,9,0,1.833731407,2,0.2,8,2,0.8,8,2,0,1,8,1,0.8,14155776,0.2
25,126,3,3,0,0,0.562840029,1,0.1,0,3,0.0,0,1,0,1,0,0,0.0,7077888,0.0
25,127,77,44,33,18,22.881857781200015,7,0.7,49,28,0.6363636363636364,33,7,2,5,31,2,0.825,49545216,4.199999999999999
25,128,4,1,3,0,0.67564106,3,0.3,1,3,0.25,1,3,0,1,1,2,0.25,21233664,0.6
25,129,9,4,5,1,1.8934699890000002,5,0.5,4,5,0.4444444444444444,3,5,2,1,1,4,0.375,35389440,2.0
25,131,6,6,0,0,0.8528508918,2,0.2,0,6,0.0,0,2,0,2,0,0,0.0,14155776,0.2
25,132,51,29,22,2,12.423933611,4,0.4,23,28,0.45098039215686275,23,3,1,3,22,0,0.8846153846153846,21233664,0.8
25,133,32,14,18,1,6.466832750999999,9,0.9,17,15,0.53125,17,7,3,3,14,4,0.7083333333333334,49545216,5.4
25,134,5,5,0,0,0.4407484639,1,0.1,0,5,0.0,0,1,0,1,0,0,0.0,7077888,0.0
25,136,1,0,1,0,0.168577567,1,0.1,0,1,0.0,0,1,0,0,0,1,0.0,7077888,0.0
25,137,6,4,2,1,1.5201649659999998,3,0.3,0,6,0.0,0,4,0,2,0,2,0.0,28311552,0.8999999999999999
25,138,8,7,1,1,2.468181967,1,0.1,0,8,0.0,0,2,0,1,0,1,0.0,14155776,0.1
25,139,5,2,3,0,0.9718978250000001,3,0.3,1,4,0.2,1,3,0,1,1,2,0.25,21233664,0.6
25,140,5,4,1,0,0.660745919,2,0.2,0,5,0.0,0,3,0,2,0,1,0.0,21233664,0.4
25,141,23,15,8,2,4.147994779499999,8,0.8,7,16,0.30434782608695654,7,9,2,6,5,3,0.4375,63700992,6.4
25,142,4,4,0,0,0.857864588,1,0.1,0,4,0.0,0,1,0,1,0,0,0.0,7077888,0.0
25,143,3,3,0,0,0.5541417900000001,1,0.1,0,3,0.0,0,1,0,1,0,0,0.0,7077888,0.0
25,144,1,0,1,0,0.152401716,1,0.1,0,1,0.0,0,1,0,0,0,1,0.0,7077888,0.0
25,146,14,12,2,0,2.2396795891,8,0.8,1,13,0.07142857142857142,1,8,1,6,0,2,0.1111111111111111,56623104,5.6000000000000005
25,147,1,0,1,0,0.19410941,1,0.1,0,1,0.0,0,1,0,0,0,1,0.0,7077888,0.0
25,148,2,0,2,0,0.287115321,1,0.1,0,2,0.0,0,2,0,0,0,2,0.0,14155776,0.1
25,149,34,25,9,0,5.854181721000002,10,1.0,15,19,0.4411764705882353,11,8,3,7,8,1,0.5789473684210527,56623104,7.0
25,152,44,31,13,12,12.926773387,7,0.7,12,32,0.2727272727272727,12,8,0,7,12,1,0.6,56623104,4.8999999999999995
25,153,11,11,0,0,2.2011355166000004,4,0.4,0,11,0.0,0,4,0,4,0,0,0.0,28311552,1.2000000000000002
25,154,4,3,1,0,0.5981001709,3,0.3,0,4,0.0,0,3,0,2,0,1,0.0,21233664,0.6
25,157,11,9,2,3,2.969534039,2,0.2,1,10,0.09090909090909091,1,3,0,2,1,1,0.25,21233664,0.4
25,158,11,0,11,0,1.9686456249999997,3,0.3,7,4,0.6363636363636364,7,4,0,0,7,4,0.6363636363636364,28311552,0.8999999999999999
25,159,2,2,0,0,0.283314154,1,0.1,0,2,0.0,0,1,0,1,0,0,0.0,7077888,0.0
25,160,1,0,1,0,0.123685658,1,0.1,0,1,0.0,0,1,0,0,0,1,0.0,7077888,0.0
25,161,54,37,17,25,19.310873834000002,3,0.3,46,8,0.8518518518518519,19,1,2,1,17,0,0.95,7077888,0.0
25,162,2,0,2,0,0.330083348,1,0.1,1,1,0.5,1,1,0,0,1,1,0.5,7077888,0.0
25,163,9,1,8,0,2.1118421119999997,3,0.3,5,4,0.5555555555555556,5,4,0,1,5,3,0.5555555555555556,28311552,0.8999999999999999
25,165,21,10,11,0,4.4170939912,8,0.8,10,11,0.47619047619047616,9,9,2,5,7,4,0.5,63700992,6.4
25,166,5,5,0,3,1.5300219640000001,2,0.2,0,5,0.0,0,2,0,2,0,0,0.0,14155776,0.2
25,167,42,36,6,5,10.792836853299999,10,1.0,15,27,0.35714285714285715,7,9,1,9,6,0,0.4375,63700992,8.0
25,168,6,2,4,0,1.263825879,2,0.2,2,4,0.3333333333333333,2,3,0,1,2,2,0.4,21233664,0.4
25,169,34,28,6,8,10.1189412662,7,0.7,6,28,0.17647058823529413,6,7,0,7,6,0,0.46153846153846156,49545216,4.199999999999999
25,170,3,3,0,0,0.37711724599999996,1,0.1,0,3,0.0,0,1,0,1,0,0,0.0,7077888,0.0
25,171,37,17,20,2,8.098917431700002,3,0.3,21,16,0.5675675675675675,21,2,1,2,20,0,0.9130434782608695,14155776,0.3
25,172,2,1,1,0,0.316031173,2,0.2,0,2,0.0,0,2,0,1,0,1,0.0,14155776,0.2
25,173,69,48,21,2,14.039785954400001,10,1.0,44,25,0.6376811594202898,22,9,6,4,16,5,0.7096774193548387,63700992,8.0
25,174,20,10,10,2,4.035929984,7,0.7,5,15,0.25,5,11,0,6,5,5,0.3125,77856768,7.0
25,175,9,3,6,1,1.4019218315,2,0.2,4,5,0.4444444444444444,4,3,0,1,4,2,0.5714285714285714,21233664,0.4
25,176,75,52,23,23,23.0857664489,10,1.0,24,51,0.32,23,10,1,9,22,1,0.696969696969697,70778880,9.0
25,178,1,1,0,1,0.702468753,1,0.1,0,1,0.0,0,1,0,1,0,0,0.0,7077888,0.0
25,180,8,2,6,0,1.39107962,4,0.4,2,6,0.25,2,5,0,1,2,4,0.2857142857142857,35389440,1.6
25,182,3,3,0,0,0.478761376,1,0.1,0,3,0.0,0,1,0,1,0,0,0.0,7077888,0.0
25,183,5,2,3,0,0.7505497334,3,0.3,1,4,0.2,1,4,0,2,1,2,0.2,28311552,0.8999999999999999
25,184,1,0,1,0,0.150800407,1,0.1,0,1,0.0,0,1,0,0,0,1,0.0,7077888,0.0
25,185,33,14,19,3,7.551351934200001,1,0.1,19,14,0.5757575757575758,19,1,0,1,19,0,0.95,7077888,0.0
25,186,1,0,1,1,0.823949814,1,0.1,0,1,0.0,0,1,0,0,0,1,0.0,7077888,0.0
25,189,9,2,7,0,1.600358323,4,0.4,3,6,0.3333333333333333,3,5,0,1,3,4,0.375,35389440,1.6
25,191,51,46,5,14,13.3608606373,9,0.9,11,40,0.21568627450980393,6,8,1,8,5,0,0.42857142857142855,56623104,6.3
25,193,1,1,0,0,0.134951472,1,0.1,0,1,0.0,0,1,0,1,0,0,0.0,7077888,0.0
25,194,5,5,0,0,1.357974232,1,0.1,0,5,0.0,0,1,0,1,0,0,0.0,7077888,0.0
25,197,2,2,0,0,0.383671075,1,0.1,0,2,0.0,0,1,0,1,0,0,0.0,7077888,0.0
25,198,9,7,2,0,1.5144531516,3,0.3,0,9,0.0,0,5,0,3,0,2,0.0,35389440,1.2
25,199,9,7,2,0,1.4535610677,4,0.4,2,7,0.2222222222222222,1,4,1,2,0,2,0.2,28311552,1.2000000000000002
25,200,3,1,2,0,0.41619192099999996,2,0.2,0,3,0.0,0,3,0,1,0,2,0.0,21233664,0.4
25,201,10,0,10,0,1.8061553090000002,3,0.3,7,3,0.7,7,3,0,0,7,3,0.7,21233664,0.6
25,202,9,7,2,0,1.5707238605,2,0.2,1,8,0.1111111111111111,1,2,0,1,1,1,0.3333333333333333,14155776,0.2
25,203,6,4,2,0,1.657427131,2,0.2,0,6,0.0,0,3,0,1,0,2,0.0,21233664,0.4
25,205,5,0,5,0,0.9453843089999999,1,0.1,4,1,0.8,4,1,0,0,4,1,0.8,7077888,0.0
25,206,59,32,27,9,14.920473200999997,10,1.0,39,20,0.6610169491525424,25,12,5,5,20,7,0.6756756756756757,84934656,11.0
25,207,4,0,4,0,0.6037935830000001,3,0.3,1,3,0.25,1,3,0,0,1,3,0.25,21233664,0.6
25,209,17,1,16,2,3.8948804609999996,5,0.5,11,6,0.6470588235294118,11,6,0,1,11,5,0.6470588235294118,42467328,2.5
25,211,2,1,1,0,0.2882450223,2,0.2,0,2,0.0,0,2,0,1,0,1,0.0,14155776,0.2
25,212,10,9,1,2,2.0890203266,4,0.4,1,9,0.1,1,4,0,4,1,0,0.2,28311552,1.2000000000000002
25,213,5,3,2,0,1.176264465,2,0.2,0,5,0.0,0,4,0,2,0,2,0.0,28311552,0.6000000000000001
25,214,12,10,2,0,1.729619294,10,1.0,1,11,0.08333333333333333,1,11,0,10,1,1,0.08333333333333333,77856768,10.0
25,215,18,0,18,0,3.8983949939999993,2,0.2,16,2,0.8888888888888888,16,2,0,0,16,2,0.8888888888888888,14155776,0.2
25,216,10,8,2,0,1.7895790771,5,0.5,0,10,0.0,0,7,0,5,0,2,0.0,49545216,3.0
25,217,2,1,1,0,0.405833214,1,0.1,0,2,0.0,0,2,0,1,0,1,0.0,14155776,0.1
25,219,108,81,27,20,30.561682267000002,10,1.0,79,29,0.7314814814814815,29,8,8,2,21,6,0.7837837837837838,56623104,7.0
25,220,8,7,1,0,1.5114318649999998,2,0.2,0,8,0.0,0,2,0,1,0,1,0.0,14155776,0.2
25,222,61,37,24,29,24.010983429000014,4,0.4,49,12,0.8032786885245902,23,4,2,1,21,3,0.8518518518518519,28311552,1.2000000000000002
25,223,4,1,3,0,0.5721889204,2,0.2,1,3,0.25,1,3,0,1,1,2,0.25,21233664,0.4
25,224,14,13,1,0,2.60186328,2,0.2,0,14,0.0,0,3,0,2,0,1,0.0,21233664,0.4
25,225,9,6,3,0,1.898997338,1,0.1,2,7,0.2222222222222222,2,2,0,1,2,1,0.5,14155776,0.1
25,226,5,2,3,0,0.7624184629999999,4,0.4,0,5,0.0,0,4,0,1,0,3,0.0,28311552,1.2000000000000002
25,227,2,1,1,0,0.37761855099999997,1,0.1,0,2,0.0,0,2,0,1,0,1,0.0,14155776,0.1
25,228,3,1,2,0,0.3177812538,3,0.3,0,3,0.0,0,3,0,1,0,2,0.0,21233664,0.6
25,229,25,17,8,0,5.1875046189999985,4,0.4,12,13,0.48,5,6,1,2,4,4,0.45454545454545453,42467328,2.0
25,231,1,1,0,0,0.143264413,1,0.1,0,1,0.0,0,1,0,1,0,0,0.0,7077888,0.0
25,232,23,14,9,1,4.3729230917,5,0.5,5,18,0.21739130434782608,5,7,1,2,4,5,0.4166666666666667,49545216,3.0
25,233,19,10,9,3,4.3318283936,6,0.6,8,11,0.42105263157894735,8,6,0,5,8,1,0.5714285714285714,42467328,3.0
25,235,4,2,2,1,0.8837056459999999,3,0.3,1,3,0.25,1,3,1,1,0,2,0.25,21233664,0.6
25,236,13,3,10,1,2.505225681,5,0.5,5,8,0.38461538461538464,5,8,1,2,4,6,0.38461538461538464,56623104,3.5
25,237,5,0,5,4,2.318975508,2,0.2,3,2,0.6,3,2,0,0,3,2,0.6,14155776,0.2
25,238,6,0,6,0,1.414152532,1,0.1,5,1,0.8333333333333334,5,1,0,0,5,1,0.8333333333333334,7077888,0.0
25,239,12,12,0,0,2.3522179569999997,2,0.2,0,12,0.0,0,2,0,2,0,0,0.0,14155776,0.2
25,242,5,3,2,0,0.87188989,3,0.3,0,5,0.0,0,4,0,2,0,2,0.0,28311552,0.8999999999999999
25,243,36,31,5,1,5.7057687858,10,1.0,7,29,0.19444444444444445,5,10,2,8,3,2,0.3333333333333333,70778880,9.0
25,244,10,10,0,0,1.2771423290000001,10,1.0,0,10,0.0,0,10,0,10,0,0,0.0,70778880,9.0
25,249,38,15,23,8,10.2724460672,1,0.1,23,15,0.6052631578947368,23,1,0,1,23,0,0.9583333333333334,7077888,0.0
25,252,1,1,0,0,0.0803284794,1,0.1,0,1,0.0,0,1,0,1,0,0,0.0,7077888,0.0
25,253,1,1,0,0,0.243238941,1,0.1,0,1,0.0,0,1,0,1,0,0,0.0,7077888,0.0
26,0,2,1,1,0,0.315917939,2,0.2,0,2,0.0,0,2,0,1,0,1,0.0,14155776,0.2
26,1,29,21,8,0,4.667133703199999,7,0.7,9,20,0.3103448275862069,8,6,2,4,6,2,0.5714285714285714,42467328,3.5
26,3,28,2,26,6,7.6875461861,6,0.6,20,8,0.7142857142857143,20,8,0,2,20,6,0.7142857142857143,56623104,4.2
26,5,17,14,3,0,2.5735286774,7,0.7,3,14,0.17647058823529413,3,6,1,5,2,1,0.3333333333333333,42467328,3.5
26,7,16,16,0,0,1.21496459863,10,1.0,2,14,0.125,2,8,2,8,0,0,0.2,56623104,7.0
26,11,93,40,53,17,22.866250871700004,10,1.0,79,14,0.8494623655913979,57,6,8,2,49,4,0.9047619047619048,42467328,5.0
26,12,1,0,1,0,0.183812305,1,0.1,0,1,0.0,0,1,0,0,0,1,0.0,7077888,0.0
26,14,4,0,4,2,1.3502174459999998,1,0.1,3,1,0.75,3,1,0,0,3,1,0.75,7077888,0.0
26,15,5,5,0,0,0.7565701969999999,2,0.2,0,5,0.0,0,2,0,2,0,0,0.0,14155776,0.2
26,16,1,1,0,0,0.328523666,1,0.1,0,1,0.0,0,1,0,1,0,0,0.0,7077888,0.0
26,17,7,5,2,0,1.49089405,2,0.2,1,6,0.14285714285714285,1,3,0,2,1,1,0.25,21233664,0.4
26,18,78,45,33,16,18.6488097645,10,1.0,66,12,0.8461538461538461,38,5,7,3,31,2,0.8837209302325582,35389440,4.0
26,19,5,2,3,0,0.5841710498,2,0.2,2,3,0.4,2,2,0,1,2,1,0.5,14155776,0.2
26,20,3,3,0,0,0.45476693009999997,2,0.2,0,3,0.0,0,2,0,2,0,0,0.0,14155776,0.2
26,21,3,0,3,0,0.701203525,1,0.1,2,1,0.6666666666666666,2,1,0,0,2,1,0.6666666666666666,7077888,0.0
26,22,21,11,10,4,5.6840615880000005,1,0.1,8,13,0.38095238095238093,8,3,0,1,8,2,0.7272727272727273,21233664,0.2
26,23,5,3,2,1,1.830343961,1,0.1,1,4,0.2,1,2,0,1,1,1,0.3333333333333333,14155776,0.1
26,25,32,32,0,1,5.413821796600001,7,0.7,0,32,0.0,0,7,0,7,0,0,0.0,49545216,4.199999999999999
26,26,1,1,0,0,0.10282141,1,0.1,0,1,0.0,0,1,0,1,0,0,0.0,7077888,0.0
26,28,10,10,0,0,0.059167465210000006,10,1.0,0,10,0.0,0,10,0,10,0,0,0.0,70778880,9.0
26,29,1,0,1,0,0.246862069,1,0.1,0,1,0.0,0,1,0,0,0,1,0.0,7077888,0.0
26,31,1,0,1,0,0.120799258,1,0.1,0,1,0.0,0,1,0,0,0,1,0.0,7077888,0.0
26,32,9,7,2,0,1.5174644731,6,0.6,1,8,0.1111111111111111,1,6,1,4,0,2,0.14285714285714285,42467328,3.0
26,33,1,0,1,0,0.227292404,1,0.1,0,1,0.0,0,1,0,0,0,1,0.0,7077888,0.0
26,34,3,1,2,0,0.601639747,1,0.1,1,2,0.3333333333333333,1,2,0,1,1,1,0.3333333333333333,14155776,0.1
26,39,3,3,0,0,0.3666297569,1,0.1,0,3,0.0,0,1,0,1,0,0,0.0,7077888,0.0
26,42,1,1,0,0,0.190783322,1,0.1,0,1,0.0,0,1,0,1,0,0,0.0,7077888,0.0
26,45,1,0,1,0,0.119003966,1,0.1,0,1,0.0,0,1,0,0,0,1,0.0,7077888,0.0
26,46,2,2,0,0,0.269384764,2,0.2,0,2,0.0,0,2,0,2,0,0,0.0,14155776,0.2
26,47,5,5,0,0,0.6296590127,3,0.3,0,5,0.0,0,3,0,3,0,0,0.0,21233664,0.6
26,48,5,1,4,1,0.8932542882000001,2,0.2,2,3,0.4,2,3,0,1,2,2,0.4,21233664,0.4
26,50,6,2,4,0,1.2137570830000002,1,0.1,4,2,0.6666666666666666,4,1,0,1,4,0,0.8,7077888,0.0
26,51,37,37,0,3,7.740169238300001,10,1.0,3,34,0.08108108108108109,2,8,2,8,0,0,0.2,56623104,7.0
26,52,10,10,0,0,3.4162845280000003,10,1.0,0,10,0.0,0,10,0,10,0,0,0.0,70778880,9.0
26,53,249,147,102,37,61.52544041209999,10,1.0,242,7,0.9718875502008032,111,1,9,1,102,0,0.9910714285714286,7077888,0.0
26,56,1,1,0,0,0.139873087,1,0.1,0,1,0.0,0,1,0,1,0,0,0.0,7077888,0.0
26,58,9,1,8,0,1.413724662,5,0.5,3,6,0.3333333333333333,3,6,0,1,3,5,0.3333333333333333,42467328,2.5
26,61,132,117,15,15,34.91291249459999,10,1.0,84,48,0.6363636363636364,19,6,7,3,12,3,0.76,42467328,5.0
26,62,8,5,3,0,1.2476560706,5,0.5,2,6,0.25,2,5,1,3,1,2,0.2857142857142857,35389440,2.0
26,63,9,2,7,0,1.7831388120000002,1,0.1,5,4,0.5555555555555556,5,3,0,1,5,2,0.625,21233664,0.2
26,64,25,3,22,9,9.104121237000001,1,0.1,21,4,0.84,21,2,0,1,21,1,0.9130434782608695,14155776,0.1
26,66,29,28,1,0,5.783884264800001,5,0.5,12,17,0.41379310344827586,1,4,1,3,0,1,0.2,28311552,1.5
26,67,2,2,0,0,0.445206895,1,0.1,0,2,0.0,0,1,0,1,0,0,0.0,7077888,0.0
26,69,20,3,17,8,5.948323265999999,3,0.3,13,7,0.65,13,5,0,1,13,4,0.7222222222222222,35389440,1.2
26,73,10,10,0,10,14.771880750000001,10,1.0,0,10,0.0,0,10,0,10,0,0,0.0,70778880,9.0
26,75,37,31,6,7,8.392558388300003,8,0.8,8,29,0.21621621621621623,8,6,3,5,5,1,0.5714285714285714,42467328,4.0
26,78,46,35,11,1,8.3724230993,9,0.9,36,10,0.782608695652174,15,5,5,4,10,1,0.75,35389440,3.6
26,79,29,0,29,2,6.302813857299999,5,0.5,24,5,0.8275862068965517,24,5,0,0,24,5,0.8275862068965517,35389440,2.0
26,82,7,7,0,3,2.330259264,3,0.3,0,7,0.0,0,3,0,3,0,0,0.0,21233664,0.6
26,83,2,0,2,0,0.27429673,1,0.1,1,1,0.5,1,1,0,0,1,1,0.5,7077888,0.0
26,85,13,7,6,8,5.104091889299999,1,0.1,5,8,0.38461538461538464,5,2,0,1,5,1,0.7142857142857143,14155776,0.1
26,86,2,2,0,0,0.1520119532,2,0.2,0,2,0.0,0,2,0,2,0,0,0.0,14155776,0.2
26,87,23,4,19,0,3.2396958071,6,0.6,17,6,0.7391304347826086,17,5,2,1,15,4,0.7727272727272727,35389440,2.4
26,88,3,1,2,0,0.500411018,1,0.1,1,2,0.3333333333333333,1,2,0,1,1,1,0.3333333333333333,14155776,0.1
26,89,9,4,5,1,1.8729203199999997,2,0.2,3,6,0.3333333333333333,3,3,0,1,3,2,0.5,21233664,0.4
26,91,27,16,11,8,7.399819195000001,4,0.4,9,18,0.3333333333333333,9,5,0,3,9,2,0.6428571428571429,35389440,1.6
26,92,23,11,12,8,7.593289436,2,0.2,10,13,0.43478260869565216,10,3,0,1,10,2,0.7692307692307693,21233664,0.4
26,93,2,2,0,1,0.5986629880000001,1,0.1,0,2,0.0,0,1,0,1,0,0,0.0,7077888,0.0
26,94,13,12,1,0,0.6400794743599999,10,1.0,1,12,0.07692307692307693,1,10,1,9,0,1,0.09090909090909091,70778880,9.0
26,95,4,0,4,0,0.9361604750000001,2,0.2,2,2,0.5,2,2,0,0,2,2,0.5,14155776,0.2
26,96,2,0,2,0,0.352302231,1,0.1,1,1,0.5,1,1,0,0,1,1,0.5,7077888,0.0
26,97,1,1,0,0,0.149737179,1,0.1,0,1,0.0,0,1,0,1,0,0,0.0,7077888,0.0
26,98,2,0,2,0,0.362811312,2,0.2,0,2,0.0,0,2,0,0,0,2,0.0,14155776,0.2
26,100,31,18,13,2,7.114451661000002,1,0.1,13,18,0.41935483870967744,13,1,0,1,13,0,0.9285714285714286,7077888,0.0
26,102,29,23,6,7,7.299499140000001,7,0.7,10,19,0.3448275862068966,8,5,2,5,6,0,0.6153846153846154,35389440,2.8
26,104,14,12,2,6,5.484382616,2,0.2,3,11,0.21428571428571427,3,1,1,1,2,0,0.75,7077888,0.0
26,105,20,3,17,0,4.483256278,3,0.3,14,6,0.7,14,4,0,1,14,3,0.7777777777777778,28311552,0.8999999999999999
26,106,55,42,13,2,12.018994098999995,6,0.6,26,29,0.4727272727272727,14,5,3,3,11,2,0.7368421052631579,35389440,2.4
26,111,1,1,0,0,0.27276358,1,0.1,0,1,0.0,0,1,0,1,0,0,0.0,7077888,0.0
26,112,3,3,0,0,0.408165037,3,0.3,0,3,0.0,0,3,0,3,0,0,0.0,21233664,0.6
26,114,17,7,10,13,7.7755665789999995,2,0.2,10,7,0.5882352941176471,10,2,0,2,10,0,0.8333333333333334,14155776,0.2
26,116,5,2,3,0,0.8330894320000001,2,0.2,2,3,0.4,2,3,0,2,2,1,0.4,21233664,0.4
26,117,15,2,13,2,3.2957606320000004,3,0.3,10,5,0.6666666666666666,10,4,0,1,10,3,0.7142857142857143,28311552,0.8999999999999999
26,118,7,3,4,2,1.8049764339999999,4,0.4,1,6,0.14285714285714285,1,4,0,1,1,3,0.2,28311552,1.2000000000000002
26,123,3,3,0,0,0.35053838,1,0.1,0,3,0.0,0,1,0,1,0,0,0.0,7077888,0.0
26,124,35,25,10,5,7.546213944999999,3,0.3,10,25,0.2857142857142857,10,3,0,3,10,0,0.7692307692307693,21233664,0.6
26,125,9,9,0,0,1.3210630045000002,4,0.4,0,9,0.0,0,4,0,4,0,0,0.0,28311552,1.2000000000000002
26,127,14,0,14,1,3.6242487600000004,2,0.2,11,3,0.7857142857142857,11,3,0,0,11,3,0.7857142857142857,21233664,0.4
26,128,2,1,1,0,0.1807492525,2,0.2,0,2,0.0,0,2,0,1,0,1,0.0,14155776,0.2
26,129,4,0,4,0,0.656263202,1,0.1,3,1,0.75,3,1,0,0,3,1,0.75,7077888,0.0
26,130,12,10,2,0,0.32856056882,10,1.0,1,11,0.08333333333333333,1,11,1,9,0,2,0.08333333333333333,77856768,10.0
26,131,21,19,2,0,3.9828858306999995,7,0.7,2,19,0.09523809523809523,2,7,1,6,1,1,0.2222222222222222,49545216,4.199999999999999
26,132,1,0,1,0,0.197305217,1,0.1,0,1,0.0,0,1,0,0,0,1,0.0,7077888,0.0
26,133,9,9,0,7,4.593982667,1,0.1,0,9,0.0,0,1,0,1,0,0,0.0,7077888,0.0
26,135,3,0,3,0,0.5493635311,1,0.1,2,1,0.6666666666666666,2,1,0,0,2,1,0.6666666666666666,7077888,0.0
26,136,20,15,5,2,5.137029163,5,0.5,2,18,0.1,2,7,0,4,2,3,0.2222222222222222,49545216,3.0
26,137,49,19,30,23,17.745824109,2,0.2,30,19,0.6122448979591837,30,2,0,2,30,0,0.9375,14155776,0.2
26,138,9,4,5,1,2.2023178189999997,3,0.3,2,7,0.2222222222222222,2,4,0,1,2,3,0.3333333333333333,28311552,0.8999999999999999
26,140,10,4,6,0,2.017176405,2,0.2,4,6,0.4,4,3,0,1,4,2,0.5714285714285714,21233664,0.4
26,142,7,1,6,0,1.7476729610000001,3,0.3,3,4,0.42857142857142855,3,4,0,1,3,3,0.42857142857142855,28311552,0.8999999999999999
26,143,6,2,4,0,1.745082081,1,0.1,3,3,0.5,3,2,0,1,3,1,0.6,14155776,0.1
26,144,2,2,0,0,0.27725856,1,0.1,0,2,0.0,0,1,0,1,0,0,0.0,7077888,0.0
26,145,7,6,1,0,1.087039946,1,0.1,0,7,0.0,0,2,0,1,0,1,0.0,14155776,0.1
26,146,2,2,0,0,0.34471225800000005,1,0.1,0,2,0.0,0,1,0,1,0,0,0.0,7077888,0.0
26,147,8,0,8,0,1.3650994589999998,1,0.1,7,1,0.875,7,1,0,0,7,1,0.875,7077888,0.0
26,148,1,1,0,0,0.254119396,1,0.1,0,1,0.0,0,1,0,1,0,0,0.0,7077888,0.0
26,149,2,1,1,0,0.266999275,1,0.1,0,2,0.0,0,2,0,1,0,1,0.0,14155776,0.1
26,150,1,0,1,0,0.117293328,1,0.1,0,1,0.0,0,1,0,0,0,1,0.0,7077888,0.0
26,152,3,3,0,0,0.707707867,1,0.1,0,3,0.0,0,1,0,1,0,0,0.0,7077888,0.0
26,154,33,11,22,15,13.087349206999999,2,0.2,21,12,0.6363636363636364,21,3,0,2,21,1,0.875,21233664,0.4
26,156,3,3,0,0,0.3768848998,1,0.1,0,3,0.0,0,1,0,1,0,0,0.0,7077888,0.0
26,157,4,3,1,3,1.3856242609999998,1,0.1,0,4,0.0,0,2,0,1,0,1,0.0,14155776,0.1
26,158,29,1,28,7,7.203196510000001,4,0.4,24,5,0.8275862068965517,24,5,0,1,24,4,0.8275862068965517,35389440,1.6
26,160,2,2,0,0,0.31876860500000004,2,0.2,0,2,0.0,0,2,0,2,0,0,0.0,14155776,0.2
26,161,3,3,0,0,0.469195262,2,0.2,0,3,0.0,0,2,0,2,0,0,0.0,14155776,0.2
26,165,4,1,3,0,0.8151263449999999,1,0.1,2,2,0.5,2,2,0,1,2,1,0.5,14155776,0.1
26,167,10,1,9,0,2.268944055,6,0.6,3,7,0.3,3,7,0,1,3,6,0.3,49545216,3.5999999999999996
26,169,1,1,0,0,0.174653471,1,0.1,0,1,0.0,0,1,0,1,0,0,0.0,7077888,0.0
26,172,2,1,1,1,0.6569398790000001,1,0.1,0,2,0.0,0,2,0,1,0,1,0.0,14155776,0.1
26,174,1,1,0,0,0.209801227,1,0.1,0,1,0.0,0,1,0,1,0,0,0.0,7077888,0.0
26,179,2,0,2,0,0.431455612,1,0.1,1,1,0.5,1,1,0,0,1,1,0.5,7077888,0.0
26,182,34,24,10,18,12.015021934,1,0.1,10,24,0.29411764705882354,10,1,0,1,10,0,0.9090909090909091,7077888,0.0
26,185,1,1,0,0,0.137793317,1,0.1,0,1,0.0,0,1,0,1,0,0,0.0,7077888,0.0
26,186,11,6,5,1,2.160947234,5,0.5,3,8,0.2727272727272727,3,6,0,4,3,2,0.3333333333333333,42467328,2.5
26,187,4,0,4,0,0.78815116,1,0.1,3,1,0.75,3,1,0,0,3,1,0.75,7077888,0.0
26,188,23,1,22,1,4.552983589899999,8,0.8,14,9,0.6086956521739131,14,9,0,1,14,8,0.6086956521739131,63700992,6.4
26,189,1,1,0,0,0.171431452,1,0.1,0,1,0.0,0,1,0,1,0,0,0.0,7077888,0.0
26,190,4,1,3,0,0.6397029757,3,0.3,0,4,0.0,0,4,0,1,0,3,0.0,28311552,0.8999999999999999
26,191,186,150,36,72,62.32565359500002,10,1.0,147,39,0.7903225806451613,40,6,8,2,32,4,0.8695652173913043,42467328,5.0
26,192,34,32,2,7,8.156983761699998,8,0.8,9,25,0.2647058823529412,2,8,1,7,1,1,0.2,56623104,5.6000000000000005
26,193,9,0,9,2,2.6889515210000003,6,0.6,3,6,0.3333333333333333,3,6,0,0,3,6,0.3333333333333333,42467328,3.0
26,194,36,12,24,11,13.190114097000002,1,0.1,24,12,0.6666666666666666,24,1,0,1,24,0,0.96,7077888,0.0
26,195,12,11,1,0,2.1544993210000003,5,0.5,0,12,0.0,0,6,0,5,0,1,0.0,42467328,2.5
26,196,1,1,0,0,0.199881732,1,0.1,0,1,0.0,0,1,0,1,0,0,0.0,7077888,0.0
26,197,25,16,9,3,7.124864942600001,3,0.3,7,18,0.28,7,5,0,3,7,2,0.5833333333333334,35389440,1.2
26,198,1,0,1,0,0.120262131,1,0.1,0,1,0.0,0,1,0,0,0,1,0.0,7077888,0.0
26,199,1,0,1,0,0.117751643,1,0.1,0,1,0.0,0,1,0,0,0,1,0.0,7077888,0.0
26,201,132,96,36,10,30.396938242400008,10,1.0,91,41,0.6893939393939394,40,6,7,3,33,3,0.8695652173913043,42467328,5.0
26,202,12,12,0,1,3.1601957609999998,2,0.2,0,12,0.0,0,2,0,2,0,0,0.0,14155776,0.2
26,203,50,22,28,15,14.691932424,5,0.5,28,22,0.56,28,5,0,5,28,0,0.8484848484848485,35389440,2.0
26,204,3,0,3,0,0.7717882389999999,1,0.1,2,1,0.6666666666666666,2,1,0,0,2,1,0.6666666666666666,7077888,0.0
26,208,5,5,0,0,0.5846683977000001,2,0.2,0,5,0.0,0,2,0,2,0,0,0.0,14155776,0.2
26,209,32,18,14,0,6.071819127999998,10,1.0,22,10,0.6875,16,7,6,3,10,4,0.6956521739130435,49545216,6.0
26,210,6,3,3,0,1.068179756,1,0.1,2,4,0.3333333333333333,2,2,0,1,2,1,0.5,14155776,0.1
26,211,1,1,0,0,0.241243124,1,0.1,0,1,0.0,0,1,0,1,0,0,0.0,7077888,0.0
26,212,2,1,1,0,0.532754838,2,0.2,0,2,0.0,0,2,0,1,0,1,0.0,14155776,0.2
26,213,7,5,2,2,1.5283921216,4,0.4,1,6,0.14285714285714285,1,4,0,3,1,1,0.2,28311552,1.2000000000000002
26,214,16,6,10,0,3.3240582640000005,3,0.3,8,8,0.5,8,4,0,2,8,2,0.6666666666666666,28311552,0.8999999999999999
26,216,10,3,7,3,2.2443377664,2,0.2,6,4,0.6,6,2,0,1,6,1,0.75,14155776,0.2
26,221,7,2,5,0,1.081864341,3,0.3,3,4,0.42857142857142855,3,3,0,1,3,2,0.5,21233664,0.6
26,223,3,1,2,0,0.56516403,3,0.3,0,3,0.0,0,3,0,1,0,2,0.0,21233664,0.6
26,224,10,10,0,0,0.04841828813,10,1.0,0,10,0.0,0,10,0,10,0,0,0.0,70778880,9.0
26,225,10,5,5,0,1.778081433,2,0.2,4,6,0.4,4,3,0,2,4,1,0.5714285714285714,21233664,0.4
26,226,1,0,1,0,0.114386693,1,0.1,0,1,0.0,0,1,0,0,0,1,0.0,7077888,0.0
26,227,13,12,1,1,2.9008630370000006,3,0.3,7,6,0.5384615384615384,1,2,1,1,0,1,0.3333333333333333,14155776,0.3
26,229,13,13,0,0,2.6694374520000004,3,0.3,0,13,0.0,0,3,0,3,0,0,0.0,21233664,0.6
26,230,1,0,1,0,0.24302876,1,0.1,0,1,0.0,0,1,0,0,0,1,0.0,7077888,0.0
26,232,8,4,4,2,2.0341067309999996,2,0.2,2,6,0.25,2,3,0,1,2,2,0.4,21233664,0.4
26,233,5,0,5,1,1.123998135,2,0.2,2,3,0.4,2,3,0,0,2,3,0.4,21233664,0.4
26,235,1,1,0,0,0.0969455838,1,0.1,0,1,0.0,0,1,0,1,0,0,0.0,7077888,0.0
26,236,10,9,1,2,2.654220923,3,0.3,4,6,0.4,1,3,1,2,0,1,0.25,21233664,0.6
26,237,30,15,15,1,6.719480680000001,2,0.2,14,16,0.4666666666666667,14,3,0,2,14,1,0.8235294117647058,21233664,0.4
26,238,6,3,3,0,1.0888625090000001,1,0.1,2,4,0.3333333333333333,2,2,0,1,2,1,0.5,14155776,0.1
26,239,28,28,0,1,5.281636119900002,5,0.5,3,25,0.10714285714285714,2,3,2,3,0,0,0.4,21233664,1.0
26,240,49,29,20,15,14.820159583999995,4,0.4,29,20,0.5918367346938775,19,5,1,3,18,2,0.7916666666666666,35389440,1.6
26,241,8,2,6,1,1.992913291,1,0.1,5,3,0.625,5,2,0,1,5,1,0.7142857142857143,14155776,0.1
26,242,10,9,1,2,2.431754782,1,0.1,0,10,0.0,0,2,0,1,0,1,0.0,14155776,0.1
26,244,14,0,14,0,2.8808143439999996,2,0.2,12,2,0.8571428571428571,12,2,0,0,12,2,0.8571428571428571,14155776,0.2
26,245,3,1,2,0,0.638501048,2,0.2,0,3,0.0,0,3,0,1,0,2,0.0,21233664,0.4
26,248,1,1,0,0,0.110847786,1,0.1,0,1,0.0,0,1,0,1,0,0,0.0,7077888,0.0
26,249,3,0,3,0,0.753696963,1,0.1,2,1,0.6666666666666666,2,1,0,0,2,1,0.6666666666666666,7077888,0.0
26,251,2,1,1,0,0.48583465800000003,2,0.2,0,2,0.0,0,2,0,1,0,1,0.0,14155776,0.2
26,252,2,2,0,0,0.230522558,2,0.2,0,2,0.0,0,2,0,2,0,0,0.0,14155776,0.2
26,253,56,13,43,3,10.505354408299997,7,0.7,44,12,0.7857142857142857,42,6,2,3,40,3,0.875,42467328,3.5
26,254,25,6,19,6,6.434437321,3,0.3,19,6,0.76,18,3,1,1,17,2,0.8571428571428571,21233664,0.6
27,0,4,1,3,1,1.235350966,1,0.1,2,2,0.5,2,2,0,1,2,1,0.5,14155776,0.1
27,1,1,1,0,0,0.12392626,1,0.1,0,1,0.0,0,1,0,1,0,0,0.0,7077888,0.0
27,2,1,0,1,0,0.239295363,1,0.1,0,1,0.0,0,1,0,0,0,1,0.0,7077888,0.0
27,3,22,3,19,0,4.122351408999999,5,0.5,14,8,0.6363636363636364,14,6,0,1,14,5,0.7,42467328,2.5
27,4,16,10,6,2,3.1219825152,2,0.2,5,11,0.3125,5,3,0,2,5,1,0.625,21233664,0.4
27,5,5,3,2,0,0.7479993037000001,2,0.2,0,5,0.0,0,3,0,1,0,2,0.0,21233664,0.4
27,6,2,0,2,0,0.285546303,1,0.1,1,1,0.5,1,1,0,0,1,1,0.5,7077888,0.0
27,9,7,7,0,0,0.861561325,4,0.4,0,7,0.0,0,4,0,4,0,0,0.0,28311552,1.2000000000000002
27,10,4,1,3,1,1.1744700959999999,1,0.1,2,2,0.5,2,2,0,1,2,1,0.5,14155776,0.1
27,11,4,4,0,0,0.5795418843,3,0.3,0,4,0.0,0,3,0,3,0,0,0.0,21233664,0.6
27,12,97,57,40,29,28.546292745500008,10,1.0,77,20,0.7938144329896907,43,7,5,5,38,2,0.86,49545216,6.0
27,13,1,1,0,0,0.257819355,1,0.1,0,1,0.0,0,1,0,1,0,0,0.0,7077888,0.0
27,14,2,1,1,0,0.37094535,2,0.2,0,2,0.0,0,2,0,1,0,1,0.0,14155776,0.2
27,16,4,1,3,0,0.751724347,2,0.2,0,4,0.0,0,4,0,1,0,3,0.0,28311552,0.6000000000000001
27,18,28,12,16,0,4.195902854800002,8,0.8,16,12,0.5714285714285714,15,7,2,4,13,3,0.6818181818181818,49545216,4.800000000000001
27,19,1,1,0,0,0.260202199,1,0.1,0,1,0.0,0,1,0,1,0,0,0.0,7077888,0.0
27,20,1,1,0,0,0.0979155451,1,0.1,0,1,0.0,0,1,0,1,0,0,0.0,7077888,0.0
27,21,6,2,4,0,0.9461946233,2,0.2,2,4,0.3333333333333333,2,3,0,1,2,2,0.4,21233664,0.4
27,23,21,6,15,4,5.244938226200001,3,0.3,13,8,0.6190476190476191,13,5,0,3,13,2,0.7222222222222222,35389440,1.2
27,24,4,2,2,0,0.5354579681,4,0.4,0,4,0.0,0,4,0,2,0,2,0.0,28311552,1.2000000000000002
27,25,83,76,7,4,15.807160037500001,10,1.0,20,63,0.24096385542168675,8,9,3,7,5,2,0.47058823529411764,63700992,8.0
27,26,2,1,1,0,0.2748107018,2,0.2,0,2,0.0,0,2,0,1,0,1,0.0,14155776,0.2
27,27,17,8,9,1,3.4562332844000005,5,0.5,6,11,0.35294117647058826,6,8,0,5,6,3,0.42857142857142855,56623104,3.5
27,28,3,3,0,0,0.4932430391,2,0.2,0,3,0.0,0,2,0,2,0,0,0.0,14155776,0.2
27,29,2,0,2,0,0.306228012,1,0.1,1,1,0.5,1,1,0,0,1,1,0.5,7077888,0.0
27,32,2,2,0,0,0.305951044,1,0.1,0,2,0.0,0,1,0,1,0,0,0.0,7077888,0.0
27,34,2,1,1,0,0.23934294299999997,2,0.2,0,2,0.0,0,2,0,1,0,1,0.0,14155776,0.2
27,35,17,9,8,3,5.5604343720000005,3,0.3,11,6,0.6470588235294118,8,3,1,2,7,1,0.7272727272727273,21233664,0.6
27,36,3,3,0,0,0.465984218,3,0.3,0,3,0.0,0,3,0,3,0,0,0.0,21233664,0.6
27,37,3,0,3,0,0.48301830900000003,1,0.1,1,2,0.3333333333333333,1,2,0,0,1,2,0.3333333333333333,14155776,0.1
27,38,8,8,0,0,1.2350903684999999,1,0.1,0,8,0.0,0,1,0,1,0,0,0.0,7077888,0.0
27,39,67,40,27,23,21.411096535800006,10,1.0,49,18,0.7313432835820896,28,9,7,3,21,6,0.7567567567567568,63700992,8.0
27,41,5,4,1,0,1.091415703,2,0.2,0,5,0.0,0,2,0,1,0,1,0.0,14155776,0.2
27,42,10,6,4,1,2.091446946,2,0.2,2,8,0.2,2,3,0,1,2,2,0.4,21233664,0.4
27,44,8,4,4,2,2.404262871,2,0.2,2,6,0.25,2,4,0,2,2,2,0.3333333333333333,28311552,0.6000000000000001
27,45,1,1,0,0,0.19374457,1,0.1,0,1,0.0,0,1,0,1,0,0,0.0,7077888,0.0
27,46,7,5,2,0,1.7279205469999999,3,0.3,0,7,0.0,0,5,0,3,0,2,0.0,35389440,1.2
27,47,1,0,1,1,0.454595864,1,0.1,0,1,0.0,0,1,0,0,0,1,0.0,7077888,0.0
27,48,12,6,6,0,2.495373563,5,0.5,2,10,0.16666666666666666,2,6,0,2,2,4,0.25,42467328,2.5
27,49,1,1,0,0,0.234335423,1,0.1,0,1,0.0,0,1,0,1,0,0,0.0,7077888,0.0
27,50,16,3,13,1,3.239271714,2,0.2,12,4,0.75,12,3,0,2,12,1,0.8,21233664,0.4
27,54,3,1,2,0,0.3760422315,3,0.3,0,3,0.0,0,3,0,1,0,2,0.0,21233664,0.6
27,55,18,12,6,4,4.640913470999999,5,0.5,4,14,0.2222222222222222,4,6,0,4,4,2,0.4,42467328,2.5
27,56,15,6,9,0,1.9292001999,3,0.3,5,10,0.3333333333333333,5,5,0,1,5,4,0.5,35389440,1.2
27,57,4,2,2,0,0.690233648,2,0.2,0,4,0.0,0,3,0,1,0,2,0.0,21233664,0.4
27,58,16,16,0,0,4.696444709,10,1.0,0,16,0.0,0,10,0,10,0,0,0.0,70778880,9.0
27,59,3,3,0,0,0.483737528,2,0.2,0,3,0.0,0,2,0,2,0,0,0.0,14155776,0.2
27,60,1,0,1,0,0.219682172,1,0.1,0,1,0.0,0,1,0,0,0,1,0.0,7077888,0.0
27,63,6,5,1,0,0.8738619009999999,5,0.5,0,6,0.0,0,6,0,5,0,1,0.0,42467328,2.5
27,64,11,5,6,0,1.961977705,4,0.4,2,9,0.18181818181818182,2,6,1,1,1,5,0.25,42467328,2.0
27,65,3,2,1,0,0.468449905,2,0.2,0,3,0.0,0,2,0,1,0,1,0.0,14155776,0.2
27,66,38,17,21,20,16.059996592999997,3,0.3,22,16,0.5789473684210527,22,2,1,2,21,0,0.9166666666666666,14155776,0.3
27,68,12,4,8,2,2.5796724482999998,5,0.5,5,7,0.4166666666666667,5,6,0,3,5,3,0.45454545454545453,42467328,2.5
27,70,7,7,0,0,1.172986783,1,0.1,0,7,0.0,0,1,0,1,0,0,0.0,7077888,0.0
27,71,22,3,19,14,10.262419822000002,3,0.3,19,3,0.8636363636363636,19,3,1,2,18,1,0.8636363636363636,21233664,0.6
27,72,46,35,11,14,15.201909775600003,7,0.7,14,32,0.30434782608695654,11,7,2,5,9,2,0.6111111111111112,49545216,4.199999999999999
27,73,7,3,4,0,1.0352283871999999,5,0.5,0,7,0.0,0,7,0,3,0,4,0.0,49545216,3.0
27,75,13,4,9,7,6.153588155800001,3,0.3,8,5,0.6153846153846154,8,3,0,2,8,1,0.7272727272727273,21233664,0.6
27,77,47,36,11,9,13.0115800387,9,0.9,16,31,0.3404255319148936,11,9,2,7,9,2,0.55,63700992,7.2
27,78,1,1,0,0,0.118822634,1,0.1,0,1,0.0,0,1,0,1,0,0,0.0,7077888,0.0
27,80,2,1,1,1,0.9530730839999999,1,0.1,0,2,0.0,0,2,0,1,0,1,0.0,14155776,0.1
27,81,1,0,1,0,0.197814301,1,0.1,0,1,0.0,0,1,0,0,0,1,0.0,7077888,0.0
27,83,8,5,3,2,2.283737348,1,0.1,3,5,0.375,3,1,0,1,3,0,0.75,7077888,0.0
27,84,1,0,1,0,0.11753504,1,0.1,0,1,0.0,0,1,0,0,0,1,0.0,7077888,0.0
27,85,24,17,7,0,4.549032889,3,0.3,14,10,0.5833333333333334,5,5,1,2,4,3,0.5,35389440,1.2
27,86,19,7,12,0,4.054227739,2,0.2,10,9,0.5263157894736842,10,4,0,2,10,2,0.7142857142857143,28311552,0.6000000000000001
27,87,3,1,2,0,0.44960620900000003,3,0.3,1,2,0.3333333333333333,1,2,1,0,0,2,0.3333333333333333,14155776,0.3
27,88,7,0,7,0,1.0338419540000001,3,0.3,3,4,0.42857142857142855,3,4,0,0,3,4,0.42857142857142855,28311552,0.8999999999999999
27,90,4,2,2,0,1.107670903,3,0.3,0,4,0.0,0,4,0,2,0,2,0.0,28311552,0.8999999999999999
27,92,1,0,1,0,0.192035496,1,0.1,0,1,0.0,0,1,0,0,0,1,0.0,7077888,0.0
27,93,1,1,0,0,0.138097271,1,0.1,0,1,0.0,0,1,0,1,0,0,0.0,7077888,0.0
27,94,11,8,3,7,4.275151356,5,0.5,2,9,0.18181818181818182,1,7,1,4,0,3,0.125,49545216,3.0
27,95,28,27,1,0,4.696937935999999,10,1.0,2,26,0.07142857142857142,1,10,1,9,0,1,0.09090909090909091,70778880,9.0
27,96,10,10,0,0,0.1381115427,10,1.0,0,10,0.0,0,10,0,10,0,0,0.0,70778880,9.0
27,98,4,2,2,0,0.5420800308,3,0.3,0,4,0.0,0,4,0,2,0,2,0.0,28311552,0.8999999999999999
27,100,14,5,9,2,3.3191524889999995,4,0.4,6,8,0.42857142857142855,6,7,0,4,6,3,0.46153846153846156,49545216,2.4000000000000004
27,101,10,10,0,0,0.1932324357,10,1.0,0,10,0.0,0,10,0,10,0,0,0.0,70778880,9.0
27,102,17,11,6,3,4.256337970999999,5,0.5,2,15,0.11764705882352941,2,7,0,3,2,4,0.2222222222222222,49545216,3.0
27,103,1,0,1,0,0.190367162,1,0.1,0,1,0.0,0,1,0,0,0,1,0.0,7077888,0.0
27,104,6,2,4,0,1.3239339289999998,4,0.4,2,4,0.3333333333333333,2,4,0,2,2,2,0.3333333333333333,28311552,1.2000000000000002
27,106,1,0,1,0,0.227679878,1,0.1,0,1,0.0,0,1,0,0,0,1,0.0,7077888,0.0
27,107,4,4,0,0,0.784549028,1,0.1,0,4,0.0,0,1,0,1,0,0,0.0,7077888,0.0
27,108,46,38,8,5,12.157409426600003,7,0.7,8,38,0.17391304347826086,7,7,1,5,6,2,0.5,49545216,4.199999999999999
27,109,17,8,9,1,3.2501337156,5,0.5,7,10,0.4117647058823529,6,5,1,1,5,4,0.5454545454545454,35389440,2.0
27,110,5,1,4,1,1.188214078,3,0.3,2,3,0.4,2,3,0,1,2,2,0.4,21233664,0.6
27,112,2,0,2,0,0.550192461,1,0.1,0,2,0.0,0,2,0,0,0,2,0.0,14155776,0.1
27,113,13,10,3,3,3.2669552711,4,0.4,2,11,0.15384615384615385,2,5,0,4,2,1,0.2857142857142857,35389440,1.6
27,114,8,2,6,0,1.7720731650000001,1,0.1,5,3,0.625,5,2,0,1,5,1,0.7142857142857143,14155776,0.1
27,115,26,17,9,12,8.116673723999998,3,0.3,14,12,0.5384615384615384,9,3,1,2,8,1,0.75,21233664,0.6
27,116,1,1,0,0,0.247959703,1,0.1,0,1,0.0,0,1,0,1,0,0,0.0,7077888,0.0
27,117,14,5,9,3,3.6398444381000004,4,0.4,7,7,0.5,7,6,0,4,7,2,0.5384615384615384,42467328,2.0
27,119,28,5,23,6,7.381586331499999,3,0.3,19,9,0.6785714285714286,19,5,0,1,19,4,0.7916666666666666,35389440,1.2
27,121,14,1,13,13,7.137582690000001,1,0.1,12,2,0.8571428571428571,12,2,0,1,12,1,0.8571428571428571,14155776,0.1
27,123,6,1,5,0,1.2591492834,1,0.1,3,3,0.5,3,3,0,1,3,2,0.5,21233664,0.2
27,124,10,10,0,0,0.7471985741,10,1.0,0,10,0.0,0,10,0,10,0,0,0.0,70778880,9.0
27,126,6,2,4,0,0.855634035,4,0.4,2,4,0.3333333333333333,2,4,0,2,2,2,0.3333333333333333,28311552,1.2000000000000002
27,127,1,0,1,1,0.395024836,1,0.1,0,1,0.0,0,1,0,0,0,1,0.0,7077888,0.0
27,128,24,21,3,4,4.470414669799999,10,1.0,1,23,0.041666666666666664,1,12,0,10,1,2,0.07692307692307693,84934656,11.0
27,130,36,19,17,10,11.583443583,2,0.2,16,20,0.4444444444444444,16,2,0,1,16,1,0.8888888888888888,14155776,0.2
27,131,9,4,5,2,2.20229365,3,0.3,4,5,0.4444444444444444,4,4,0,3,4,1,0.5,28311552,0.8999999999999999
27,132,1,1,0,0,0.0969650745,1,0.1,0,1,0.0,0,1,0,1,0,0,0.0,7077888,0.0
27,133,6,3,3,0,1.0382430264,4,0.4,1,5,0.16666666666666666,1,4,1,1,0,3,0.2,28311552,1.2000000000000002
27,134,12,8,4,1,2.9664838550000003,4,0.4,3,9,0.25,3,4,0,3,3,1,0.42857142857142855,28311552,1.2000000000000002
27,135,11,6,5,0,2.469066916,5,0.5,2,9,0.18181818181818182,2,7,0,4,2,3,0.2222222222222222,49545216,3.0
27,138,4,1,3,0,0.9059819439999999,3,0.3,0,4,0.0,0,4,0,1,0,3,0.0,28311552,0.8999999999999999
27,139,1,1,0,0,0.110604666,1,0.1,0,1,0.0,0,1,0,1,0,0,0.0,7077888,0.0
27,140,63,39,24,14,16.263369956600002,10,1.0,43,20,0.6825396825396826,23,11,7,3,16,8,0.6764705882352942,77856768,10.0
27,141,1,1,0,0,0.12830025,1,0.1,0,1,0.0,0,1,0,1,0,0,0.0,7077888,0.0
27,142,2,2,0,0,0.23632141899999998,1,0.1,0,2,0.0,0,1,0,1,0,0,0.0,7077888,0.0
27,144,2,0,2,0,0.30110088,1,0.1,0,2,0.0,0,2,0,0,0,2,0.0,14155776,0.1
27,147,1,1,0,0,0.0869608894,1,0.1,0,1,0.0,0,1,0,1,0,0,0.0,7077888,0.0
27,148,13,11,2,0,0.6193522617,10,1.0,2,11,0.15384615384615385,2,10,1,9,1,1,0.16666666666666666,70778880,9.0
27,149,2,0,2,0,0.7157474159999999,1,0.1,0,2,0.0,0,2,0,0,0,2,0.0,14155776,0.1
27,150,3,2,1,0,0.502284288,2,0.2,0,3,0.0,0,2,0,1,0,1,0.0,14155776,0.2
27,152,141,60,81,15,30.837642855000016,10,1.0,116,25,0.8226950354609929,85,6,7,3,78,3,0.9340659340659341,42467328,5.0
27,153,1,1,0,0,0.0897716433,1,0.1,0,1,0.0,0,1,0,1,0,0,0.0,7077888,0.0
27,154,12,12,0,0,0.23225302620000002,10,1.0,0,12,0.0,0,10,0,10,0,0,0.0,70778880,9.0
27,155,23,10,13,1,4.636035717,8,0.8,10,13,0.43478260869565216,10,10,1,6,9,4,0.5,70778880,7.2
27,157,1,1,0,0,0.128881887,1,0.1,0,1,0.0,0,1,0,1,0,0,0.0,7077888,0.0
27,159,11,9,2,1,2.408909456,4,0.4,7,4,0.6363636363636364,1,4,1,2,0,2,0.2,28311552,1.2000000000000002
27,160,22,6,16,0,4.093528188700001,5,0.5,12,10,0.5454545454545454,11,9,1,3,10,6,0.55,63700992,4.0
27,162,1,1,0,1,0.338466108,1,0.1,0,1,0.0,0,1,0,1,0,0,0.0,7077888,0.0
27,163,5,0,5,0,0.916014403,3,0.3,2,3,0.4,2,3,0,0,2,3,0.4,21233664,0.6
27,164,13,10,3,2,3.1746664200000003,2,0.2,3,10,0.23076923076923078,3,2,0,2,3,0,0.6,14155776,0.2
27,166,252,150,102,33,61.023502968799995,10,1.0,241,11,0.9563492063492064,111,1,9,1,102,0,0.9910714285714286,7077888,0.0
27,168,123,72,51,7,25.104605267500002,10,1.0,92,31,0.7479674796747967,54,7,6,4,48,3,0.8852459016393442,49545216,6.0
27,169,1,1,0,0,0.144857764,1,0.1,0,1,0.0,0,1,0,1,0,0,0.0,7077888,0.0
27,170,2,1,1,0,0.281611606,1,0.1,0,2,0.0,0,2,0,1,0,1,0.0,14155776,0.1
27,171,3,2,1,0,0.503621757,1,0.1,0,3,0.0,0,2,0,1,0,1,0.0,14155776,0.1
27,172,142,120,22,44,48.38926614489997,10,1.0,95,47,0.6690140845070423,23,9,7,3,16,6,0.71875,63700992,8.0
27,173,9,3,6,0,2.0187564199,6,0.6,3,6,0.3333333333333333,3,6,0,3,3,3,0.3333333333333333,42467328,3.0
27,174,27,20,7,3,6.395102716399999,6,0.6,9,18,0.3333333333333333,4,8,1,4,3,4,0.3333333333333333,56623104,4.2
27,176,5,3,2,0,0.9175698170000001,4,0.4,0,5,0.0,0,5,0,3,0,2,0.0,35389440,1.6
27,177,13,9,4,2,2.8452520676999997,3,0.3,6,7,0.46153846153846156,3,4,1,2,2,2,0.42857142857142855,28311552,0.8999999999999999
27,178,38,26,12,13,11.408615945999998,4,0.4,29,9,0.7631578947368421,12,3,2,1,10,2,0.8,21233664,0.8
27,179,8,7,1,1,1.468305215,4,0.4,0,8,0.0,0,5,0,4,0,1,0.0,35389440,1.6
27,181,12,9,3,0,1.9956591499999998,3,0.3,1,11,0.08333333333333333,1,4,0,2,1,2,0.2,28311552,0.8999999999999999
27,183,28,28,0,8,6.601995667500001,6,0.6,1,27,0.03571428571428571,1,5,1,5,0,0,0.16666666666666666,35389440,2.4
27,184,39,24,15,9,10.9666535497,6,0.6,22,17,0.5641025641025641,15,5,2,3,13,2,0.75,35389440,2.4
27,187,1,0,1,0,0.213629246,1,0.1,0,1,0.0,0,1,0,0,0,1,0.0,7077888,0.0
27,188,81,54,27,29,26.77560846,4,0.4,41,40,0.5061728395061729,28,2,1,2,27,0,0.9333333333333333,14155776,0.4
27,194,5,1,4,0,1.2153694640000001,1,0.1,2,3,0.4,2,3,0,1,2,2,0.4,21233664,0.2
27,195,1,0,1,0,0.0801304281,1,0.1,0,1,0.0,0,1,0,0,0,1,0.0,7077888,0.0
27,196,1,0,1,0,0.138131112,1,0.1,0,1,0.0,0,1,0,0,0,1,0.0,7077888,0.0
27,198,1,1,0,0,0.141423032,1,0.1,0,1,0.0,0,1,0,1,0,0,0.0,7077888,0.0
27,199,1,1,0,0,0.203864336,1,0.1,0,1,0.0,0,1,0,1,0,0,0.0,7077888,0.0
27,201,22,18,4,5,6.307851523200001,7,0.7,11,11,0.5,6,5,2,5,4,0,0.5454545454545454,35389440,2.8
27,202,2,2,0,1,0.52042637,1,0.1,0,2,0.0,0,1,0,1,0,0,0.0,7077888,0.0
27,203,15,2,13,0,3.6520672139999997,9,0.9,6,9,0.4,6,9,1,1,5,8,0.4,63700992,7.2
27,204,33,10,23,5,7.175603732,3,0.3,23,10,0.696969696969697,21,4,1,1,20,3,0.84,28311552,0.8999999999999999
27,206,1,0,1,0,0.148029253,1,0.1,0,1,0.0,0,1,0,0,0,1,0.0,7077888,0.0
27,207,3,2,1,1,0.885545031,1,0.1,0,3,0.0,0,2,0,1,0,1,0.0,14155776,0.1
27,208,2,0,2,0,0.28099595,1,0.1,1,1,0.5,1,1,0,0,1,1,0.5,7077888,0.0
27,209,7,7,0,0,1.184010177,3,0.3,0,7,0.0,0,3,0,3,0,0,0.0,21233664,0.6
27,211,11,11,0,1,3.4525645680000006,3,0.3,0,11,0.0,0,3,0,3,0,0,0.0,21233664,0.6
27,213,2,0,2,0,0.513806283,2,0.2,0,2,0.0,0,2,0,0,0,2,0.0,14155776,0.2
27,214,1,0,1,0,0.217486411,1,0.1,0,1,0.0,0,1,0,0,0,1,0.0,7077888,0.0
27,217,3,3,0,0,0.32503769520000003,2,0.2,0,3,0.0,0,2,0,2,0,0,0.0,14155776,0.2
27,218,38,13,25,2,8.1577917497,9,0.9,21,17,0.5526315789473685,21,10,1,5,20,5,0.6774193548387096,70778880,8.1
27,219,4,3,1,1,1.403210982,3,0.3,2,2,0.5,1,2,1,1,0,1,0.3333333333333333,14155776,0.3
27,220,9,1,8,3,2.3889405420000003,1,0.1,7,2,0.7777777777777778,7,2,0,1,7,1,0.7777777777777778,14155776,0.1
27,221,2,0,2,0,0.31078787100000005,1,0.1,0,2,0.0,0,2,0,0,0,2,0.0,14155776,0.1
27,222,23,14,9,2,4.1209903117,9,0.9,10,13,0.43478260869565216,9,8,3,5,6,3,0.5294117647058824,56623104,6.3
27,224,30,25,5,2,5.464265273800001,9,0.9,10,20,0.3333333333333333,5,9,4,5,1,4,0.35714285714285715,63700992,7.2
27,227,9,6,3,0,1.7038213610000001,3,0.3,2,7,0.2222222222222222,2,4,0,3,2,1,0.3333333333333333,28311552,0.8999999999999999
27,228,6,3,3,0,0.8008064618,4,0.4,0,6,0.0,0,5,0,2,0,3,0.0,35389440,1.6
27,231,7,5,2,3,2.216989323,4,0.4,0,7,0.0,0,5,0,3,0,2,0.0,35389440,1.6
27,232,13,2,11,1,2.4744956058,7,0.7,7,6,0.5384615384615384,7,6,1,1,6,5,0.5384615384615384,42467328,3.5
27,233,10,10,0,10,14.16375672,10,1.0,0,10,0.0,0,10,0,10,0,0,0.0,70778880,9.0
27,235,8,3,5,1,1.949640051,3,0.3,1,7,0.125,1,5,0,1,1,4,0.16666666666666666,35389440,1.2
27,236,1,0,1,0,0.352588713,1,0.1,0,1,0.0,0,1,0,0,0,1,0.0,7077888,0.0
27,237,1,1,0,0,0.140670657,1,0.1,0,1,0.0,0,1,0,1,0,0,0.0,7077888,0.0
27,239,21,7,14,3,5.299389274999999,3,0.3,10,11,0.47619047619047616,10,6,0,2,10,4,0.625,42467328,1.5
27,240,11,5,6,1,2.657528459,4,0.4,3,8,0.2727272727272727,3,5,0,2,3,3,0.375,35389440,1.6
27,241,8,2,6,0,2.052414984,1,0.1,6,2,0.75,6,1,0,1,6,0,0.8571428571428571,7077888,0.0
27,245,21,15,6,3,4.6593753567,7,0.7,5,16,0.23809523809523808,4,8,1,5,3,3,0.3333333333333333,56623104,4.8999999999999995
27,247,2,1,1,0,0.410196736,2,0.2,0,2,0.0,0,2,0,1,0,1,0.0,14155776,0.2
27,248,1,1,0,0,0.126461044,1,0.1,0,1,0.0,0,1,0,1,0,0,0.0,7077888,0.0
27,249,1,0,1,0,0.100674458,1,0.1,0,1,0.0,0,1,0,0,0,1,0.0,7077888,0.0
27,250,2,2,0,1,0.652787954,2,0.2,0,2,0.0,0,2,0,2,0,0,0.0,14155776,0.2
27,251,1,1,0,0,0.0873085111,1,0.1,0,1,0.0,0,1,0,1,0,0,0.0,7077888,0.0
27,254,1,0,1,0,0.158084631,1,0.1,0,1,0.0,0,1,0,0,0,1,0.0,7077888,0.0
28,0,1,1,0,0,0.215597868,1,0.1,0,1,0.0,0,1,0,1,0,0,0.0,7077888,0.0
28,1,4,4,0,1,0.83192274,4,0.4,0,4,0.0,0,4,0,4,0,0,0.0,28311552,1.2000000000000002
28,2,1,1,0,0,0.14730075,1,0.1,0,1,0.0,0,1,0,1,0,0,0.0,7077888,0.0
28,3,11,8,3,0,2.266746329,1,0.1,2,9,0.18181818181818182,2,2,0,1,2,1,0.5,14155776,0.1
28,6,3,0,3,0,0.480664343,2,0.2,1,2,0.3333333333333333,1,2,0,0,1,2,0.3333333333333333,14155776,0.2
28,7,20,16,4,6,5.431515416999999,10,1.0,8,12,0.4,6,8,4,6,2,2,0.42857142857142855,56623104,7.0
28,8,1,0,1,0,0.166604102,1,0.1,0,1,0.0,0,1,0,0,0,1,0.0,7077888,0.0
28,9,33,2,31,1,6.4871159480000005,5,0.5,30,3,0.9090909090909091,30,3,2,0,28,3,0.9090909090909091,21233664,1.0
28,10,5,0,5,0,0.679183014,1,0.1,4,1,0.8,4,1,0,0,4,1,0.8,7077888,0.0
28,11,1,1,0,0,0.276384354,1,0.1,0,1,0.0,0,1,0,1,0,0,0.0,7077888,0.0
28,12,14,8,6,0,3.0180429970000002,2,0.2,3,11,0.21428571428571427,3,5,0,2,3,3,0.375,35389440,0.8
28,13,1,1,0,0,0.1190129,1,0.1,0,1,0.0,0,1,0,1,0,0,0.0,7077888,0.0
28,14,32,28,4,3,6.281487817599999,10,1.0,10,22,0.3125,5,9,2,8,3,1,0.35714285714285715,63700992,8.0
28,15,29,13,16,0,8.100672352,2,0.2,15,14,0.5172413793103449,15,2,0,1,15,1,0.8823529411764706,14155776,0.2
28,19,58,22,36,10,15.388252393799997,10,1.0,49,9,0.8448275862068966,38,8,9,1,29,7,0.8260869565217391,56623104,7.0
28,20,4,1,3,3,2.096184492,1,0.1,2,2,0.5,2,2,0,1,2,1,0.5,14155776,0.1
28,22,8,8,0,2,2.0113986433999997,6,0.6,0,8,0.0,0,6,0,6,0,0,0.0,42467328,3.0
28,23,51,23,28,24,19.190384192,2,0.2,28,23,0.5490196078431373,28,2,0,2,28,0,0.9333333333333333,14155776,0.2
28,25,16,2,14,0,3.3047623170000002,3,0.3,11,5,0.6875,11,5,0,2,11,3,0.6875,35389440,1.2
28,27,82,37,45,1,14.5066425253,9,0.9,68,14,0.8292682926829268,47,7,5,4,42,3,0.8703703703703703,49545216,5.4
28,28,4,2,2,0,0.585194953,3,0.3,1,3,0.25,1,3,1,1,0,2,0.25,21233664,0.6
28,29,17,6,11,1,3.606370764,4,0.4,7,10,0.4117647058823529,7,6,1,1,6,5,0.5384615384615384,42467328,2.0
28,32,11,11,0,10,14.504493533,10,1.0,0,11,0.0,0,10,0,10,0,0,0.0,70778880,9.0
28,33,1,0,1,0,0.24833107,1,0.1,0,1,0.0,0,1,0,0,0,1,0.0,7077888,0.0
28,34,1,1,0,0,0.130218804,1,0.1,0,1,0.0,0,1,0,1,0,0,0.0,7077888,0.0
28,37,3,1,2,0,0.577385917,2,0.2,1,2,0.3333333333333333,1,2,0,1,1,1,0.3333333333333333,14155776,0.2
28,38,13,10,3,0,0.7251662232,10,1.0,3,10,0.23076923076923078,3,10,1,9,2,1,0.23076923076923078,70778880,9.0
28,39,1,1,0,0,0.115924209,1,0.1,0,1,0.0,0,1,0,1,0,0,0.0,7077888,0.0
28,41,6,3,3,0,1.381196827,3,0.3,2,4,0.3333333333333333,2,4,0,3,2,1,0.3333333333333333,28311552,0.8999999999999999
28,43,33,21,12,11,10.571204841100002,6,0.6,11,22,0.3333333333333333,11,7,1,5,10,2,0.6111111111111112,49545216,3.5999999999999996
28,44,3,3,0,0,0.556148305,2,0.2,0,3,0.0,0,2,0,2,0,0,0.0,14155776,0.2
28,48,1,0,1,0,0.132486761,1,0.1,0,1,0.0,0,1,0,0,0,1,0.0,7077888,0.0
28,49,2,2,0,0,0.471276969,1,0.1,0,2,0.0,0,1,0,1,0,0,0.0,7077888,0.0
28,51,5,0,5,0,0.7636957469999999,3,0.3,2,3,0.4,2,3,0,0,2,3,0.4,21233664,0.6
28,52,1,0,1,0,0.153338298,1,0.1,0,1,0.0,0,1,0,0,0,1,0.0,7077888,0.0
28,53,8,4,4,3,3.116421893,2,0.2,3,5,0.375,3,2,0,1,3,1,0.6,14155776,0.2
28,54,14,3,11,3,3.9886831190000005,1,0.1,10,4,0.7142857142857143,10,2,0,1,10,1,0.8333333333333334,14155776,0.1
28,55,2,2,0,0,0.2509631663,1,0.1,0,2,0.0,0,1,0,1,0,0,0.0,7077888,0.0
28,56,11,2,9,0,3.0238754300000004,6,0.6,3,8,0.2727272727272727,3,7,0,1,3,6,0.3,49545216,3.5999999999999996
28,57,5,4,1,0,0.891792998,2,0.2,0,5,0.0,0,3,0,2,0,1,0.0,21233664,0.4
28,58,1,1,0,0,0.16030629,1,0.1,0,1,0.0,0,1,0,1,0,0,0.0,7077888,0.0
28,59,1,0,1,0,0.11972516,1,0.1,0,1,0.0,0,1,0,0,0,1,0.0,7077888,0.0
28,61,11,9,2,2,2.444499903,6,0.6,1,10,0.09090909090909091,1,7,0,6,1,1,0.125,49545216,3.5999999999999996
28,62,14,4,10,1,2.8487481180000005,2,0.2,9,5,0.6428571428571429,9,3,0,2,9,1,0.75,21233664,0.4
28,65,1,0,1,0,0.161004886,1,0.1,0,1,0.0,0,1,0,0,0,1,0.0,7077888,0.0
28,67,3,0,3,0,0.44068153200000004,3,0.3,0,3,0.0,0,3,0,0,0,3,0.0,21233664,0.6
28,68,6,3,3,0,1.02915375,2,0.2,2,4,0.3333333333333333,2,2,0,1,2,1,0.5,14155776,0.2
28,69,83,69,14,16,23.05896492099999,10,1.0,41,42,0.4939759036144578,15,9,2,8,13,1,0.625,63700992,8.0
28,71,11,5,6,0,2.0009366880000004,6,0.6,6,5,0.5454545454545454,6,5,2,3,4,2,0.5454545454545454,35389440,2.4
28,72,170,99,71,4,36.723295388900006,10,1.0,163,7,0.9588235294117647,78,3,9,1,69,2,0.9629629629629629,21233664,2.0
28,73,5,4,1,0,1.075082362,2,0.2,0,5,0.0,0,2,0,1,0,1,0.0,14155776,0.2
28,74,2,2,0,0,0.349797428,2,0.2,0,2,0.0,0,2,0,2,0,0,0.0,14155776,0.2
28,75,16,15,1,2,3.3801350230000002,3,0.3,0,16,0.0,0,4,0,3,0,1,0.0,28311552,0.8999999999999999
28,79,2,1,1,0,0.40438273599999996,2,0.2,0,2,0.0,0,2,0,1,0,1,0.0,14155776,0.2
28,80,6,3,3,2,1.8289749169999998,4,0.4,2,4,0.3333333333333333,2,4,0,3,2,1,0.3333333333333333,28311552,1.2000000000000002
28,81,15,12,3,6,5.022027506,4,0.4,2,13,0.13333333333333333,2,5,0,4,2,1,0.2857142857142857,35389440,1.6
28,83,2,2,0,0,0.45041088799999995,1,0.1,0,2,0.0,0,1,0,1,0,0,0.0,7077888,0.0
28,84,1,1,0,0,0.055565767,1,0.1,0,1,0.0,0,1,0,1,0,0,0.0,7077888,0.0
28,85,22,17,5,7,6.303851053999999,10,1.0,9,13,0.4090909090909091,6,9,5,5,1,4,0.4,63700992,8.0
28,86,1,1,0,0,0.198223948,1,0.1,0,1,0.0,0,1,0,1,0,0,0.0,7077888,0.0
28,87,20,19,1,0,4.230249583000001,6,0.6,3,17,0.15,1,6,1,5,0,1,0.14285714285714285,42467328,3.0
28,88,1,1,0,0,0.148702785,1,0.1,0,1,0.0,0,1,0,1,0,0,0.0,7077888,0.0
28,89,38,34,4,12,12.193569764999998,9,0.9,5,33,0.13157894736842105,5,8,2,7,3,1,0.38461538461538464,56623104,6.3
28,90,1,1,0,1,1.02668059,1,0.1,0,1,0.0,0,1,0,1,0,0,0.0,7077888,0.0
28,91,22,8,14,7,6.597853512999999,2,0.2,11,11,0.5,11,4,0,1,11,3,0.7333333333333333,28311552,0.6000000000000001
28,93,5,2,3,2,1.4206295310000001,2,0.2,3,2,0.6,3,2,1,1,2,1,0.6,14155776,0.2
28,94,56,24,32,1,10.905801609999997,9,0.9,42,14,0.75,34,6,4,4,30,2,0.85,42467328,4.5
28,95,11,6,5,2,2.923605904,1,0.1,5,6,0.45454545454545453,5,1,0,1,5,0,0.8333333333333334,7077888,0.0
28,101,92,49,43,18,24.987250137700006,10,1.0,79,13,0.8586956521739131,45,8,9,1,36,7,0.8490566037735849,56623104,7.0
28,102,2,2,0,0,0.25035341099999997,2,0.2,0,2,0.0,0,2,0,2,0,0,0.0,14155776,0.2
28,103,3,0,3,0,0.613334745,1,0.1,1,2,0.3333333333333333,1,2,0,0,1,2,0.3333333333333333,14155776,0.1
28,104,12,3,9,2,2.5442719240000002,3,0.3,6,6,0.5,6,5,0,2,6,3,0.5454545454545454,35389440,1.2
28,107,2,2,0,0,0.427272857,2,0.2,0,2,0.0,0,2,0,2,0,0,0.0,14155776,0.2
28,108,1,1,0,0,0.135280401,1,0.1,0,1,0.0,0,1,0,1,0,0,0.0,7077888,0.0
28,109,10,6,4,0,1.6376673494999998,6,0.6,4,6,0.4,2,6,2,2,0,4,0.25,42467328,3.0
28,110,32,13,19,19,11.872596041000003,2,0.2,18,14,0.5625,18,3,0,2,18,1,0.8571428571428571,21233664,0.4
28,111,12,9,3,1,3.432790146,1,0.1,3,9,0.25,3,1,0,1,3,0,0.75,7077888,0.0
28,112,2,1,1,1,0.605524778,2,0.2,1,1,0.5,1,1,1,0,0,1,0.5,7077888,0.0
28,113,11,2,9,1,1.747140736,1,0.1,8,3,0.7272727272727273,8,2,0,1,8,1,0.8,14155776,0.1
28,114,10,10,0,0,0.1144274716,10,1.0,0,10,0.0,0,10,0,10,0,0,0.0,70778880,9.0
28,115,1,0,1,0,0.193735197,1,0.1,0,1,0.0,0,1,0,0,0,1,0.0,7077888,0.0
28,117,1,1,0,0,0.117973208,1,0.1,0,1,0.0,0,1,0,1,0,0,0.0,7077888,0.0
28,118,1,1,0,0,0.16347231,1,0.1,0,1,0.0,0,1,0,1,0,0,0.0,7077888,0.0
28,119,39,38,1,5,7.634030147900003,10,1.0,10,29,0.2564102564102564,3,8,3,7,0,1,0.2727272727272727,56623104,7.0
28,120,1,0,1,0,0.114496149,1,0.1,0,1,0.0,0,1,0,0,0,1,0.0,7077888,0.0
28,121,12,7,5,2,2.3093931154,5,0.5,5,7,0.4166666666666667,3,5,1,2,2,3,0.375,35389440,2.0
28,124,6,6,0,0,1.001556396,2,0.2,0,6,0.0,0,2,0,2,0,0,0.0,14155776,0.2
28,127,8,0,8,0,1.5847054497,1,0.1,6,2,0.75,6,2,0,0,6,2,0.75,14155776,0.1
28,128,1,1,0,0,0.195737571,1,0.1,0,1,0.0,0,1,0,1,0,0,0.0,7077888,0.0
28,129,4,3,1,0,0.8379120090000001,2,0.2,0,4,0.0,0,2,0,1,0,1,0.0,14155776,0.2
28,130,243,195,48,84,76.55413495730001,10,1.0,153,90,0.6296296296296297,53,5,5,5,48,0,0.9137931034482759,35389440,4.0
28,131,4,4,0,0,0.776819347,2,0.2,0,4,0.0,0,2,0,2,0,0,0.0,14155776,0.2
28,132,6,0,6,0,0.918263659,3,0.3,2,4,0.3333333333333333,2,4,0,0,2,4,0.3333333333333333,28311552,0.8999999999999999
28,135,11,7,4,1,3.0395226779999995,6,0.6,3,8,0.2727272727272727,3,6,1,4,2,2,0.3333333333333333,42467328,3.0
28,136,6,2,4,0,0.9822560040000001,4,0.4,1,5,0.16666666666666666,1,4,0,1,1,3,0.2,28311552,1.2000000000000002
28,137,6,6,0,0,1.0532835649999999,4,0.4,0,6,0.0,0,4,0,4,0,0,0.0,28311552,1.2000000000000002
28,138,1,0,1,0,0.148571283,1,0.1,0,1,0.0,0,1,0,0,0,1,0.0,7077888,0.0
28,140,8,0,8,0,2.019887791,1,0.1,7,1,0.875,7,1,0,0,7,1,0.875,7077888,0.0
28,141,6,4,2,1,1.415189386,2,0.2,0,6,0.0,0,3,0,1,0,2,0.0,21233664,0.4
28,142,42,4,38,8,9.2268102684,6,0.6,35,7,0.8333333333333334,34,7,2,1,32,6,0.8292682926829268,49545216,3.5999999999999996
28,145,11,11,0,1,2.5749437825,5,0.5,0,11,0.0,0,5,0,5,0,0,0.0,35389440,2.0
28,146,11,4,7,2,3.146119,4,0.4,3,8,0.2727272727272727,3,6,0,2,3,4,0.3333333333333333,42467328,2.0
28,147,5,5,0,0,0.5917756710000001,4,0.4,0,5,0.0,0,4,0,4,0,0,0.0,28311552,1.2000000000000002
28,148,1,1,0,0,0.132175922,1,0.1,0,1,0.0,0,1,0,1,0,0,0.0,7077888,0.0
28,149,15,13,2,1,3.1117464,2,0.2,10,5,0.6666666666666666,3,1,1,1,2,0,0.75,7077888,0.0
28,151,9,1,8,0,1.6849194020000002,3,0.3,5,4,0.5555555555555556,5,4,0,1,5,3,0.5555555555555556,28311552,0.8999999999999999
28,152,303,177,126,61,80.27170308519987,10,1.0,289,14,0.9537953795379538,135,1,9,1,126,0,0.9926470588235294,7077888,0.0
28,154,5,2,3,0,0.6229115869999999,2,0.2,2,3,0.4,2,3,0,2,2,1,0.4,21233664,0.4
28,155,5,5,0,0,0.6776563671,3,0.3,0,5,0.0,0,3,0,3,0,0,0.0,21233664,0.6
28,156,11,10,1,1,2.5023426539999996,2,0.2,0,11,0.0,0,3,0,2,0,1,0.0,21233664,0.4
28,158,1,0,1,0,0.157451421,1,0.1,0,1,0.0,0,1,0,0,0,1,0.0,7077888,0.0
28,159,1,1,0,0,0.193137065,1,0.1,0,1,0.0,0,1,0,1,0,0,0.0,7077888,0.0
28,160,24,5,19,1,4.1870871042,5,0.5,19,5,0.7916666666666666,16,5,1,1,15,4,0.7619047619047619,35389440,2.0
28,161,7,6,1,0,1.1339145449999999,2,0.2,0,7,0.0,0,3,0,2,0,1,0.0,21233664,0.4
28,162,15,10,5,3,4.573987081000001,3,0.3,3,12,0.2,3,5,0,3,3,2,0.375,35389440,1.2
28,163,10,6,4,1,2.6820749649000004,3,0.3,2,8,0.2,2,4,0,2,2,2,0.3333333333333333,28311552,0.8999999999999999
28,165,6,3,3,0,1.0071701715,5,0.5,1,5,0.16666666666666666,1,5,0,3,1,2,0.16666666666666666,35389440,2.0
28,166,12,10,2,0,1.974727466,10,1.0,1,11,0.08333333333333333,1,11,1,9,0,2,0.08333333333333333,77856768,10.0
28,167,5,4,1,2,1.395178512,3,0.3,0,5,0.0,0,4,0,3,0,1,0.0,28311552,0.8999999999999999
28,170,16,11,5,1,3.3563364728000002,4,0.4,3,13,0.1875,3,6,0,4,3,2,0.3333333333333333,42467328,2.0
28,171,7,4,3,2,1.782571643,1,0.1,2,5,0.2857142857142857,2,2,0,1,2,1,0.5,14155776,0.1
28,172,2,0,2,0,0.429098353,1,0.1,1,1,0.5,1,1,0,0,1,1,0.5,7077888,0.0
28,173,4,4,0,1,0.9393249749999999,2,0.2,0,4,0.0,0,2,0,2,0,0,0.0,14155776,0.2
28,176,5,4,1,0,0.650471486,4,0.4,1,4,0.2,1,4,1,3,0,1,0.2,28311552,1.2000000000000002
28,177,41,21,20,9,10.212663712000001,10,1.0,31,10,0.7560975609756098,23,7,8,2,15,5,0.7666666666666667,49545216,6.0
28,181,1,1,0,0,0.18746683,1,0.1,0,1,0.0,0,1,0,1,0,0,0.0,7077888,0.0
28,182,2,2,0,1,1.2381275299999999,1,0.1,0,2,0.0,0,1,0,1,0,0,0.0,7077888,0.0
28,183,1,1,0,0,0.0789801329,1,0.1,0,1,0.0,0,1,0,1,0,0,0.0,7077888,0.0
28,188,7,2,5,1,1.8712045099999999,1,0.1,3,4,0.42857142857142855,3,3,0,1,3,2,0.5,21233664,0.2
28,192,6,2,4,0,0.8391772505,3,0.3,3,3,0.5,3,3,0,2,3,1,0.5,21233664,0.6
28,193,4,3,1,0,0.526685141,2,0.2,0,4,0.0,0,2,0,1,0,1,0.0,14155776,0.2
28,194,2,0,2,0,0.357912421,2,0.2,0,2,0.0,0,2,0,0,0,2,0.0,14155776,0.2
28,195,12,2,10,1,4.00012508,2,0.2,9,3,0.75,9,3,0,2,9,1,0.75,21233664,0.4
28,196,5,1,4,0,1.067890018,2,0.2,2,3,0.4,2,3,0,1,2,2,0.4,21233664,0.4
28,198,3,1,2,0,0.521097913,2,0.2,2,1,0.6666666666666666,2,1,1,0,1,1,0.6666666666666666,7077888,0.0
28,200,1,0,1,0,0.198796079,1,0.1,0,1,0.0,0,1,0,0,0,1,0.0,7077888,0.0
28,201,22,22,0,0,4.530144995000001,10,1.0,4,18,0.18181818181818182,2,8,2,8,0,0,0.2,56623104,7.0
28,202,22,16,6,2,4.678359136,7,0.7,3,19,0.13636363636363635,3,8,0,5,3,3,0.2727272727272727,56623104,4.8999999999999995
28,203,16,14,2,1,3.5279083766999997,2,0.2,1,15,0.0625,1,3,0,2,1,1,0.25,21233664,0.4
28,204,29,25,4,0,5.305754575999999,10,1.0,6,23,0.20689655172413793,5,9,2,8,3,1,0.35714285714285715,63700992,8.0
28,205,8,3,5,0,1.4487277721999998,1,0.1,4,4,0.5,4,2,0,1,4,1,0.6666666666666666,14155776,0.1
28,206,29,11,18,11,10.603521927000001,3,0.3,20,9,0.6896551724137931,17,4,1,2,16,2,0.8095238095238095,28311552,0.8999999999999999
28,208,1,1,0,0,0.286576331,1,0.1,0,1,0.0,0,1,0,1,0,0,0.0,7077888,0.0
28,209,4,4,0,1,1.000998079,1,0.1,0,4,0.0,0,1,0,1,0,0,0.0,7077888,0.0
28,211,14,4,10,2,3.7369543839999997,4,0.4,9,5,0.6428571428571429,9,4,0,3,9,1,0.6923076923076923,28311552,1.2000000000000002
28,212,1,1,0,0,0.166933432,1,0.1,0,1,0.0,0,1,0,1,0,0,0.0,7077888,0.0
28,213,3,1,2,0,0.490947963,2,0.2,0,3,0.0,0,3,0,1,0,2,0.0,21233664,0.4
28,214,1,0,1,0,0.176871464,1,0.1,0,1,0.0,0,1,0,0,0,1,0.0,7077888,0.0
28,218,12,11,1,1,3.0964536959999998,2,0.2,0,12,0.0,0,3,0,2,0,1,0.0,21233664,0.4
28,219,31,8,23,18,10.366199955,4,0.4,21,10,0.6774193548387096,21,5,1,2,20,3,0.8076923076923077,35389440,1.6
28,220,10,3,7,1,2.561544835,3,0.3,6,4,0.6,6,3,0,2,6,1,0.6666666666666666,21233664,0.6
28,221,12,12,0,0,1.8764682697999997,5,0.5,0,12,0.0,0,5,0,5,0,0,0.0,35389440,2.0
28,222,19,8,11,1,3.8755830909000006,4,0.4,9,10,0.47368421052631576,9,5,1,2,8,3,0.6428571428571429,35389440,1.6
28,225,10,10,0,0,0.09341210498000002,10,1.0,0,10,0.0,0,10,0,10,0,0,0.0,70778880,9.0
28,226,3,3,0,0,0.536749228,1,0.1,0,3,0.0,0,1,0,1,0,0,0.0,7077888,0.0
28,227,15,5,10,0,3.0612394524,5,0.5,6,9,0.4,6,7,0,3,6,4,0.46153846153846156,49545216,3.0
28,228,10,5,5,1,2.0816154629,5,0.5,3,7,0.3,3,6,1,3,2,3,0.3333333333333333,42467328,2.5
28,229,3,3,0,0,0.378406286,2,0.2,0,3,0.0,0,2,0,2,0,0,0.0,14155776,0.2
28,230,10,10,0,0,0.058811937019999996,10,1.0,0,10,0.0,0,10,0,10,0,0,0.0,70778880,9.0
28,231,22,15,7,10,8.0274589348,10,1.0,8,14,0.36363636363636365,7,10,2,8,5,2,0.4117647058823529,70778880,9.0
28,232,1,1,0,0,0.10087721,1,0.1,0,1,0.0,0,1,0,1,0,0,0.0,7077888,0.0
28,233,6,5,1,0,1.102370487,2,0.2,0,6,0.0,0,2,0,1,0,1,0.0,14155776,0.2
28,234,1,1,0,1,0.347996593,1,0.1,0,1,0.0,0,1,0,1,0,0,0.0,7077888,0.0
28,235,2,0,2,0,0.294892773,2,0.2,0,2,0.0,0,2,0,0,0,2,0.0,14155776,0.2
28,237,1,1,0,0,0.0751944482,1,0.1,0,1,0.0,0,1,0,1,0,0,0.0,7077888,0.0
28,238,12,4,8,1,2.6452105859999997,2,0.2,7,5,0.5833333333333334,7,3,0,2,7,1,0.7,21233664,0.4
28,239,6,3,3,0,1.002390794,3,0.3,3,3,0.5,2,3,1,1,1,2,0.4,21233664,0.6
28,240,8,6,2,1,1.6994438402000003,3,0.3,3,5,0.375,2,3,1,2,1,1,0.4,21233664,0.6
28,241,3,2,1,0,0.45295342800000005,3,0.3,0,3,0.0,0,3,0,2,0,1,0.0,21233664,0.6
28,244,2,0,2,0,0.2334338575,1,0.1,1,1,0.5,1,1,0,0,1,1,0.5,7077888,0.0
28,246,10,2,8,8,4.340014086,1,0.1,8,2,0.8,8,1,0,1,8,0,0.8888888888888888,7077888,0.0
28,247,58,58,0,2,10.883619747799997,10,1.0,3,55,0.05172413793103448,2,8,2,8,0,0,0.2,56623104,7.0
28,249,2,2,0,0,0.388299957,1,0.1,0,2,0.0,0,1,0,1,0,0,0.0,7077888,0.0
28,250,5,3,2,0,0.8883526620000001,3,0.3,2,3,0.4,1,3,1,1,0,2,0.25,21233664,0.6
28,251,6,3,3,1,1.7517421680000003,3,0.3,1,5,0.16666666666666666,1,3,0,1,1,2,0.25,21233664,0.6
28,253,3,0,3,0,0.5776161400000001,1,0.1,2,1,0.6666666666666666,2,1,0,0,2,1,0.6666666666666666,7077888,0.0
28,254,44,16,28,10,10.821587027,3,0.3,41,3,0.9318181818181818,28,3,2,1,26,2,0.9032258064516129,21233664,0.6
28,255,1,1,0,0,0.0948498398,1,0.1,0,1,0.0,0,1,0,1,0,0,0.0,7077888,0.0
29,1,1,1,0,0,0.128796712,1,0.1,0,1,0.0,0,1,0,1,0,0,0.0,7077888,0.0
29,2,47,42,5,1,10.749232192900003,10,1.0,16,31,0.3404255319148936,5,10,3,7,2,3,0.3333333333333333,70778880,9.0
29,3,5,4,1,1,1.2103246663,2,0.2,0,5,0.0,0,3,0,2,0,1,0.0,21233664,0.4
29,4,7,5,2,2,1.791206704,1,0.1,1,6,0.14285714285714285,1,2,0,1,1,1,0.3333333333333333,14155776,0.1
29,7,5,5,0,0,0.999303661,1,0.1,0,5,0.0,0,1,0,1,0,0,0.0,7077888,0.0
29,9,32,5,27,1,5.889325671599999,6,0.6,23,9,0.71875,23,7,0,3,23,4,0.7666666666666667,49545216,3.5999999999999996
29,10,1,0,1,0,0.297043979,1,0.1,0,1,0.0,0,1,0,0,0,1,0.0,7077888,0.0
29,11,12,7,5,8,5.5816838440000005,2,0.2,4,8,0.3333333333333333,4,3,0,2,4,1,0.5714285714285714,21233664,0.4
29,12,5,3,2,1,0.956492975,4,0.4,1,4,0.2,1,4,0,3,1,1,0.2,28311552,1.2000000000000002
29,13,42,35,7,3,9.133085639900003,5,0.5,27,15,0.6428571428571429,7,4,2,2,5,2,0.6363636363636364,28311552,1.5
29,17,17,13,4,2,3.5348752299999995,6,0.6,5,12,0.29411764705882354,4,5,1,4,3,1,0.4444444444444444,35389440,2.4
29,18,4,0,4,0,0.643741981,3,0.3,1,3,0.25,1,3,0,0,1,3,0.25,21233664,0.6
29,20,7,0,7,2,1.915123373,2,0.2,5,2,0.7142857142857143,5,2,0,0,5,2,0.7142857142857143,14155776,0.2
29,21,31,17,14,18,10.705279171999997,1,0.1,14,17,0.45161290322580644,14,1,0,1,14,0,0.9333333333333333,7077888,0.0
29,22,34,23,11,10,9.621866717,3,0.3,24,10,0.7058823529411765,13,1,2,1,11,0,0.9285714285714286,7077888,0.0
29,23,31,7,24,0,4.902976297,8,0.8,24,7,0.7741935483870968,21,7,3,1,18,6,0.75,49545216,4.800000000000001
29,24,7,1,6,1,1.6057904219999999,4,0.4,2,5,0.2857142857142857,2,5,0,1,2,4,0.2857142857142857,35389440,1.6
29,25,9,5,4,2,2.6848622849999995,1,0.1,3,6,0.3333333333333333,3,2,0,1,3,1,0.6,14155776,0.1
29,26,15,12,3,0,3.6442634320000002,3,0.3,2,13,0.13333333333333333,2,4,0,3,2,1,0.3333333333333333,28311552,0.8999999999999999
29,28,10,2,8,0,2.024629011,4,0.4,3,7,0.3,3,6,0,1,3,5,0.3333333333333333,42467328,2.0
29,29,5,3,2,1,1.225000583,3,0.3,0,5,0.0,0,4,0,2,0,2,0.0,28311552,0.8999999999999999
29,30,13,6,7,2,2.9019714077999996,6,0.6,3,10,0.23076923076923078,3,8,1,3,2,5,0.2727272727272727,56623104,4.2
29,31,14,1,13,0,2.512347041,4,0.4,8,6,0.5714285714285714,8,6,0,1,8,5,0.5714285714285714,42467328,2.0
29,32,1,0,1,0,0.226980716,1,0.1,0,1,0.0,0,1,0,0,0,1,0.0,7077888,0.0
29,33,1,1,0,0,0.218974292,1,0.1,0,1,0.0,0,1,0,1,0,0,0.0,7077888,0.0
29,34,10,10,0,0,0.02717408423,10,1.0,0,10,0.0,0,10,0,10,0,0,0.0,70778880,9.0
29,35,13,5,8,5,4.402507782,4,0.4,6,7,0.46153846153846156,6,5,0,3,6,2,0.5454545454545454,35389440,1.6
29,36,1,1,0,0,0.106993563,1,0.1,0,1,0.0,0,1,0,1,0,0,0.0,7077888,0.0
29,39,1,0,1,0,0.172212005,1,0.1,0,1,0.0,0,1,0,0,0,1,0.0,7077888,0.0
29,41,7,5,2,0,1.286566868,2,0.2,0,7,0.0,0,3,0,1,0,2,0.0,21233664,0.4
29,42,15,6,9,0,3.135211087,2,0.2,8,7,0.5333333333333333,8,2,0,1,8,1,0.8,14155776,0.2
29,44,42,32,10,3,8.281303219499998,10,1.0,11,31,0.2619047619047619,9,11,2,8,7,3,0.45,77856768,10.0
29,45,19,11,8,0,1.7488970130760002,10,1.0,7,12,0.3684210526315789,7,11,0,10,7,1,0.3888888888888889,77856768,10.0
29,46,6,4,2,1,1.2605589470000003,2,0.2,0,6,0.0,0,4,0,2,0,2,0.0,28311552,0.6000000000000001
29,47,10,10,0,0,0.007082186697000001,10,1.0,0,10,0.0,0,10,0,10,0,0,0.0,70778880,9.0
29,48,6,1,5,0,1.0370113994999999,3,0.3,2,4,0.3333333333333333,2,4,0,1,2,3,0.3333333333333333,28311552,0.8999999999999999
29,49,4,2,2,1,1.3358556634,1,0.1,1,3,0.25,1,2,0,1,1,1,0.3333333333333333,14155776,0.1
29,51,6,2,4,0,0.9009052280000001,3,0.3,3,3,0.5,3,3,0,2,3,1,0.5,21233664,0.6
29,52,6,5,1,0,0.9729553089999999,1,0.1,0,6,0.0,0,2,0,1,0,1,0.0,14155776,0.1
29,54,10,1,9,0,1.3261043649000002,1,0.1,7,3,0.7,7,3,0,1,7,2,0.7,21233664,0.2
29,55,3,1,2,0,0.3952704742,3,0.3,0,3,0.0,0,3,0,1,0,2,0.0,21233664,0.6
29,56,3,0,3,0,0.46016006200000004,2,0.2,1,2,0.3333333333333333,1,2,0,0,1,2,0.3333333333333333,14155776,0.2
29,57,20,12,8,4,5.252906987,1,0.1,7,13,0.35,7,2,0,1,7,1,0.7777777777777778,14155776,0.1
29,58,47,22,25,4,9.392211490099996,5,0.5,35,12,0.7446808510638298,24,5,2,2,22,3,0.8275862068965517,35389440,2.0
29,59,7,4,3,0,1.688429684,3,0.3,1,6,0.14285714285714285,1,5,0,3,1,2,0.16666666666666666,35389440,1.2
29,60,2,1,1,0,0.468936026,1,0.1,0,2,0.0,0,2,0,1,0,1,0.0,14155776,0.1
29,61,7,1,6,0,1.4756793990000001,2,0.2,4,3,0.5714285714285714,4,3,0,1,4,2,0.5714285714285714,21233664,0.4
29,62,6,5,1,0,1.116674305,3,0.3,0,6,0.0,0,3,0,2,0,1,0.0,21233664,0.6
29,65,24,24,0,0,4.054681765499999,6,0.6,3,21,0.125,1,5,1,5,0,0,0.16666666666666666,35389440,2.4
29,66,361,195,166,73,105.25842385289992,10,1.0,348,13,0.96398891966759,175,1,9,1,166,0,0.9943181818181818,7077888,0.0
29,67,2,1,1,0,0.512864188,1,0.1,0,2,0.0,0,2,0,1,0,1,0.0,14155776,0.1
29,71,10,10,0,0,0.025420484620000003,10,1.0,0,10,0.0,0,10,0,10,0,0,0.0,70778880,9.0
29,72,24,13,11,6,7.265976074,3,0.3,10,14,0.4166666666666667,8,6,1,2,7,4,0.5714285714285714,42467328,1.5
29,73,16,16,0,1,3.524206132,6,0.6,0,16,0.0,0,6,0,6,0,0,0.0,42467328,3.0
29,74,12,7,5,3,3.6874054459999996,2,0.2,4,8,0.3333333333333333,4,3,0,2,4,1,0.5714285714285714,21233664,0.4
29,75,2,1,1,0,0.32204404499999995,2,0.2,0,2,0.0,0,2,0,1,0,1,0.0,14155776,0.2
29,76,5,2,3,0,0.9068048739,3,0.3,1,4,0.2,1,4,0,2,1,2,0.2,28311552,0.8999999999999999
29,77,1,1,0,0,0.311871678,1,0.1,0,1,0.0,0,1,0,1,0,0,0.0,7077888,0.0
29,79,20,6,14,0,3.5184302550000006,6,0.6,9,11,0.45,9,8,1,2,8,6,0.5294117647058824,56623104,4.2
29,81,85,57,28,9,22.007357854400002,10,1.0,61,24,0.7176470588235294,29,9,7,3,22,6,0.7631578947368421,63700992,8.0
29,82,1,0,1,0,0.205793738,1,0.1,0,1,0.0,0,1,0,0,0,1,0.0,7077888,0.0
29,83,2,2,0,1,0.656521201,2,0.2,0,2,0.0,0,2,0,2,0,0,0.0,14155776,0.2
29,85,32,15,17,8,9.083387687000004,5,0.5,20,12,0.625,16,5,2,2,14,3,0.7619047619047619,35389440,2.0
29,86,10,2,8,5,3.554845617,2,0.2,5,5,0.5,5,4,0,1,5,3,0.5555555555555556,28311552,0.6000000000000001
29,87,2,0,2,0,0.263495087,2,0.2,0,2,0.0,0,2,0,0,0,2,0.0,14155776,0.2
29,89,4,2,2,0,0.946896226,2,0.2,0,4,0.0,0,3,0,1,0,2,0.0,21233664,0.4
29,90,1,1,0,0,0.152106047,1,0.1,0,1,0.0,0,1,0,1,0,0,0.0,7077888,0.0
29,91,4,3,1,0,1.025301814,2,0.2,0,4,0.0,0,2,0,1,0,1,0.0,14155776,0.2
29,93,1,1,0,0,0.194166273,1,0.1,0,1,0.0,0,1,0,1,0,0,0.0,7077888,0.0
29,94,18,11,7,3,4.7251336406,6,0.6,5,13,0.2777777777777778,5,7,0,5,5,2,0.4166666666666667,49545216,3.5999999999999996
29,95,13,3,10,2,2.5081142412000004,4,0.4,8,5,0.6153846153846154,8,5,1,2,7,3,0.6153846153846154,35389440,1.6
29,96,1,1,0,0,0.186650395,1,0.1,0,1,0.0,0,1,0,1,0,0,0.0,7077888,0.0
29,98,21,14,7,5,5.8078572691,4,0.4,5,16,0.23809523809523808,5,5,0,3,5,2,0.5,35389440,1.6
29,100,1,0,1,0,0.139586687,1,0.1,0,1,0.0,0,1,0,0,0,1,0.0,7077888,0.0
29,101,10,3,7,4,3.0165366529999997,5,0.5,2,8,0.2,2,8,0,3,2,5,0.2,56623104,3.5
29,102,3,3,0,0,0.6682027873999999,2,0.2,0,3,0.0,0,2,0,2,0,0,0.0,14155776,0.2
29,103,7,1,6,0,1.129261315,4,0.4,3,4,0.42857142857142855,3,4,0,1,3,3,0.42857142857142855,28311552,1.2000000000000002
29,104,12,7,5,4,3.8488277652999994,6,0.6,2,10,0.16666666666666666,2,8,1,4,1,4,0.2,56623104,4.2
29,105,1,1,0,0,0.201151639,1,0.1,0,1,0.0,0,1,0,1,0,0,0.0,7077888,0.0
29,109,8,5,3,0,1.611156866,5,0.5,3,5,0.375,2,5,1,3,1,2,0.2857142857142857,35389440,2.0
29,110,10,4,6,0,2.2764183140000003,4,0.4,1,9,0.1,1,7,0,2,1,5,0.125,49545216,2.4000000000000004
29,111,4,0,4,0,0.85016048,1,0.1,3,1,0.75,3,1,0,0,3,1,0.75,7077888,0.0
29,112,1,1,0,0,0.176162004,1,0.1,0,1,0.0,0,1,0,1,0,0,0.0,7077888,0.0
29,113,6,5,1,0,1.3273729380000001,1,0.1,0,6,0.0,0,2,0,1,0,1,0.0,14155776,0.1
29,115,3,1,2,0,0.7055452609999999,2,0.2,1,2,0.3333333333333333,1,2,0,1,1,1,0.3333333333333333,14155776,0.2
29,117,1,1,0,0,0.0899508148,1,0.1,0,1,0.0,0,1,0,1,0,0,0.0,7077888,0.0
29,118,6,0,6,3,2.3144026089999996,1,0.1,4,2,0.6666666666666666,4,2,0,0,4,2,0.6666666666666666,14155776,0.1
29,119,2,1,1,0,0.2136225624,2,0.2,0,2,0.0,0,2,0,1,0,1,0.0,14155776,0.2
29,120,8,0,8,3,2.6101945939999998,1,0.1,6,2,0.75,6,2,0,0,6,2,0.75,14155776,0.1
29,121,7,5,2,0,1.367511689,2,0.2,1,6,0.14285714285714285,1,3,0,2,1,1,0.25,21233664,0.4
29,123,4,4,0,0,0.5429682363999999,1,0.1,0,4,0.0,0,1,0,1,0,0,0.0,7077888,0.0
29,124,2,1,1,0,0.559053198,2,0.2,0,2,0.0,0,2,0,1,0,1,0.0,14155776,0.2
29,125,1,1,0,0,0.169808969,1,0.1,0,1,0.0,0,1,0,1,0,0,0.0,7077888,0.0
29,126,13,11,2,10,15.577978505,10,1.0,2,11,0.15384615384615385,2,10,1,9,1,1,0.16666666666666666,70778880,9.0
29,128,1,1,0,0,0.167655557,1,0.1,0,1,0.0,0,1,0,1,0,0,0.0,7077888,0.0
29,129,10,5,5,0,1.5396738425999998,6,0.6,4,6,0.4,3,6,1,3,2,3,0.3333333333333333,42467328,3.0
29,131,44,34,10,12,12.711857000099998,9,0.9,18,26,0.4090909090909091,11,7,2,6,9,1,0.6111111111111112,49545216,5.4
29,132,43,19,24,1,9.080217583999998,10,1.0,35,8,0.813953488372093,28,6,8,2,20,4,0.8235294117647058,42467328,5.0
29,133,1,1,0,0,0.17881082,1,0.1,0,1,0.0,0,1,0,1,0,0,0.0,7077888,0.0
29,134,38,14,24,0,5.793577244999998,10,1.0,29,9,0.7631578947368421,24,6,4,2,20,4,0.8,42467328,5.0
29,135,1,0,1,0,0.204641521,1,0.1,0,1,0.0,0,1,0,0,0,1,0.0,7077888,0.0
29,138,1,0,1,0,0.111275084,1,0.1,0,1,0.0,0,1,0,0,0,1,0.0,7077888,0.0
29,139,1,1,0,0,0.181146786,1,0.1,0,1,0.0,0,1,0,1,0,0,0.0,7077888,0.0
29,140,175,140,35,58,56.149155021299975,10,1.0,100,75,0.5714285714285714,36,9,6,4,30,5,0.8,63700992,8.0
29,141,4,2,2,0,0.647179581,4,0.4,1,3,0.25,1,3,1,1,0,2,0.25,21233664,0.8
29,142,1,1,0,0,0.0651394948,1,0.1,0,1,0.0,0,1,0,1,0,0,0.0,7077888,0.0
29,143,1,1,0,0,0.0980967656,1,0.1,0,1,0.0,0,1,0,1,0,0,0.0,7077888,0.0
29,144,14,0,14,7,5.178900972,2,0.2,12,2,0.8571428571428571,12,2,0,0,12,2,0.8571428571428571,14155776,0.2
29,145,9,6,3,0,1.4253102613,8,0.8,2,7,0.2222222222222222,2,7,2,4,0,3,0.2222222222222222,49545216,4.800000000000001
29,146,2,2,0,0,0.325605586,1,0.1,0,2,0.0,0,1,0,1,0,0,0.0,7077888,0.0
29,147,2,1,1,0,0.32285896000000003,2,0.2,0,2,0.0,0,2,0,1,0,1,0.0,14155776,0.2
29,150,2,0,2,0,0.247502707,2,0.2,0,2,0.0,0,2,0,0,0,2,0.0,14155776,0.2
29,153,2,0,2,0,0.27372188799999997,2,0.2,0,2,0.0,0,2,0,0,0,2,0.0,14155776,0.2
29,154,1,1,0,0,0.199171007,1,0.1,0,1,0.0,0,1,0,1,0,0,0.0,7077888,0.0
29,155,1,0,1,0,0.184318244,1,0.1,0,1,0.0,0,1,0,0,0,1,0.0,7077888,0.0
29,156,3,0,3,0,0.721092611,2,0.2,1,2,0.3333333333333333,1,2,0,0,1,2,0.3333333333333333,14155776,0.2
29,157,18,12,6,6,5.3177588623,6,0.6,5,13,0.2777777777777778,3,9,1,5,2,4,0.25,63700992,4.8
29,158,25,19,6,6,6.78417748,4,0.4,12,13,0.48,7,3,1,3,6,0,0.7,21233664,0.8
29,159,1,0,1,1,0.392749339,1,0.1,0,1,0.0,0,1,0,0,0,1,0.0,7077888,0.0
29,160,3,2,1,0,0.48575846899999997,1,0.1,0,3,0.0,0,2,0,1,0,1,0.0,14155776,0.1
29,163,4,2,2,0,0.806400537,1,0.1,0,4,0.0,0,3,0,1,0,2,0.0,21233664,0.2
29,164,6,0,6,1,1.59798573,1,0.1,5,1,0.8333333333333334,5,1,0,0,5,1,0.8333333333333334,7077888,0.0
29,165,9,3,6,0,1.650483221,4,0.4,6,3,0.6666666666666666,5,3,2,0,3,3,0.625,21233664,0.8
29,166,5,4,1,1,1.2131370447999998,2,0.2,0,5,0.0,0,2,0,1,0,1,0.0,14155776,0.2
29,167,1,1,0,0,0.159052834,1,0.1,0,1,0.0,0,1,0,1,0,0,0.0,7077888,0.0
29,168,3,3,0,2,1.106226341,1,0.1,0,3,0.0,0,1,0,1,0,0,0.0,7077888,0.0
29,169,6,0,6,0,1.109072565,4,0.4,2,4,0.3333333333333333,2,4,0,0,2,4,0.3333333333333333,28311552,1.2000000000000002
29,170,10,10,0,0,0.02011920302,10,1.0,0,10,0.0,0,10,0,10,0,0,0.0,70778880,9.0
29,171,4,1,3,0,0.7680382657,2,0.2,2,2,0.5,2,2,0,1,2,1,0.5,14155776,0.2
29,173,11,11,0,0,1.2656175495,10,1.0,0,11,0.0,0,10,0,10,0,0,0.0,70778880,9.0
29,174,2,2,0,0,0.2814994753,2,0.2,0,2,0.0,0,2,0,2,0,0,0.0,14155776,0.2
29,175,16,13,3,0,2.6331037375000004,6,0.6,1,15,0.0625,1,8,0,6,1,2,0.1111111111111111,56623104,4.2
29,176,33,12,21,19,11.325902878499996,4,0.4,21,12,0.6363636363636364,20,5,1,3,19,2,0.8,35389440,1.6
29,178,5,5,0,0,0.5890040852999999,3,0.3,0,5,0.0,0,3,0,3,0,0,0.0,21233664,0.6
29,180,12,0,12,2,2.9459856140000005,2,0.2,9,3,0.75,9,3,0,0,9,3,0.75,21233664,0.4
29,181,3,2,1,2,1.0843269229999999,3,0.3,0,3,0.0,0,3,0,2,0,1,0.0,21233664,0.6
29,184,31,22,9,18,14.017389643,3,0.3,9,22,0.2903225806451613,9,3,0,3,9,0,0.75,21233664,0.6
29,186,1,0,1,0,0.168372601,1,0.1,0,1,0.0,0,1,0,0,0,1,0.0,7077888,0.0
29,188,32,7,25,6,8.813733115,6,0.6,25,7,0.78125,25,5,1,4,24,1,0.8333333333333334,35389440,2.4
29,190,1,0,1,0,0.0875990987,1,0.1,0,1,0.0,0,1,0,0,0,1,0.0,7077888,0.0
29,192,16,8,8,0,2.2062992886999995,6,0.6,3,13,0.1875,3,9,0,4,3,5,0.25,63700992,4.8
29,194,5,4,1,0,1.6189038460000003,1,0.1,1,4,0.2,1,1,0,1,1,0,0.5,7077888,0.0
29,195,1,0,1,0,0.192341506,1,0.1,0,1,0.0,0,1,0,0,0,1,0.0,7077888,0.0
29,196,6,5,1,0,1.196129904,1,0.1,0,6,0.0,0,2,0,1,0,1,0.0,14155776,0.1
29,197,7,7,0,2,2.140852004,3,0.3,0,7,0.0,0,3,0,3,0,0,0.0,21233664,0.6
29,198,47,43,4,9,11.037406511200004,5,0.5,4,43,0.0851063829787234,4,5,0,5,4,0,0.4444444444444444,35389440,2.0
29,200,7,4,3,2,1.8773627570000002,3,0.3,1,6,0.14285714285714285,1,4,0,2,1,2,0.2,28311552,0.8999999999999999
29,201,2,2,0,0,0.40071743699999995,1,0.1,0,2,0.0,0,1,0,1,0,0,0.0,7077888,0.0
29,204,5,2,3,0,0.8942054362,3,0.3,0,5,0.0,0,5,0,2,0,3,0.0,35389440,1.2
29,205,23,8,15,0,4.210151627,7,0.7,16,7,0.6956521739130435,13,6,2,2,11,4,0.6842105263157895,42467328,3.5
29,206,9,8,1,0,1.1893374841,4,0.4,0,9,0.0,0,5,0,4,0,1,0.0,35389440,1.6
29,207,49,30,19,12,12.4278668924,9,0.9,24,25,0.4897959183673469,16,11,3,5,13,6,0.5925925925925926,77856768,9.0
29,210,7,3,4,0,1.548648819,2,0.2,2,5,0.2857142857142857,2,3,0,1,2,2,0.4,21233664,0.4
29,212,7,7,0,0,1.3703264277,1,0.1,0,7,0.0,0,1,0,1,0,0,0.0,7077888,0.0
29,215,16,8,8,3,3.46757914,5,0.5,6,10,0.375,6,6,0,4,6,2,0.5,42467328,2.5
29,216,7,0,7,0,1.160852582,4,0.4,3,4,0.42857142857142855,3,4,0,0,3,4,0.42857142857142855,28311552,1.2000000000000002
29,217,3,0,3,2,1.5022310760000002,2,0.2,1,2,0.3333333333333333,1,2,0,0,1,2,0.3333333333333333,14155776,0.2
29,219,10,10,0,0,1.5172484670000002,2,0.2,0,10,0.0,0,2,0,2,0,0,0.0,14155776,0.2
29,220,8,1,7,0,1.1618167374000001,3,0.3,3,5,0.375,3,5,0,1,3,4,0.375,35389440,1.2
29,221,57,56,1,3,10.307548509699998,10,1.0,4,53,0.07017543859649122,1,10,1,9,0,1,0.09090909090909091,70778880,9.0
29,222,7,2,5,0,1.45728518,4,0.4,3,4,0.42857142857142855,3,4,1,1,2,3,0.42857142857142855,28311552,1.2000000000000002
29,223,7,6,1,1,1.752221733,2,0.2,0,7,0.0,0,3,0,2,0,1,0.0,21233664,0.4
29,225,1,1,0,0,0.16653733,1,0.1,0,1,0.0,0,1,0,1,0,0,0.0,7077888,0.0
29,226,81,77,4,4,14.3917001421,10,1.0,32,49,0.3950617283950617,6,8,4,6,2,2,0.42857142857142855,56623104,7.0
29,230,97,82,15,13,24.399948693399995,10,1.0,43,54,0.44329896907216493,17,8,5,5,12,3,0.68,56623104,7.0
29,231,13,1,12,2,3.5742044599,6,0.6,6,7,0.46153846153846156,6,7,0,1,6,6,0.46153846153846156,49545216,3.5999999999999996
29,232,1,1,0,0,0.217932373,1,0.1,0,1,0.0,0,1,0,1,0,0,0.0,7077888,0.0
29,234,3,3,0,0,0.5654938,2,0.2,0,3,0.0,0,2,0,2,0,0,0.0,14155776,0.2
29,235,9,2,7,1,1.958904206,1,0.1,6,3,0.6666666666666666,6,2,0,1,6,1,0.75,14155776,0.1
29,236,6,4,2,0,0.8067413192999999,2,0.2,1,5,0.16666666666666666,1,3,0,2,1,1,0.25,21233664,0.4
29,237,10,2,8,5,3.4915580450000006,1,0.1,8,2,0.8,8,1,0,1,8,0,0.8888888888888888,7077888,0.0
29,238,82,46,36,9,19.4091151889,10,1.0,63,19,0.7682926829268293,38,8,6,4,32,4,0.8260869565217391,56623104,7.0
29,239,17,12,5,3,4.178644629000001,4,0.4,3,14,0.17647058823529413,3,6,0,4,3,2,0.3333333333333333,42467328,2.0
29,240,4,0,4,1,1.050079718,1,0.1,2,2,0.5,2,2,0,0,2,2,0.5,14155776,0.1
29,241,9,0,9,0,2.2731041629999997,6,0.6,3,6,0.3333333333333333,3,6,0,0,3,6,0.3333333333333333,42467328,3.0
29,242,1,0,1,0,0.22096777,1,0.1,0,1,0.0,0,1,0,0,0,1,0.0,7077888,0.0
29,243,11,1,10,0,1.958107712,5,0.5,4,7,0.36363636363636365,4,7,0,1,4,6,0.36363636363636365,49545216,3.0
29,244,27,1,26,19,11.476457195000002,7,0.7,20,7,0.7407407407407407,20,7,1,0,19,7,0.7407407407407407,49545216,4.199999999999999
29,245,5,5,0,0,0.5678156990000001,3,0.3,0,5,0.0,0,3,0,3,0,0,0.0,21233664,0.6
29,246,2,0,2,0,0.450718135,2,0.2,0,2,0.0,0,2,0,0,0,2,0.0,14155776,0.2
29,247,1,0,1,0,0.258436829,1,0.1,0,1,0.0,0,1,0,0,0,1,0.0,7077888,0.0
29,248,1,0,1,0,0.0759090483,1,0.1,0,1,0.0,0,1,0,0,0,1,0.0,7077888,0.0
29,249,2,0,2,0,0.342410282,1,0.1,0,2,0.0,0,2,0,0,0,2,0.0,14155776,0.1
29,253,1,0,1,0,0.22437799,1,0.1,0,1,0.0,0,1,0,0,0,1,0.0,7077888,0.0
29,254,7,5,2,1,2.1747163229999997,3,0.3,0,7,0.0,0,4,0,2,0,2,0.0,28311552,0.8999999999999999
29,255,9,9,0,2,2.739970252,5,0.5,0,9,0.0,0,5,0,5,0,0,0.0,35389440,2.0
30,0,38,14,24,8,10.674690678999998,9,0.9,22,16,0.5789473684210527,21,9,3,3,18,6,0.7,63700992,7.2
30,1,1,0,1,0,0.0928279161,1,0.1,0,1,0.0,0,1,0,0,0,1,0.0,7077888,0.0
30,2,2,0,2,0,0.44708670699999997,1,0.1,1,1,0.5,1,1,0,0,1,1,0.5,7077888,0.0
30,3,13,8,5,0,2.3561300177000004,5,0.5,6,7,0.46153846153846156,3,6,2,2,1,4,0.3333333333333333,42467328,2.5
30,4,10,10,0,0,0.009291205848,10,1.0,0,10,0.0,0,10,0,10,0,0,0.0,70778880,9.0
30,5,1,1,0,0,0.192801774,1,0.1,0,1,0.0,0,1,0,1,0,0,0.0,7077888,0.0
30,6,1,1,0,0,0.290689588,1,0.1,0,1,0.0,0,1,0,1,0,0,0.0,7077888,0.0
30,8,14,9,5,2,3.502414152,7,0.7,1,13,0.07142857142857142,1,9,0,5,1,4,0.1,63700992,5.6
30,9,13,2,11,0,2.689941228,6,0.6,5,8,0.38461538461538464,5,8,1,1,4,7,0.38461538461538464,56623104,4.2
30,10,1,1,0,0,0.163959265,1,0.1,0,1,0.0,0,1,0,1,0,0,0.0,7077888,0.0
30,11,11,8,3,2,3.3091903919999996,2,0.2,2,9,0.18181818181818182,2,3,0,2,2,1,0.4,21233664,0.4
30,12,73,62,11,24,19.713386104799998,10,1.0,16,57,0.2191780821917808,8,13,1,9,7,4,0.38095238095238093,92012544,12.0
30,13,22,11,11,0,4.645632229099998,1,0.1,9,13,0.4090909090909091,9,3,0,1,9,2,0.75,21233664,0.2
30,14,17,4,13,2,3.8327013107999996,3,0.3,11,6,0.6470588235294118,11,4,0,2,11,2,0.7333333333333333,28311552,0.8999999999999999
30,15,5,0,5,3,1.9616050720000002,1,0.1,4,1,0.8,4,1,0,0,4,1,0.8,7077888,0.0
30,18,9,1,8,2,2.326566711,3,0.3,5,4,0.5555555555555556,5,4,0,1,5,3,0.5555555555555556,28311552,0.8999999999999999
30,19,43,13,30,12,11.592050861,3,0.3,28,15,0.6511627906976745,28,4,0,2,28,2,0.875,28311552,0.8999999999999999
30,20,16,3,13,7,4.791804716000001,2,0.2,10,6,0.625,10,4,0,1,10,3,0.7142857142857143,28311552,0.6000000000000001
30,21,28,12,16,4,8.038258256,5,0.5,20,8,0.7142857142857143,14,6,2,2,12,4,0.7,42467328,2.5
30,22,6,0,6,1,1.928516731,1,0.1,5,1,0.8333333333333334,5,1,0,0,5,1,0.8333333333333334,7077888,0.0
30,23,120,85,35,16,26.2276483482,10,1.0,96,24,0.8,40,5,7,3,33,2,0.8888888888888888,35389440,4.0
30,26,14,13,1,2,3.56753675,4,0.4,0,14,0.0,0,4,0,3,0,1,0.0,28311552,1.2000000000000002
30,27,2,1,1,0,0.406718731,2,0.2,0,2,0.0,0,2,0,1,0,1,0.0,14155776,0.2
30,28,2,0,2,0,0.690303117,1,0.1,1,1,0.5,1,1,0,0,1,1,0.5,7077888,0.0
30,33,3,1,2,1,0.966244251,2,0.2,1,2,0.3333333333333333,1,2,0,1,1,1,0.3333333333333333,14155776,0.2
30,35,20,20,0,0,3.5506512810000004,6,0.6,0,20,0.0,0,6,0,6,0,0,0.0,42467328,3.0
30,36,4,0,4,0,0.725193679,3,0.3,1,3,0.25,1,3,0,0,1,3,0.25,21233664,0.6
30,37,25,12,13,1,4.678369716900001,6,0.6,17,8,0.68,12,7,3,3,9,4,0.631578947368421,49545216,3.5999999999999996
30,39,9,6,3,1,2.5233735740000003,5,0.5,1,8,0.1111111111111111,1,6,0,4,1,2,0.14285714285714285,42467328,2.5
30,40,20,11,9,5,5.161035061000001,3,0.3,14,6,0.7,10,2,2,1,8,1,0.8333333333333334,14155776,0.3
30,41,14,8,6,2,3.4273579419999995,3,0.3,8,6,0.5714285714285714,5,4,1,2,4,2,0.5555555555555556,28311552,0.8999999999999999
30,42,3,0,3,0,0.804968893,1,0.1,2,1,0.6666666666666666,2,1,0,0,2,1,0.6666666666666666,7077888,0.0
30,44,4,2,2,1,1.238929197,1,0.1,1,3,0.25,1,2,0,1,1,1,0.3333333333333333,14155776,0.1
30,45,14,10,4,9,5.178071007,5,0.5,4,10,0.2857142857142857,1,8,1,4,0,4,0.1111111111111111,56623104,3.5
30,46,4,3,1,0,0.670885072,2,0.2,0,4,0.0,0,3,0,2,0,1,0.0,21233664,0.4
30,47,1,1,0,0,0.222388595,1,0.1,0,1,0.0,0,1,0,1,0,0,0.0,7077888,0.0
30,48,4,0,4,2,1.440205753,2,0.2,2,2,0.5,2,2,0,0,2,2,0.5,14155776,0.2
30,49,5,1,4,0,0.6474000356999999,4,0.4,0,5,0.0,0,5,0,1,0,4,0.0,35389440,1.6
30,50,8,3,5,2,2.254944354,3,0.3,2,6,0.25,2,4,0,1,2,3,0.3333333333333333,28311552,0.8999999999999999
30,51,1,0,1,0,0.142490104,1,0.1,0,1,0.0,0,1,0,0,0,1,0.0,7077888,0.0
30,52,3,1,2,0,0.425477803,3,0.3,0,3,0.0,0,3,0,1,0,2,0.0,21233664,0.6
30,53,1,0,1,0,0.123617008,1,0.1,0,1,0.0,0,1,0,0,0,1,0.0,7077888,0.0
30,56,2,0,2,2,0.957541883,1,0.1,1,1,0.5,1,1,0,0,1,1,0.5,7077888,0.0
30,58,5,1,4,0,1.030099705,2,0.2,2,3,0.4,2,3,0,1,2,2,0.4,21233664,0.4
30,59,16,3,13,0,2.60842839,7,0.7,6,10,0.375,6,10,1,2,5,8,0.375,70778880,6.3
30,63,5,0,5,0,0.6445479225999999,2,0.2,3,2,0.6,3,2,0,0,3,2,0.6,14155776,0.2
30,65,11,11,0,0,0.13400302050000001,10,1.0,0,11,0.0,0,10,0,10,0,0,0.0,70778880,9.0
30,66,12,1,11,1,2.8316812540000003,7,0.7,5,7,0.4166666666666667,5,7,1,0,4,7,0.4166666666666667,49545216,4.199999999999999
30,68,2,1,1,0,0.506082893,2,0.2,0,2,0.0,0,2,0,1,0,1,0.0,14155776,0.2
30,69,23,23,0,0,3.9168077907000005,10,1.0,6,17,0.2608695652173913,1,9,1,9,0,0,0.1,63700992,8.0
30,70,10,10,0,0,0.06277190382,10,1.0,0,10,0.0,0,10,0,10,0,0,0.0,70778880,9.0
30,71,1,1,0,0,0.137437999,1,0.1,0,1,0.0,0,1,0,1,0,0,0.0,7077888,0.0
30,73,1,1,0,0,0.0747680366,1,0.1,0,1,0.0,0,1,0,1,0,0,0.0,7077888,0.0
30,74,17,14,3,6,5.0703735733,3,0.3,1,16,0.058823529411764705,1,5,0,3,1,2,0.16666666666666666,35389440,1.2
30,75,2,2,0,0,0.373801633,1,0.1,0,2,0.0,0,1,0,1,0,0,0.0,7077888,0.0
30,77,14,12,2,1,3.3026508605999996,2,0.2,2,12,0.14285714285714285,2,2,1,1,1,1,0.5,14155776,0.2
30,78,1,0,1,0,0.165053427,1,0.1,0,1,0.0,0,1,0,0,0,1,0.0,7077888,0.0
30,79,5,0,5,0,0.7645221051000001,1,0.1,3,2,0.6,3,2,0,0,3,2,0.6,14155776,0.1
30,80,2,1,1,0,0.333557546,2,0.2,0,2,0.0,0,2,0,1,0,1,0.0,14155776,0.2
30,82,1,0,1,0,0.209268153,1,0.1,0,1,0.0,0,1,0,0,0,1,0.0,7077888,0.0
30,84,35,25,10,3,8.0999139324,9,0.9,9,26,0.2571428571428571,8,11,2,7,6,4,0.42105263157894735,77856768,9.0
30,85,173,121,52,39,51.96619514880001,10,1.0,150,23,0.8670520231213873,54,8,9,1,45,7,0.8709677419354839,56623104,7.0
30,87,23,11,12,3,6.196390821,2,0.2,20,3,0.8695652173913043,11,3,1,1,10,2,0.7857142857142857,21233664,0.4
30,88,3,2,1,0,0.504518762,3,0.3,0,3,0.0,0,3,0,2,0,1,0.0,21233664,0.6
30,89,4,4,0,0,0.592106476,3,0.3,0,4,0.0,0,3,0,3,0,0,0.0,21233664,0.6
30,90,8,8,0,0,1.3494863590000001,3,0.3,0,8,0.0,0,3,0,3,0,0,0.0,21233664,0.6
30,91,273,142,131,27,66.335484566,10,1.0,266,7,0.9743589743589743,140,1,9,1,131,0,0.9929078014184397,7077888,0.0
30,94,2,0,2,0,0.349348873,1,0.1,1,1,0.5,1,1,0,0,1,1,0.5,7077888,0.0
30,95,4,1,3,1,0.99785927,2,0.2,1,3,0.25,1,3,0,1,1,2,0.25,21233664,0.4
30,96,20,12,8,5,5.452173889000002,10,1.0,6,14,0.3,6,11,3,6,3,5,0.35294117647058826,77856768,10.0
30,97,13,13,0,0,2.795776879,10,1.0,0,13,0.0,0,10,0,10,0,0,0.0,70778880,9.0
30,99,1,1,0,0,0.107290171,1,0.1,0,1,0.0,0,1,0,1,0,0,0.0,7077888,0.0
30,102,2,2,0,0,0.277977496,1,0.1,0,2,0.0,0,1,0,1,0,0,0.0,7077888,0.0
30,103,7,6,1,2,2.2044207159999996,3,0.3,0,7,0.0,0,4,0,3,0,1,0.0,28311552,0.8999999999999999
30,104,13,0,13,0,2.6429008389999997,2,0.2,11,2,0.8461538461538461,11,2,0,0,11,2,0.8461538461538461,14155776,0.2
30,106,2,1,1,0,0.327248559,2,0.2,0,2,0.0,0,2,0,1,0,1,0.0,14155776,0.2
30,107,1,0,1,0,0.167514175,1,0.1,0,1,0.0,0,1,0,0,0,1,0.0,7077888,0.0
30,109,4,0,4,0,0.745458499,3,0.3,1,3,0.25,1,3,0,0,1,3,0.25,21233664,0.6
30,111,6,6,0,0,0.7004502276,6,0.6,0,6,0.0,0,6,0,6,0,0,0.0,42467328,3.0
30,112,4,1,3,1,1.137102067,1,0.1,2,2,0.5,2,2,0,1,2,1,0.5,14155776,0.1
30,113,3,2,1,0,0.593384042,1,0.1,0,3,0.0,0,2,0,1,0,1,0.0,14155776,0.1
30,114,4,1,3,0,0.725851744,3,0.3,1,3,0.25,1,3,0,1,1,2,0.25,21233664,0.6
30,115,16,5,11,3,4.125271692,2,0.2,8,8,0.5,8,4,0,1,8,3,0.6666666666666666,28311552,0.6000000000000001
30,116,1,0,1,0,0.202117115,1,0.1,0,1,0.0,0,1,0,0,0,1,0.0,7077888,0.0
30,117,19,3,16,2,4.411619664,8,0.8,10,9,0.5263157894736842,10,9,2,1,8,8,0.5263157894736842,63700992,6.4
30,118,5,4,1,0,0.8763706233999999,1,0.1,0,5,0.0,0,2,0,1,0,1,0.0,14155776,0.1
30,119,5,5,0,0,0.6731311673,4,0.4,0,5,0.0,0,4,0,4,0,0,0.0,28311552,1.2000000000000002
30,121,26,7,19,7,6.9943858070000005,2,0.2,18,8,0.6923076923076923,18,3,0,2,18,1,0.8571428571428571,21233664,0.4
30,122,4,4,0,0,0.6944133180000001,3,0.3,0,4,0.0,0,3,0,3,0,0,0.0,21233664,0.6
30,123,7,0,7,3,2.255786181,3,0.3,3,4,0.42857142857142855,3,4,0,0,3,4,0.42857142857142855,28311552,0.8999999999999999
30,124,3,1,2,0,0.534610301,2,0.2,1,2,0.3333333333333333,1,2,0,1,1,1,0.3333333333333333,14155776,0.2
30,125,1,0,1,0,0.173456177,1,0.1,0,1,0.0,0,1,0,0,0,1,0.0,7077888,0.0
30,126,15,15,0,1,2.4789187891,6,0.6,0,15,0.0,0,6,0,6,0,0,0.0,42467328,3.0
30,128,7,0,7,5,3.1796555530000004,1,0.1,5,2,0.7142857142857143,5,2,0,0,5,2,0.7142857142857143,14155776,0.1
30,129,18,11,7,4,4.718833460999999,5,0.5,2,16,0.1111111111111111,2,8,0,3,2,5,0.2,56623104,3.5
30,131,1,0,1,0,0.142029643,1,0.1,0,1,0.0,0,1,0,0,0,1,0.0,7077888,0.0
30,132,8,5,3,0,1.43464759,5,0.5,4,4,0.5,2,4,1,2,1,2,0.3333333333333333,28311552,1.5
30,133,8,0,8,0,1.747040557,1,0.1,7,1,0.875,7,1,0,0,7,1,0.875,7077888,0.0
30,134,15,15,0,2,4.216001735000001,2,0.2,0,15,0.0,0,2,0,2,0,0,0.0,14155776,0.2
30,135,8,1,7,2,1.994256109,2,0.2,3,5,0.375,3,5,0,1,3,4,0.375,35389440,0.8
30,136,1,1,0,0,0.174411014,1,0.1,0,1,0.0,0,1,0,1,0,0,0.0,7077888,0.0
30,139,14,1,13,0,2.8869319699999996,3,0.3,10,4,0.7142857142857143,10,4,0,1,10,3,0.7142857142857143,28311552,0.8999999999999999
30,140,9,4,5,0,2.43503572,4,0.4,3,6,0.3333333333333333,2,6,1,2,1,4,0.25,42467328,2.0
30,141,4,2,2,0,0.845335349,4,0.4,1,3,0.25,1,3,1,1,0,2,0.25,21233664,0.8
30,142,1,1,0,0,0.100546651,1,0.1,0,1,0.0,0,1,0,1,0,0,0.0,7077888,0.0
30,143,1,1,0,1,0.453971565,1,0.1,0,1,0.0,0,1,0,1,0,0,0.0,7077888,0.0
30,145,6,3,3,1,1.179850728,1,0.1,2,4,0.3333333333333333,2,2,0,1,2,1,0.5,14155776,0.1
30,146,3,3,0,0,0.60248676,3,0.3,0,3,0.0,0,3,0,3,0,0,0.0,21233664,0.6
30,147,4,3,1,0,0.8675066229999999,3,0.3,0,4,0.0,0,4,0,3,0,1,0.0,28311552,0.8999999999999999
30,148,1,0,1,0,0.139914006,1,0.1,0,1,0.0,0,1,0,0,0,1,0.0,7077888,0.0
30,149,22,8,14,4,6.139058471,2,0.2,12,10,0.5454545454545454,12,3,0,1,12,2,0.8,21233664,0.4
30,150,1,0,1,0,0.168268546,1,0.1,0,1,0.0,0,1,0,0,0,1,0.0,7077888,0.0
30,152,1,0,1,0,0.285903484,1,0.1,0,1,0.0,0,1,0,0,0,1,0.0,7077888,0.0
30,154,6,0,6,3,2.1997956640000003,2,0.2,4,2,0.6666666666666666,4,2,0,0,4,2,0.6666666666666666,14155776,0.2
30,155,1,0,1,0,0.187882841,1,0.1,0,1,0.0,0,1,0,0,0,1,0.0,7077888,0.0
30,156,10,5,5,2,2.74262777,4,0.4,3,7,0.3,3,6,1,3,2,3,0.3333333333333333,42467328,2.0
30,158,3,3,0,0,0.412744813,1,0.1,0,3,0.0,0,1,0,1,0,0,0.0,7077888,0.0
30,159,2,2,0,0,0.382007644,1,0.1,0,2,0.0,0,1,0,1,0,0,0.0,7077888,0.0
30,160,1,0,1,0,0.204414517,1,0.1,0,1,0.0,0,1,0,0,0,1,0.0,7077888,0.0
30,161,19,8,11,0,3.0665036430000003,6,0.6,7,12,0.3684210526315789,7,9,0,5,7,4,0.4375,63700992,4.8
30,162,22,9,13,2,4.4372070527,5,0.5,9,13,0.4090909090909091,9,6,0,2,9,4,0.6,42467328,2.5
30,163,3,1,2,0,0.43426865290000005,3,0.3,0,3,0.0,0,3,0,1,0,2,0.0,21233664,0.6
30,164,1,0,1,0,0.121856406,1,0.1,0,1,0.0,0,1,0,0,0,1,0.0,7077888,0.0
30,165,7,7,0,1,1.5267831079999998,4,0.4,0,7,0.0,0,4,0,4,0,0,0.0,28311552,1.2000000000000002
30,166,1,1,0,0,0.0901586413,1,0.1,0,1,0.0,0,1,0,1,0,0,0.0,7077888,0.0
30,167,5,3,2,0,0.805286229,3,0.3,3,2,0.6,2,2,1,1,1,1,0.5,14155776,0.3
30,168,5,1,4,0,0.9973791380000001,2,0.2,3,2,0.6,3,2,0,1,3,1,0.6,14155776,0.2
30,171,8,3,5,0,1.606441691,2,0.2,5,3,0.625,5,2,0,2,5,0,0.7142857142857143,14155776,0.2
30,172,45,41,4,4,9.622883728000001,7,0.7,11,34,0.24444444444444444,2,8,1,5,1,3,0.2,56623104,4.8999999999999995
30,173,1,0,1,0,0.184037909,1,0.1,0,1,0.0,0,1,0,0,0,1,0.0,7077888,0.0
30,174,1,1,0,0,0.193285108,1,0.1,0,1,0.0,0,1,0,1,0,0,0.0,7077888,0.0
30,175,11,7,4,1,2.368534996,2,0.2,3,8,0.2727272727272727,3,3,0,2,3,1,0.5,21233664,0.4
30,176,10,10,0,10,14.88975607,10,1.0,0,10,0.0,0,10,0,10,0,0,0.0,70778880,9.0
30,177,12,12,0,5,4.006176159000001,5,0.5,0,12,0.0,0,5,0,5,0,0,0.0,35389440,2.0
30,180,4,4,0,4,2.569986343,2,0.2,0,4,0.0,0,2,0,2,0,0,0.0,14155776,0.2
30,181,6,3,3,0,1.243645653,3,0.3,1,5,0.16666666666666666,1,4,1,1,0,3,0.2,28311552,0.8999999999999999
30,182,11,11,0,0,0.10073359997,10,1.0,0,11,0.0,0,10,0,10,0,0,0.0,70778880,9.0
30,183,11,10,1,0,0.15947921700399997,10,1.0,1,10,0.09090909090909091,1,10,1,9,0,1,0.09090909090909091,70778880,9.0
30,184,21,14,7,5,5.479865731000001,8,0.8,6,15,0.2857142857142857,6,9,0,8,6,1,0.4,63700992,6.4
30,186,17,6,11,1,4.145316855,2,0.2,10,7,0.5882352941176471,10,3,0,2,10,1,0.7692307692307693,21233664,0.4
30,187,1,1,0,0,0.0951939896,1,0.1,0,1,0.0,0,1,0,1,0,0,0.0,7077888,0.0
30,189,7,7,0,0,1.3025944680000001,1,0.1,0,7,0.0,0,1,0,1,0,0,0.0,7077888,0.0
30,190,3,0,3,0,0.379858613,2,0.2,1,2,0.3333333333333333,1,2,0,0,1,2,0.3333333333333333,14155776,0.2
30,191,54,50,4,15,15.8985443478,9,0.9,19,35,0.35185185185185186,7,6,3,6,4,0,0.5384615384615384,42467328,4.5
30,193,5,3,2,0,0.849239483,3,0.3,3,2,0.6,2,2,2,0,0,2,0.5,14155776,0.3
30,194,22,4,18,1,5.265716359000001,3,0.3,16,6,0.7272727272727273,15,5,1,1,14,4,0.75,35389440,1.2
30,196,7,3,4,0,1.261482031,3,0.3,1,6,0.14285714285714285,1,5,0,2,1,3,0.16666666666666666,35389440,1.2
30,197,12,10,2,1,3.013836101,7,0.7,0,12,0.0,0,8,0,6,0,2,0.0,56623104,4.8999999999999995
30,198,13,9,4,2,3.7362564500000004,5,0.5,4,9,0.3076923076923077,1,7,1,3,0,4,0.125,49545216,3.0
30,199,23,16,7,2,4.2292382111,5,0.5,8,15,0.34782608695652173,6,6,1,4,5,2,0.5,42467328,2.5
30,200,16,13,3,0,3.7109785299999998,3,0.3,0,16,0.0,0,6,0,3,0,3,0.0,42467328,1.5
30,201,18,11,7,2,3.9032196238999997,6,0.6,7,11,0.3888888888888889,5,8,2,4,3,4,0.38461538461538464,56623104,4.2
30,204,13,4,9,7,4.925289782999999,1,0.1,9,4,0.6923076923076923,9,1,0,1,9,0,0.9,7077888,0.0
30,206,106,64,42,44,35.81961296600001,10,1.0,61,45,0.5754716981132075,43,9,5,5,38,4,0.8269230769230769,63700992,8.0
30,209,6,6,0,0,0.7603520669999999,4,0.4,0,6,0.0,0,4,0,4,0,0,0.0,28311552,1.2000000000000002
30,210,2,0,2,0,0.279298991,1,0.1,1,1,0.5,1,1,0,0,1,1,0.5,7077888,0.0
30,212,6,1,5,0,1.110973626,3,0.3,2,4,0.3333333333333333,2,4,0,1,2,3,0.3333333333333333,28311552,0.8999999999999999
30,213,10,9,1,4,3.413928866,3,0.3,0,10,0.0,0,3,0,2,0,1,0.0,21233664,0.6
30,214,7,7,0,0,0.9658038032,4,0.4,0,7,0.0,0,4,0,4,0,0,0.0,28311552,1.2000000000000002
30,215,2,0,2,0,0.32786405100000005,1,0.1,1,1,0.5,1,1,0,0,1,1,0.5,7077888,0.0
30,216,1,1,0,1,0.517763019,1,0.1,0,1,0.0,0,1,0,1,0,0,0.0,7077888,0.0
30,218,1,1,0,0,0.134492874,1,0.1,0,1,0.0,0,1,0,1,0,0,0.0,7077888,0.0
30,219,6,4,2,1,1.381939217,3,0.3,0,6,0.0,0,4,0,2,0,2,0.0,28311552,0.8999999999999999
30,220,4,3,1,1,1.36220172,1,0.1,0,4,0.0,0,2,0,1,0,1,0.0,14155776,0.1
30,222,16,8,8,6,4.518643663000001,4,0.4,5,11,0.3125,5,6,0,3,5,3,0.45454545454545453,42467328,2.0
30,223,7,5,2,0,1.5264373729999998,4,0.4,2,5,0.2857142857142857,1,5,1,3,0,2,0.16666666666666666,35389440,1.6
30,227,1,0,1,0,0.143420637,1,0.1,0,1,0.0,0,1,0,0,0,1,0.0,7077888,0.0
30,228,22,8,14,5,5.6307564213,6,0.6,12,10,0.5454545454545454,11,8,1,4,10,4,0.5789473684210527,56623104,4.2
30,229,33,16,17,2,6.7349439214,9,0.9,20,13,0.6060606060606061,19,7,2,7,17,0,0.7307692307692307,49545216,5.4
30,230,93,93,0,26,28.204239697999984,10,1.0,6,87,0.06451612903225806,1,9,1,9,0,0,0.1,63700992,8.0
30,231,1,1,0,0,0.152110696,1,0.1,0,1,0.0,0,1,0,1,0,0,0.0,7077888,0.0
30,233,3,2,1,0,0.540686861,1,0.1,0,3,0.0,0,2,0,1,0,1,0.0,14155776,0.1
30,234,11,3,8,0,2.5692412090000003,3,0.3,6,5,0.5454545454545454,6,4,0,2,6,2,0.6,28311552,0.8999999999999999
30,235,1,0,1,0,0.197421491,1,0.1,0,1,0.0,0,1,0,0,0,1,0.0,7077888,0.0
30,236,79,52,27,26,25.07044830999999,10,1.0,67,12,0.8481012658227848,28,9,9,1,19,8,0.7567567567567568,63700992,8.0
30,237,11,7,4,1,2.2966832152,6,0.6,1,10,0.09090909090909091,1,7,0,4,1,3,0.125,49545216,3.5999999999999996
30,238,34,21,13,9,8.534808726000001,2,0.2,13,21,0.38235294117647056,13,2,0,2,13,0,0.8666666666666667,14155776,0.2
30,239,1,1,0,0,0.20132567,1,0.1,0,1,0.0,0,1,0,1,0,0,0.0,7077888,0.0
30,242,5,5,0,0,0.74762144,1,0.1,0,5,0.0,0,1,0,1,0,0,0.0,7077888,0.0
30,243,4,3,1,1,1.193477899,3,0.3,0,4,0.0,0,3,0,2,0,1,0.0,21233664,0.6
30,244,1,1,0,0,0.205216974,1,0.1,0,1,0.0,0,1,0,1,0,0,0.0,7077888,0.0
30,246,7,5,2,0,0.7800698956000001,5,0.5,2,5,0.2857142857142857,2,5,2,3,0,2,0.2857142857142857,35389440,2.0
30,247,8,1,7,0,1.223867327,3,0.3,5,3,0.625,5,3,0,1,5,2,0.625,21233664,0.6
30,248,50,33,17,5,11.6173416279,9,0.9,23,27,0.46,17,8,1,7,16,1,0.68,56623104,6.3
30,249,1,1,0,0,0.25633958,1,0.1,0,1,0.0,0,1,0,1,0,0,0.0,7077888,0.0
30,250,23,3,20,9,7.59326145,4,0.4,18,5,0.782608695652174,18,5,0,3,18,2,0.782608695652174,35389440,1.6
30,251,8,0,8,0,1.7129881540000003,3,0.3,5,3,0.625,5,3,0,0,5,3,0.625,21233664,0.6
30,252,41,30,11,2,8.495861774600002,10,1.0,23,18,0.5609756097560976,13,8,6,4,7,4,0.6190476190476191,56623104,7.0
30,253,51,29,22,3,9.402591907399998,10,1.0,32,19,0.6274509803921569,24,8,5,5,19,3,0.75,56623104,7.0
30,255,18,10,8,0,2.9680863327,8,0.8,8,10,0.4444444444444444,7,8,4,3,3,5,0.4666666666666667,56623104,5.6000000000000005
31,0,4,1,3,0,0.795233295,2,0.2,2,2,0.5,2,2,0,1,2,1,0.5,14155776,0.2
31,1,2,0,2,0,0.2479080039,1,0.1,1,1,0.5,1,1,0,0,1,1,0.5,7077888,0.0
31,2,2,0,2,0,0.261413604,1,0.1,1,1,0.5,1,1,0,0,1,1,0.5,7077888,0.0
31,3,11,8,3,0,1.6312758852,8,0.8,3,8,0.2727272727272727,3,7,2,5,1,2,0.3,49545216,4.800000000000001
31,4,3,2,1,2,1.4196681679999998,3,0.3,0,3,0.0,0,3,0,2,0,1,0.0,21233664,0.6
31,6,6,3,3,1,1.494584203,4,0.4,0,6,0.0,0,6,0,3,0,3,0.0,42467328,2.0
31,8,2,0,2,0,0.618907184,2,0.2,0,2,0.0,0,2,0,0,0,2,0.0,14155776,0.2
31,9,11,11,0,0,1.349927643,10,1.0,0,11,0.0,0,10,0,10,0,0,0.0,70778880,9.0
31,10,8,2,6,3,2.658059344,3,0.3,5,3,0.625,5,3,0,2,5,1,0.625,21233664,0.6
31,13,18,4,14,2,5.002085953,6,0.6,9,9,0.5,9,6,0,1,9,5,0.6,42467328,3.0
31,14,1,0,1,0,0.296843529,1,0.1,0,1,0.0,0,1,0,0,0,1,0.0,7077888,0.0
31,15,5,3,2,2,1.3282891819999998,4,0.4,1,4,0.2,1,4,0,3,1,1,0.2,28311552,1.2000000000000002
31,17,8,7,1,0,1.032892741,6,0.6,1,7,0.125,1,5,1,4,0,1,0.16666666666666666,35389440,2.4
31,18,10,6,4,1,2.1359792210000004,6,0.6,3,7,0.3,3,7,1,5,2,2,0.3,49545216,3.5999999999999996
31,19,26,22,4,2,5.1206252354,7,0.7,4,22,0.15384615384615385,4,7,1,6,3,1,0.36363636363636365,49545216,4.199999999999999
31,21,1,0,1,0,0.227870673,1,0.1,0,1,0.0,0,1,0,0,0,1,0.0,7077888,0.0
31,22,2,2,0,0,0.402136997,2,0.2,0,2,0.0,0,2,0,2,0,0,0.0,14155776,0.2
31,23,1,1,0,0,0.235013857,1,0.1,0,1,0.0,0,1,0,1,0,0,0.0,7077888,0.0
31,24,5,4,1,0,0.9314778450000001,2,0.2,0,5,0.0,0,2,0,1,0,1,0.0,14155776,0.2
31,25,1,0,1,0,0.117082112,1,0.1,0,1,0.0,0,1,0,0,0,1,0.0,7077888,0.0
31,27,10,6,4,0,2.5347507439999997,2,0.2,2,8,0.2,2,4,0,2,2,2,0.3333333333333333,28311552,0.6000000000000001
31,28,1,0,1,0,0.143945992,1,0.1,0,1,0.0,0,1,0,0,0,1,0.0,7077888,0.0
31,30,10,6,4,0,1.6438881687,4,0.4,3,7,0.3,3,4,1,2,2,2,0.42857142857142855,28311552,1.2000000000000002
31,32,7,4,3,0,1.3759887599,6,0.6,1,6,0.14285714285714285,1,6,1,3,0,3,0.14285714285714285,42467328,3.0
31,33,7,7,0,4,2.4683166741,4,0.4,0,7,0.0,0,4,0,4,0,0,0.0,28311552,1.2000000000000002
31,34,5,5,0,1,0.9880466909999999,2,0.2,0,5,0.0,0,2,0,2,0,0,0.0,14155776,0.2
31,35,37,24,13,14,11.284293682999998,7,0.7,13,24,0.35135135135135137,12,8,1,6,11,2,0.6,56623104,4.8999999999999995
31,36,2,1,1,0,0.285738408,1,0.1,0,2,0.0,0,2,0,1,0,1,0.0,14155776,0.1
31,37,4,2,2,0,0.8226890859999999,2,0.2,0,4,0.0,0,3,0,1,0,2,0.0,21233664,0.4
31,38,5,2,3,1,1.533945262,3,0.3,0,5,0.0,0,5,0,2,0,3,0.0,35389440,1.2
31,39,1,0,1,0,0.154541701,1,0.1,0,1,0.0,0,1,0,0,0,1,0.0,7077888,0.0
31,40,1,1,0,0,0.144276798,1,0.1,0,1,0.0,0,1,0,1,0,0,0.0,7077888,0.0
31,42,13,5,8,0,2.7797474410000005,1,0.1,6,7,0.46153846153846156,6,3,0,1,6,2,0.6666666666666666,21233664,0.2
31,43,29,1,28,1,6.040453924999999,5,0.5,22,7,0.7586206896551724,22,7,0,1,22,6,0.7586206896551724,49545216,3.0
31,44,1,1,0,0,0.248490244,1,0.1,0,1,0.0,0,1,0,1,0,0,0.0,7077888,0.0
31,45,230,134,96,7,49.83802470280002,10,1.0,205,25,0.8913043478260869,103,3,8,2,95,1,0.9716981132075472,21233664,2.0
31,46,45,42,3,5,11.782324388700005,10,1.0,12,33,0.26666666666666666,4,9,2,8,2,1,0.3076923076923077,63700992,8.0
31,47,1,1,0,0,0.179195777,1,0.1,0,1,0.0,0,1,0,1,0,0,0.0,7077888,0.0
31,48,3,1,2,0,0.424805239,2,0.2,1,2,0.3333333333333333,1,2,0,1,1,1,0.3333333333333333,14155776,0.2
31,49,14,10,4,0,2.3645912161999996,4,0.4,4,10,0.2857142857142857,4,4,1,3,3,1,0.5,28311552,1.2000000000000002
31,50,4,1,3,2,1.172697305,1,0.1,2,2,0.5,2,2,0,1,2,1,0.5,14155776,0.1
31,52,8,4,4,0,1.9852435750000001,3,0.3,1,7,0.125,1,5,0,2,1,3,0.16666666666666666,35389440,1.2
31,53,1,1,0,0,0.047608763,1,0.1,0,1,0.0,0,1,0,1,0,0,0.0,7077888,0.0
31,54,4,1,3,1,0.858243719,2,0.2,3,1,0.75,3,1,1,0,2,1,0.75,7077888,0.0
31,55,3,2,1,0,0.720971778,2,0.2,0,3,0.0,0,3,0,2,0,1,0.0,21233664,0.4
31,56,1,1,0,0,0.388366818,1,0.1,0,1,0.0,0,1,0,1,0,0,0.0,7077888,0.0
31,57,8,1,7,0,1.457893073,2,0.2,5,3,0.625,5,3,0,1,5,2,0.625,21233664,0.4
31,58,29,14,15,1,5.6392044546,3,0.3,14,15,0.4827586206896552,14,4,0,3,14,1,0.7777777777777778,28311552,0.8999999999999999
31,61,5,5,0,1,0.920311012,1,0.1,0,5,0.0,0,1,0,1,0,0,0.0,7077888,0.0
31,62,1,1,0,0,0.144640118,1,0.1,0,1,0.0,0,1,0,1,0,0,0.0,7077888,0.0
31,64,20,19,1,5,4.603567162,6,0.6,3,17,0.15,1,6,1,5,0,1,0.14285714285714285,42467328,3.0
31,65,7,3,4,0,1.1709280612,4,0.4,3,4,0.42857142857142855,3,4,1,2,2,2,0.42857142857142855,28311552,1.2000000000000002
31,67,17,14,3,1,3.774259389,4,0.4,11,6,0.6470588235294118,4,3,2,2,2,1,0.5714285714285714,21233664,0.8
31,69,1,1,0,0,0.119453363,1,0.1,0,1,0.0,0,1,0,1,0,0,0.0,7077888,0.0
31,70,4,0,4,0,0.874710172,1,0.1,3,1,0.75,3,1,0,0,3,1,0.75,7077888,0.0
31,71,20,17,3,3,4.690399097,6,0.6,4,16,0.2,4,5,1,5,3,0,0.4444444444444444,35389440,2.4
31,72,1,0,1,0,0.111803256,1,0.1,0,1,0.0,0,1,0,0,0,1,0.0,7077888,0.0
31,75,1,1,0,0,0.111560494,1,0.1,0,1,0.0,0,1,0,1,0,0,0.0,7077888,0.0
31,76,8,4,4,3,2.554935039,4,0.4,2,6,0.25,1,6,1,2,0,4,0.14285714285714285,42467328,2.0
31,77,3,1,2,0,0.456372663,2,0.2,0,3,0.0,0,3,0,1,0,2,0.0,21233664,0.4
31,78,9,7,2,0,1.4839355719,7,0.7,2,7,0.2222222222222222,2,7,1,6,1,1,0.2222222222222222,49545216,4.199999999999999
31,80,20,10,10,6,6.026811288000001,3,0.3,7,13,0.35,7,5,0,2,7,3,0.5833333333333334,35389440,1.2
31,81,8,5,3,1,2.39332725,4,0.4,1,7,0.125,1,6,1,3,0,3,0.14285714285714285,42467328,2.0
31,82,2,1,1,0,0.330595061,2,0.2,0,2,0.0,0,2,0,1,0,1,0.0,14155776,0.2
31,83,5,2,3,0,0.754682303,3,0.3,0,5,0.0,0,5,0,2,0,3,0.0,35389440,1.2
31,84,24,16,8,3,5.910515056,7,0.7,10,14,0.4166666666666667,9,6,2,5,7,1,0.6,42467328,3.5
31,86,1,0,1,0,0.151394114,1,0.1,0,1,0.0,0,1,0,0,0,1,0.0,7077888,0.0
31,87,41,24,17,12,10.267802572862,10,1.0,21,20,0.5121951219512195,18,9,2,8,16,1,0.6666666666666666,63700992,8.0
31,88,1,1,0,0,0.185936049,1,0.1,0,1,0.0,0,1,0,1,0,0,0.0,7077888,0.0
31,89,2,0,2,0,0.198805369,2,0.2,0,2,0.0,0,2,0,0,0,2,0.0,14155776,0.2
31,90,3,0,3,1,0.669124961,1,0.1,2,1,0.6666666666666666,2,1,0,0,2,1,0.6666666666666666,7077888,0.0
31,91,4,2,2,1,0.8597562535000001,1,0.1,1,3,0.25,1,2,0,1,1,1,0.3333333333333333,14155776,0.1
31,92,1,1,0,0,0.133789733,1,0.1,0,1,0.0,0,1,0,1,0,0,0.0,7077888,0.0
31,93,4,0,4,0,1.003729194,2,0.2,2,2,0.5,2,2,0,0,2,2,0.5,14155776,0.2
31,94,60,39,21,22,20.937647520000002,10,1.0,45,15,0.75,21,10,8,2,13,8,0.6774193548387096,70778880,9.0
31,96,1,1,0,0,0.170797303,1,0.1,0,1,0.0,0,1,0,1,0,0,0.0,7077888,0.0
31,97,184,93,91,16,44.02843334899998,10,1.0,129,55,0.7010869565217391,97,4,6,4,91,0,0.9603960396039604,28311552,3.0
31,98,1,1,0,0,0.0986126885,1,0.1,0,1,0.0,0,1,0,1,0,0,0.0,7077888,0.0
31,99,2,2,0,0,0.360745519,1,0.1,0,2,0.0,0,1,0,1,0,0,0.0,7077888,0.0
31,102,8,8,0,2,1.9745606560000002,8,0.8,0,8,0.0,0,8,0,8,0,0,0.0,56623104,5.6000000000000005
31,104,2,1,1,0,0.52662836,2,0.2,0,2,0.0,0,2,0,1,0,1,0.0,14155776,0.2
31,105,16,8,8,1,2.7442244520000005,7,0.7,4,12,0.25,4,8,1,3,3,5,0.3333333333333333,56623104,4.8999999999999995
31,107,1,1,0,0,0.10324055,1,0.1,0,1,0.0,0,1,0,1,0,0,0.0,7077888,0.0
31,108,32,14,18,6,8.569590612999999,1,0.1,18,14,0.5625,18,1,0,1,18,0,0.9473684210526315,7077888,0.0
31,111,13,4,9,0,2.641334542,4,0.4,7,6,0.5384615384615384,7,5,1,2,6,3,0.5833333333333334,35389440,1.6
31,113,15,6,9,3,3.6240218730000002,7,0.7,5,10,0.3333333333333333,4,8,1,2,3,6,0.3333333333333333,56623104,4.8999999999999995
31,116,6,6,0,0,1.4878779659999999,1,0.1,0,6,0.0,0,1,0,1,0,0,0.0,7077888,0.0
31,118,4,2,2,2,1.1164618430000002,2,0.2,1,3,0.25,1,3,0,2,1,1,0.25,21233664,0.4
31,119,18,14,4,1,4.258014544999999,3,0.3,5,13,0.2777777777777778,5,2,1,2,4,0,0.7142857142857143,14155776,0.3
31,120,4,2,2,0,0.8825263529999999,3,0.3,1,3,0.25,1,3,0,2,1,1,0.25,21233664,0.6
31,121,2,0,2,0,0.500215172,2,0.2,0,2,0.0,0,2,0,0,0,2,0.0,14155776,0.2
31,122,1,1,0,0,0.090813756,1,0.1,0,1,0.0,0,1,0,1,0,0,0.0,7077888,0.0
31,123,129,98,31,33,35.16308852599999,10,1.0,76,53,0.5891472868217055,32,9,6,4,26,5,0.7804878048780488,63700992,8.0
31,124,6,5,1,1,1.283067868,1,0.1,0,6,0.0,0,2,0,1,0,1,0.0,14155776,0.1
31,125,3,3,0,0,0.84225291,1,0.1,0,3,0.0,0,1,0,1,0,0,0.0,7077888,0.0
31,126,6,1,5,0,1.033385575,5,0.5,1,5,0.16666666666666666,1,5,0,1,1,4,0.16666666666666666,35389440,2.0
31,127,2,0,2,0,0.236311376,1,0.1,1,1,0.5,1,1,0,0,1,1,0.5,7077888,0.0
31,128,1,1,0,0,0.0883733109,1,0.1,0,1,0.0,0,1,0,1,0,0,0.0,7077888,0.0
31,129,20,13,7,3,5.201544808,3,0.3,6,14,0.3,6,4,0,3,6,1,0.6,28311552,0.8999999999999999
31,130,113,84,29,24,30.4665345893,9,0.9,67,46,0.5929203539823009,32,6,5,4,27,2,0.8421052631578947,42467328,4.5
31,133,17,6,11,4,4.469201489000001,4,0.4,11,6,0.6470588235294118,10,4,1,2,9,2,0.7142857142857143,28311552,1.2000000000000002
31,134,13,5,8,2,2.5659845545,5,0.5,4,9,0.3076923076923077,4,8,0,4,4,4,0.3333333333333333,56623104,3.5
31,136,10,10,0,0,0.014872756440000003,10,1.0,0,10,0.0,0,10,0,10,0,0,0.0,70778880,9.0
31,137,1,1,0,0,0.117288686,1,0.1,0,1,0.0,0,1,0,1,0,0,0.0,7077888,0.0
31,139,1,1,0,0,0.116088182,1,0.1,0,1,0.0,0,1,0,1,0,0,0.0,7077888,0.0
31,140,17,2,15,3,4.059092744,1,0.1,14,3,0.8235294117647058,14,2,0,1,14,1,0.875,14155776,0.1
31,142,2,0,2,0,0.554514482,1,0.1,1,1,0.5,1,1,0,0,1,1,0.5,7077888,0.0
31,143,30,9,21,10,11.413567406999999,10,1.0,20,10,0.6666666666666666,16,10,5,0,11,10,0.6153846153846154,70778880,9.0
31,144,16,7,9,2,4.062378691,5,0.5,5,11,0.3125,5,8,0,4,5,4,0.38461538461538464,56623104,3.5
31,147,6,3,3,3,2.7161175010000003,1,0.1,2,4,0.3333333333333333,2,2,0,1,2,1,0.5,14155776,0.1
31,148,10,10,0,0,0.0035624385949999996,10,1.0,0,10,0.0,0,10,0,10,0,0,0.0,70778880,9.0
31,150,15,6,9,1,2.9685981260000003,4,0.4,8,7,0.5333333333333333,8,5,0,4,8,1,0.6153846153846154,35389440,1.6
31,151,1,0,1,0,0.100185975,1,0.1,0,1,0.0,0,1,0,0,0,1,0.0,7077888,0.0
31,152,1,0,1,1,0.420123219,1,0.1,0,1,0.0,0,1,0,0,0,1,0.0,7077888,0.0
31,153,5,0,5,1,0.976896762,3,0.3,2,3,0.4,2,3,0,0,2,3,0.4,21233664,0.6
31,155,2,0,2,0,0.467578486,1,0.1,0,2,0.0,0,2,0,0,0,2,0.0,14155776,0.1
31,156,11,9,2,2,3.071073592,6,0.6,0,11,0.0,0,8,0,6,0,2,0.0,56623104,4.2
31,157,3,1,2,0,0.5512785619999999,1,0.1,1,2,0.3333333333333333,1,2,0,1,1,1,0.3333333333333333,14155776,0.1
31,158,3,1,2,0,0.475209087,2,0.2,1,2,0.3333333333333333,1,2,0,1,1,1,0.3333333333333333,14155776,0.2
31,159,2,0,2,0,0.386817768,1,0.1,1,1,0.5,1,1,0,0,1,1,0.5,7077888,0.0
31,160,2,2,0,0,0.2100780231,2,0.2,0,2,0.0,0,2,0,2,0,0,0.0,14155776,0.2
31,161,1,0,1,1,0.355609447,1,0.1,0,1,0.0,0,1,0,0,0,1,0.0,7077888,0.0
31,163,6,0,6,2,1.545045109,1,0.1,4,2,0.6666666666666666,4,2,0,0,4,2,0.6666666666666666,14155776,0.1
31,164,18,10,8,2,4.258884447,5,0.5,6,12,0.3333333333333333,6,7,0,5,6,2,0.46153846153846156,49545216,3.0
31,165,9,7,2,2,2.0507699240000004,4,0.4,1,8,0.1111111111111111,1,4,1,2,0,2,0.2,28311552,1.2000000000000002
31,166,24,20,4,6,6.8432089959999995,8,0.8,9,15,0.375,5,7,2,6,3,1,0.4166666666666667,49545216,4.800000000000001
31,168,3,2,1,0,0.541437179,3,0.3,0,3,0.0,0,3,0,2,0,1,0.0,21233664,0.6
31,169,2,2,0,0,0.36929005400000003,1,0.1,0,2,0.0,0,1,0,1,0,0,0.0,7077888,0.0
31,170,1,0,1,0,0.139686227,1,0.1,0,1,0.0,0,1,0,0,0,1,0.0,7077888,0.0
31,171,2,2,0,0,0.2502519716,1,0.1,0,2,0.0,0,1,0,1,0,0,0.0,7077888,0.0
31,172,2,1,1,0,0.32733771199999995,2,0.2,0,2,0.0,0,2,0,1,0,1,0.0,14155776,0.2
31,173,2,0,2,0,0.38283179700000003,2,0.2,0,2,0.0,0,2,0,0,0,2,0.0,14155776,0.2
31,175,7,2,5,2,1.705226534,4,0.4,3,4,0.42857142857142855,3,4,0,2,3,2,0.42857142857142855,28311552,1.2000000000000002
31,176,4,4,0,0,0.856388717,1,0.1,0,4,0.0,0,1,0,1,0,0,0.0,7077888,0.0
31,177,5,5,0,3,2.271942556,1,0.1,0,5,0.0,0,1,0,1,0,0,0.0,7077888,0.0
31,178,5,2,3,2,1.2976239920000001,3,0.3,1,4,0.2,1,4,0,2,1,2,0.2,28311552,0.8999999999999999
31,179,10,10,0,0,0.0020831470630000002,10,1.0,0,10,0.0,0,10,0,10,0,0,0.0,70778880,9.0
31,180,35,32,3,2,5.714070124490002,10,1.0,3,32,0.08571428571428572,3,10,0,10,3,0,0.23076923076923078,70778880,9.0
31,181,1,1,0,0,0.145046934,1,0.1,0,1,0.0,0,1,0,1,0,0,0.0,7077888,0.0
31,182,10,10,0,10,14.94749179,10,1.0,0,10,0.0,0,10,0,10,0,0,0.0,70778880,9.0
31,183,5,2,3,1,1.318710908,4,0.4,0,5,0.0,0,5,0,2,0,3,0.0,35389440,1.6
31,185,3,1,2,0,0.487538114,3,0.3,0,3,0.0,0,3,0,1,0,2,0.0,21233664,0.6
31,186,1,0,1,0,0.142507017,1,0.1,0,1,0.0,0,1,0,0,0,1,0.0,7077888,0.0
31,188,3,0,3,1,1.151564568,1,0.1,2,1,0.6666666666666666,2,1,0,0,2,1,0.6666666666666666,7077888,0.0
31,189,40,12,28,4,8.943151979,3,0.3,27,13,0.675,27,4,0,3,27,1,0.8709677419354839,28311552,0.8999999999999999
31,190,23,4,19,1,4.5678208389999995,7,0.7,14,9,0.6086956521739131,14,8,2,1,12,7,0.6363636363636364,56623104,4.8999999999999995
31,191,3,1,2,0,0.585627824,2,0.2,1,2,0.3333333333333333,1,2,0,1,1,1,0.3333333333333333,14155776,0.2
31,192,3,2,1,0,0.2945851159,2,0.2,0,3,0.0,0,3,0,2,0,1,0.0,21233664,0.4
31,193,6,3,3,0,0.9533172915000001,4,0.4,1,5,0.16666666666666666,1,5,0,3,1,2,0.16666666666666666,35389440,1.6
31,196,1,0,1,0,0.173014775,1,0.1,0,1,0.0,0,1,0,0,0,1,0.0,7077888,0.0
31,197,1,1,0,0,0.14655742,1,0.1,0,1,0.0,0,1,0,1,0,0,0.0,7077888,0.0
31,198,8,4,4,0,1.7298418507999997,5,0.5,0,8,0.0,0,8,0,4,0,4,0.0,56623104,3.5
31,200,3,0,3,2,1.3015679420000001,1,0.1,2,1,0.6666666666666666,2,1,0,0,2,1,0.6666666666666666,7077888,0.0
31,202,82,72,10,11,19.450418763199995,10,1.0,30,52,0.36585365853658536,12,8,3,7,9,1,0.6,56623104,7.0
31,203,3,2,1,0,0.68430166,3,0.3,0,3,0.0,0,3,0,2,0,1,0.0,21233664,0.6
31,204,2,0,2,0,0.547122166,2,0.2,0,2,0.0,0,2,0,0,0,2,0.0,14155776,0.2
31,205,1,1,0,0,0.167881861,1,0.1,0,1,0.0,0,1,0,1,0,0,0.0,7077888,0.0
31,206,3,2,1,0,0.602120609,2,0.2,0,3,0.0,0,3,0,2,0,1,0.0,21233664,0.4
31,207,10,4,6,0,1.8529970345999998,4,0.4,2,8,0.2,2,6,0,2,2,4,0.25,42467328,2.0
31,208,4,1,3,0,0.879870384,1,0.1,2,2,0.5,2,2,0,1,2,1,0.5,14155776,0.1
31,212,6,2,4,0,0.8202445439000001,3,0.3,2,4,0.3333333333333333,2,4,0,2,2,2,0.3333333333333333,28311552,0.8999999999999999
31,213,8,3,5,0,1.1746802107,3,0.3,2,6,0.25,2,5,0,2,2,3,0.2857142857142857,35389440,1.2
31,215,14,6,8,8,5.869986116,1,0.1,7,7,0.5,7,2,0,1,7,1,0.7777777777777778,14155776,0.1
31,216,1,0,1,0,0.162118927,1,0.1,0,1,0.0,0,1,0,0,0,1,0.0,7077888,0.0
31,217,2,2,0,0,0.234067723,1,0.1,0,2,0.0,0,1,0,1,0,0,0.0,7077888,0.0
31,219,3,2,1,0,0.518681303,1,0.1,0,3,0.0,0,2,0,1,0,1,0.0,14155776,0.1
31,221,3,1,2,0,0.476553038,1,0.1,1,2,0.3333333333333333,1,2,0,1,1,1,0.3333333333333333,14155776,0.1
31,222,4,1,3,1,1.115945414,1,0.1,2,2,0.5,2,2,0,1,2,1,0.5,14155776,0.1
31,225,1,0,1,0,0.22724092,1,0.1,0,1,0.0,0,1,0,0,0,1,0.0,7077888,0.0
31,226,9,7,2,3,2.500703662,3,0.3,1,8,0.1111111111111111,1,4,0,3,1,1,0.2,28311552,0.8999999999999999
31,227,1,1,0,0,0.0751435533,1,0.1,0,1,0.0,0,1,0,1,0,0,0.0,7077888,0.0
31,229,5,2,3,2,1.2077476230000002,2,0.2,1,4,0.2,1,3,0,1,1,2,0.25,21233664,0.4
31,230,1,1,0,0,0.11838831,1,0.1,0,1,0.0,0,1,0,1,0,0,0.0,7077888,0.0
31,232,1,1,0,0,0.133389339,1,0.1,0,1,0.0,0,1,0,1,0,0,0.0,7077888,0.0
31,233,1,0,1,0,0.220980451,1,0.1,0,1,0.0,0,1,0,0,0,1,0.0,7077888,0.0
31,234,7,4,3,0,1.409313142,5,0.5,0,7,0.0,0,6,0,3,0,3,0.0,42467328,2.5
31,236,1,1,0,0,0.0854446515,1,0.1,0,1,0.0,0,1,0,1,0,0,0.0,7077888,0.0
31,237,48,17,31,14,13.787924038899996,5,0.5,30,18,0.625,29,6,1,3,28,3,0.8285714285714286,42467328,2.5
31,238,1,0,1,0,0.114835531,1,0.1,0,1,0.0,0,1,0,0,0,1,0.0,7077888,0.0
31,240,2,0,2,0,0.3365512343,2,0.2,0,2,0.0,0,2,0,0,0,2,0.0,14155776,0.2
31,241,326,188,138,100,94.1935035724,10,1.0,281,45,0.8619631901840491,145,3,8,2,137,1,0.9797297297297297,21233664,2.0
31,242,18,12,6,10,6.472979501,10,1.0,8,10,0.4444444444444444,8,8,5,5,3,3,0.5,56623104,7.0
31,243,90,59,31,16,22.6212674017,10,1.0,49,41,0.5444444444444444,33,8,4,6,29,2,0.8048780487804879,56623104,7.0
31,244,7,3,4,1,1.6462282830000001,2,0.2,3,4,0.42857142857142855,3,2,0,1,3,1,0.6,14155776,0.2
31,245,89,76,13,6,20.98637055969999,10,1.0,41,48,0.4606741573033708,16,7,5,5,11,2,0.6956521739130435,49545216,6.0
31,246,7,3,4,2,2.002197027,3,0.3,1,6,0.14285714285714285,1,5,0,2,1,3,0.16666666666666666,35389440,1.2
31,247,1,0,1,1,0.847198606,1,0.1,0,1,0.0,0,1,0,0,0,1,0.0,7077888,0.0
31,249,1,0,1,0,0.196017057,1,0.1,0,1,0.0,0,1,0,0,0,1,0.0,7077888,0.0
31,250,6,1,5,0,0.9165929180000001,3,0.3,3,3,0.5,3,3,0,1,3,2,0.5,21233664,0.6
31,251,13,9,4,0,3.224620357,2,0.2,3,10,0.23076923076923078,3,3,0,2,3,1,0.5,21233664,0.4
31,252,3,0,3,1,0.7039728319999999,2,0.2,1,2,0.3333333333333333,1,2,0,0,1,2,0.3333333333333333,14155776,0.2
31,254,1,1,0,0,0.139780581,1,0.1,0,1,0.0,0,1,0,1,0,0,0.0,7077888,0.0
31,255,19,13,6,2,4.305068926700001,3,0.3,4,15,0.21052631578947367,4,5,0,3,4,2,0.4444444444444444,35389440,1.2
32,1,1,0,1,0,0.135599732,1,0.1,0,1,0.0,0,1,0,0,0,1,0.0,7077888,0.0
32,3,1,0,1,0,0.233603507,1,0.1,0,1,0.0,0,1,0,0,0,1,0.0,7077888,0.0
32,4,1,1,0,0,0.134773269,1,0.1,0,1,0.0,0,1,0,1,0,0,0.0,7077888,0.0
32,6,5,3,2,0,0.5337326451,5,0.5,1,4,0.2,1,4,1,2,0,2,0.2,28311552,1.5
32,7,1,1,0,0,0.0925171077,1,0.1,0,1,0.0,0,1,0,1,0,0,0.0,7077888,0.0
32,8,1,1,0,0,0.19860515,1,0.1,0,1,0.0,0,1,0,1,0,0,0.0,7077888,0.0
32,9,1,1,0,0,0.123349831,1,0.1,0,1,0.0,0,1,0,1,0,0,0.0,7077888,0.0
32,12,2,1,1,0,0.24662885099999998,2,0.2,0,2,0.0,0,2,0,1,0,1,0.0,14155776,0.2
32,13,10,10,0,0,1.4298896117,4,0.4,0,10,0.0,0,4,0,4,0,0,0.0,28311552,1.2000000000000002
32,14,23,14,9,0,4.8550296272,5,0.5,16,7,0.6956521739130435,7,5,1,2,6,3,0.5833333333333334,35389440,2.0
32,15,36,11,25,15,11.728083732499998,7,0.7,22,14,0.6111111111111112,22,8,0,5,22,3,0.7333333333333333,56623104,4.8999999999999995
32,16,3,3,0,0,0.512939542,1,0.1,0,3,0.0,0,1,0,1,0,0,0.0,7077888,0.0
32,17,130,99,31,32,33.0424951179,10,1.0,102,28,0.7846153846153846,37,4,7,3,30,1,0.9024390243902439,28311552,3.0
32,18,7,1,6,0,1.5298775450000002,2,0.2,5,2,0.7142857142857143,5,2,0,1,5,1,0.7142857142857143,14155776,0.2
32,19,1,0,1,0,0.121542022,1,0.1,0,1,0.0,0,1,0,0,0,1,0.0,7077888,0.0
32,21,24,7,17,0,4.4717116882,1,0.1,16,8,0.6666666666666666,16,2,0,1,16,1,0.8888888888888888,14155776,0.1
32,22,5,4,1,0,1.155043057,3,0.3,0,5,0.0,0,4,0,3,0,1,0.0,28311552,0.8999999999999999
32,23,6,6,0,2,1.925534219,2,0.2,0,6,0.0,0,2,0,2,0,0,0.0,14155776,0.2
32,24,14,6,8,0,2.8567045117,4,0.4,6,8,0.42857142857142855,6,4,1,1,5,3,0.6,28311552,1.2000000000000002
32,25,40,21,19,2,8.630157882,8,0.8,22,18,0.55,20,6,2,5,18,1,0.7692307692307693,42467328,4.0
32,29,6,5,1,0,0.7432661284,3,0.3,0,6,0.0,0,4,0,3,0,1,0.0,28311552,0.8999999999999999
32,31,26,13,13,11,8.471793531000001,1,0.1,13,13,0.5,13,1,0,1,13,0,0.9285714285714286,7077888,0.0
32,32,9,6,3,2,2.243177742,5,0.5,3,6,0.3333333333333333,2,5,1,3,1,2,0.2857142857142857,35389440,2.0
32,34,15,8,7,3,4.5667884800000005,3,0.3,7,8,0.4666666666666667,7,3,0,3,7,0,0.7,21233664,0.6
32,35,1,0,1,0,0.1909381,1,0.1,0,1,0.0,0,1,0,0,0,1,0.0,7077888,0.0
32,36,1,1,0,0,0.139466181,1,0.1,0,1,0.0,0,1,0,1,0,0,0.0,7077888,0.0
32,37,15,15,0,0,2.394710286,3,0.3,0,15,0.0,0,3,0,3,0,0,0.0,21233664,0.6
32,39,1,1,0,0,0.141296118,1,0.1,0,1,0.0,0,1,0,1,0,0,0.0,7077888,0.0
32,40,6,5,1,1,1.186243117,3,0.3,2,4,0.3333333333333333,1,2,1,1,0,1,0.3333333333333333,14155776,0.3
32,41,22,9,13,8,6.715528322,1,0.1,12,10,0.5454545454545454,12,2,0,1,12,1,0.8571428571428571,14155776,0.1
32,43,11,10,1,0,0.3470355707,10,1.0,2,9,0.18181818181818182,2,9,2,8,0,1,0.18181818181818182,63700992,8.0
32,44,10,5,5,2,3.028445213,2,0.2,5,5,0.5,5,2,1,1,4,1,0.7142857142857143,14155776,0.2
32,45,1,1,0,0,0.141652122,1,0.1,0,1,0.0,0,1,0,1,0,0,0.0,7077888,0.0
32,46,18,18,0,0,2.9856122993999996,10,1.0,1,17,0.05555555555555555,1,9,1,9,0,0,0.1,63700992,8.0
32,47,11,1,10,0,2.162032096,2,0.2,9,2,0.8181818181818182,9,2,0,1,9,1,0.8181818181818182,14155776,0.2
32,48,20,3,17,0,3.4884009213,3,0.3,15,5,0.75,15,4,0,2,15,2,0.7894736842105263,28311552,0.8999999999999999
32,49,2,2,0,0,0.264734566,2,0.2,0,2,0.0,0,2,0,2,0,0,0.0,14155776,0.2
32,52,3,0,3,0,0.420799337,2,0.2,1,2,0.3333333333333333,1,2,0,0,1,2,0.3333333333333333,14155776,0.2
32,53,6,2,4,0,0.9786907147999999,3,0.3,1,5,0.16666666666666666,1,5,0,2,1,3,0.16666666666666666,35389440,1.2
32,54,2,0,2,0,0.35706985,1,0.1,1,1,0.5,1,1,0,0,1,1,0.5,7077888,0.0
32,55,3,0,3,0,0.5076005975,2,0.2,1,2,0.3333333333333333,1,2,0,0,1,2,0.3333333333333333,14155776,0.2
32,56,4,4,0,0,0.6318474269000001,2,0.2,0,4,0.0,0,2,0,2,0,0,0.0,14155776,0.2
32,57,1,1,0,0,0.121395245,1,0.1,0,1,0.0,0,1,0,1,0,0,0.0,7077888,0.0
32,58,4,2,2,0,0.47818831390000005,3,0.3,1,3,0.25,1,3,0,2,1,1,0.25,21233664,0.6
32,59,2,0,2,0,0.395163626,2,0.2,0,2,0.0,0,2,0,0,0,2,0.0,14155776,0.2
32,60,5,2,3,0,1.197697431,1,0.1,2,3,0.4,2,2,0,1,2,1,0.5,14155776,0.1
32,61,2,0,2,0,0.22611843060000003,1,0.1,1,1,0.5,1,1,0,0,1,1,0.5,7077888,0.0
32,63,1,1,0,0,0.111882292,1,0.1,0,1,0.0,0,1,0,1,0,0,0.0,7077888,0.0
32,65,8,5,3,0,0.9669693642000001,4,0.4,3,5,0.375,3,3,1,2,2,1,0.5,21233664,0.8
32,68,4,4,0,1,0.960869655,2,0.2,0,4,0.0,0,2,0,2,0,0,0.0,14155776,0.2
32,70,6,6,0,0,0.936202796,5,0.5,0,6,0.0,0,5,0,5,0,0,0.0,35389440,2.0
32,71,3,3,0,0,0.391251103,2,0.2,0,3,0.0,0,2,0,2,0,0,0.0,14155776,0.2
32,72,49,20,29,13,16.924670797999998,1,0.1,29,20,0.5918367346938775,29,1,0,1,29,0,0.9666666666666667,7077888,0.0
32,74,3,1,2,0,0.46548688400000005,3,0.3,0,3,0.0,0,3,0,1,0,2,0.0,21233664,0.6
32,77,4,3,1,0,0.5623932402,3,0.3,0,4,0.0,0,3,0,2,0,1,0.0,21233664,0.6
32,79,11,2,9,4,3.380953652,4,0.4,5,6,0.45454545454545453,5,6,0,2,5,4,0.45454545454545453,42467328,2.0
32,80,2,1,1,0,0.2908518168,1,0.1,0,2,0.0,0,2,0,1,0,1,0.0,14155776,0.1
32,81,372,206,166,80,106.62006386929997,10,1.0,360,12,0.967741935483871,175,1,9,1,166,0,0.9943181818181818,7077888,0.0
32,84,39,16,23,4,9.831108764000003,7,0.7,31,8,0.7948717948717948,22,6,2,3,20,3,0.7857142857142857,42467328,3.5
32,86,2,2,0,0,0.20020003609999998,2,0.2,0,2,0.0,0,2,0,2,0,0,0.0,14155776,0.2
32,87,10,10,0,0,1.0046713934999998,10,1.0,0,10,0.0,0,10,0,10,0,0,0.0,70778880,9.0
32,88,1,0,1,0,0.192923903,1,0.1,0,1,0.0,0,1,0,0,0,1,0.0,7077888,0.0
32,89,1,1,0,0,0.151326463,1,0.1,0,1,0.0,0,1,0,1,0,0,0.0,7077888,0.0
32,90,23,22,1,3,3.5352264133,10,1.0,3,20,0.13043478260869565,3,8,2,8,1,0,0.2727272727272727,56623104,7.0
32,91,4,1,3,0,0.628793791,2,0.2,2,2,0.5,2,2,0,1,2,1,0.5,14155776,0.2
32,93,10,2,8,0,1.7281443172,2,0.2,6,4,0.6,6,3,0,1,6,2,0.6666666666666666,21233664,0.4
32,94,5,5,0,0,0.735735178,3,0.3,0,5,0.0,0,3,0,3,0,0,0.0,21233664,0.6
32,95,24,1,23,3,5.600905344,4,0.4,19,5,0.7916666666666666,19,5,0,1,19,4,0.7916666666666666,35389440,1.6
32,96,1,0,1,0,0.18070592,1,0.1,0,1,0.0,0,1,0,0,0,1,0.0,7077888,0.0
32,97,11,3,8,4,3.3225940620000003,2,0.2,5,6,0.45454545454545453,5,4,0,1,5,3,0.5555555555555556,28311552,0.6000000000000001
32,98,1,1,0,0,0.200278625,1,0.1,0,1,0.0,0,1,0,1,0,0,0.0,7077888,0.0
32,100,1,1,0,0,0.164671034,1,0.1,0,1,0.0,0,1,0,1,0,0,0.0,7077888,0.0
32,101,1,0,1,0,0.121384978,1,0.1,0,1,0.0,0,1,0,0,0,1,0.0,7077888,0.0
32,102,28,12,16,7,7.6830755029999995,3,0.3,14,14,0.5,14,5,0,3,14,2,0.7368421052631579,35389440,1.2
32,103,9,4,5,0,1.7683256330000003,6,0.6,3,6,0.3333333333333333,3,6,1,3,2,3,0.3333333333333333,42467328,3.0
32,104,27,14,13,6,7.3915013049999985,5,0.5,14,13,0.5185185185185185,13,4,2,2,11,2,0.7647058823529411,28311552,1.5
32,105,6,6,0,0,1.12352857,1,0.1,0,6,0.0,0,1,0,1,0,0,0.0,7077888,0.0
32,108,2,2,0,0,0.47306496,1,0.1,0,2,0.0,0,1,0,1,0,0,0.0,7077888,0.0
32,109,3,3,0,1,0.8080851139999999,1,0.1,0,3,0.0,0,1,0,1,0,0,0.0,7077888,0.0
32,110,3,2,1,1,0.846676662,1,0.1,0,3,0.0,0,2,0,1,0,1,0.0,14155776,0.1
32,111,23,18,5,0,3.3405698304999993,8,0.8,11,12,0.4782608695652174,6,7,4,4,2,3,0.46153846153846156,49545216,4.800000000000001
32,112,7,5,2,0,0.8809788005,6,0.6,1,6,0.14285714285714285,1,6,1,4,0,2,0.14285714285714285,42467328,3.0
32,116,1,1,0,0,0.162594587,1,0.1,0,1,0.0,0,1,0,1,0,0,0.0,7077888,0.0
32,118,13,13,0,3,3.6884927319999994,4,0.4,0,13,0.0,0,4,0,4,0,0,0.0,28311552,1.2000000000000002
32,120,4,3,1,0,0.818255663,4,0.4,0,4,0.0,0,4,0,3,0,1,0.0,28311552,1.2000000000000002
32,121,7,0,7,0,1.101494529,4,0.4,1,6,0.14285714285714285,1,6,0,0,1,6,0.14285714285714285,42467328,2.0
32,126,12,12,0,0,0.45175823600000004,10,1.0,0,12,0.0,0,10,0,10,0,0,0.0,70778880,9.0
32,127,2,0,2,0,0.25766034400000004,1,0.1,1,1,0.5,1,1,0,0,1,1,0.5,7077888,0.0
32,129,52,39,13,2,8.716929167300002,10,1.0,35,17,0.6730769230769231,14,9,7,3,7,6,0.6086956521739131,63700992,8.0
32,132,21,8,13,7,7.0766937310000015,3,0.3,12,9,0.5714285714285714,12,3,1,1,11,2,0.8,21233664,0.6
32,133,59,53,6,3,14.403367371099993,10,1.0,18,41,0.3050847457627119,8,8,4,6,4,2,0.5,56623104,7.0
32,134,1,1,0,0,0.098431617,1,0.1,0,1,0.0,0,1,0,1,0,0,0.0,7077888,0.0
32,136,59,13,46,0,10.054712793000004,8,0.8,48,11,0.8135593220338984,45,8,3,4,42,4,0.8490566037735849,56623104,5.6000000000000005
32,137,4,4,0,0,0.650343463,2,0.2,0,4,0.0,0,2,0,2,0,0,0.0,14155776,0.2
32,140,3,3,0,0,0.3791876064,3,0.3,0,3,0.0,0,3,0,3,0,0,0.0,21233664,0.6
32,141,12,10,2,0,0.5654942655899999,10,1.0,1,11,0.08333333333333333,1,11,0,10,1,1,0.08333333333333333,77856768,10.0
32,142,12,3,9,4,3.4913817790000006,2,0.2,7,5,0.5833333333333334,7,4,0,2,7,2,0.6363636363636364,28311552,0.6000000000000001
32,143,4,3,1,0,0.594370366,3,0.3,0,4,0.0,0,3,0,2,0,1,0.0,21233664,0.6
32,144,2,1,1,0,0.26429611399999997,1,0.1,0,2,0.0,0,2,0,1,0,1,0.0,14155776,0.1
32,145,23,14,9,1,4.860990388000001,4,0.4,17,6,0.7391304347826086,10,3,2,2,8,1,0.7692307692307693,21233664,0.8
32,146,3,1,2,0,0.5022635910000001,1,0.1,1,2,0.3333333333333333,1,2,0,1,1,1,0.3333333333333333,14155776,0.1
32,147,6,5,1,0,0.849994383,5,0.5,0,6,0.0,0,5,0,4,0,1,0.0,35389440,2.0
32,151,1,0,1,0,0.125980556,1,0.1,0,1,0.0,0,1,0,0,0,1,0.0,7077888,0.0
32,152,2,1,1,0,0.2057307062,2,0.2,0,2,0.0,0,2,0,1,0,1,0.0,14155776,0.2
32,153,65,51,14,20,19.154657681800003,8,0.8,25,40,0.38461538461538464,16,6,2,6,14,0,0.7272727272727273,42467328,4.0
32,154,4,0,4,0,0.576039375,3,0.3,1,3,0.25,1,3,0,0,1,3,0.25,21233664,0.6
32,155,1,1,0,0,0.146439284,1,0.1,0,1,0.0,0,1,0,1,0,0,0.0,7077888,0.0
32,157,2,1,1,0,0.336095221,2,0.2,0,2,0.0,0,2,0,1,0,1,0.0,14155776,0.2
32,158,46,27,19,3,9.8492847901,7,0.7,25,21,0.5434782608695652,19,7,2,5,17,2,0.7307692307692307,49545216,4.199999999999999
32,160,14,13,1,3,4.387779409,8,0.8,0,14,0.0,0,9,0,8,0,1,0.0,63700992,6.4
32,161,40,34,6,7,11.454271217900002,8,0.8,29,11,0.725,9,5,4,4,5,1,0.6428571428571429,35389440,3.2
32,163,2,0,2,0,0.2231423556,1,0.1,1,1,0.5,1,1,0,0,1,1,0.5,7077888,0.0
32,165,9,5,4,0,1.1885597946000002,7,0.7,0,9,0.0,0,7,0,3,0,4,0.0,49545216,4.199999999999999
32,167,1,0,1,0,0.150543123,1,0.1,0,1,0.0,0,1,0,0,0,1,0.0,7077888,0.0
32,168,19,10,9,3,5.1492277830000015,3,0.3,10,9,0.5263157894736842,9,3,1,2,8,1,0.75,21233664,0.6
32,171,5,1,4,0,0.964238047,1,0.1,2,3,0.4,2,3,0,1,2,2,0.4,21233664,0.2
32,172,11,8,3,0,1.9174158280000002,5,0.5,2,9,0.18181818181818182,2,6,0,5,2,1,0.25,42467328,2.5
32,173,3,0,3,0,0.592949852,1,0.1,2,1,0.6666666666666666,2,1,0,0,2,1,0.6666666666666666,7077888,0.0
32,174,45,17,28,4,10.069828704300003,8,0.8,38,7,0.8444444444444444,30,5,4,3,26,2,0.8571428571428571,35389440,3.2
32,177,5,3,2,0,0.6134270433,4,0.4,1,4,0.2,1,4,1,2,0,2,0.2,28311552,1.2000000000000002
32,178,32,7,25,0,5.904531053600001,10,1.0,21,11,0.65625,20,8,2,1,18,7,0.7142857142857143,56623104,7.0
32,180,49,13,36,18,12.455282797799999,6,0.6,39,10,0.7959183673469388,36,4,1,3,35,1,0.9,28311552,1.7999999999999998
32,181,7,1,6,0,1.005941429,5,0.5,1,6,0.14285714285714285,1,6,0,1,1,5,0.14285714285714285,42467328,2.5
32,182,1,1,0,0,0.0946171805,1,0.1,0,1,0.0,0,1,0,1,0,0,0.0,7077888,0.0
32,183,4,3,1,0,0.5357176361,4,0.4,0,4,0.0,0,4,0,3,0,1,0.0,28311552,1.2000000000000002
32,184,3,1,2,0,0.403617769,2,0.2,1,2,0.3333333333333333,1,2,0,1,1,1,0.3333333333333333,14155776,0.2
32,185,38,17,21,0,6.9913822034000015,10,1.0,32,6,0.8421052631578947,24,6,7,2,17,4,0.8,42467328,5.0
32,186,21,15,6,1,4.3153006290999985,7,0.7,6,15,0.2857142857142857,5,8,1,6,4,2,0.38461538461538464,56623104,4.8999999999999995
32,187,1,1,0,0,0.216319486,1,0.1,0,1,0.0,0,1,0,1,0,0,0.0,7077888,0.0
32,189,15,5,10,9,6.240740746999999,1,0.1,10,5,0.6666666666666666,10,1,0,1,10,0,0.9090909090909091,7077888,0.0
32,191,4,0,4,0,0.6445134211,1,0.1,2,2,0.5,2,2,0,0,2,2,0.5,14155776,0.1
32,192,1,1,0,0,0.104829878,1,0.1,0,1,0.0,0,1,0,1,0,0,0.0,7077888,0.0
32,193,262,201,61,94,90.63832724989999,10,1.0,240,22,0.916030534351145,68,3,9,1,59,2,0.9577464788732394,21233664,2.0
32,195,13,12,1,1,3.106977329,3,0.3,1,12,0.07692307692307693,1,3,1,2,0,1,0.25,21233664,0.6
32,196,7,6,1,0,1.0093221732,2,0.2,0,7,0.0,0,3,0,2,0,1,0.0,21233664,0.4
32,197,46,23,23,5,12.534540221000004,4,0.4,31,15,0.6739130434782609,22,5,2,2,20,3,0.8148148148148148,35389440,1.6
32,198,4,1,3,0,0.7300505789999999,2,0.2,2,2,0.5,2,2,0,1,2,1,0.5,14155776,0.2
32,199,1,1,0,0,0.21208334,1,0.1,0,1,0.0,0,1,0,1,0,0,0.0,7077888,0.0
32,203,3,0,3,0,0.3517817186,2,0.2,1,2,0.3333333333333333,1,2,0,0,1,2,0.3333333333333333,14155776,0.2
32,204,1,1,0,0,0.243395865,1,0.1,0,1,0.0,0,1,0,1,0,0,0.0,7077888,0.0
32,205,3,3,0,0,0.45678861400000004,2,0.2,0,3,0.0,0,2,0,2,0,0,0.0,14155776,0.2
32,206,8,3,5,1,2.3199488080000004,1,0.1,4,4,0.5,4,2,0,1,4,1,0.6666666666666666,14155776,0.1
32,210,2,1,1,0,0.1583075821,2,0.2,0,2,0.0,0,2,0,1,0,1,0.0,14155776,0.2
32,211,18,9,9,0,4.105472789999999,10,1.0,7,11,0.3888888888888889,7,10,4,4,3,6,0.4117647058823529,70778880,9.0
32,213,29,22,7,6,8.604394130000001,7,0.7,12,17,0.41379310344827586,6,8,2,5,4,3,0.42857142857142855,56623104,4.8999999999999995
32,214,74,36,38,23,21.966059641300003,9,0.9,48,26,0.6486486486486487,39,6,5,2,34,4,0.8666666666666667,42467328,4.5
32,215,7,3,4,0,1.16036582,3,0.3,1,6,0.14285714285714285,1,5,0,2,1,3,0.16666666666666666,35389440,1.2
32,216,50,50,0,10,20.701928142700005,10,1.0,10,40,0.2,2,8,2,8,0,0,0.2,56623104,7.0
32,219,61,55,6,4,12.178532970700003,10,1.0,18,43,0.29508196721311475,8,8,4,6,4,2,0.5,56623104,7.0
32,220,3,0,3,0,0.377337507,1,0.1,2,1,0.6666666666666666,2,1,0,0,2,1,0.6666666666666666,7077888,0.0
32,221,10,6,4,0,1.4215965509000001,2,0.2,3,7,0.3,3,3,0,2,3,1,0.5,21233664,0.4
32,222,3,1,2,0,0.537928194,3,0.3,0,3,0.0,0,3,0,1,0,2,0.0,21233664,0.6
32,227,4,0,4,0,1.194613398,2,0.2,2,2,0.5,2,2,0,0,2,2,0.5,14155776,0.2
32,228,5,5,0,0,0.5913033183,2,0.2,0,5,0.0,0,2,0,2,0,0,0.0,14155776,0.2
32,231,1,0,1,0,0.257113874,1,0.1,0,1,0.0,0,1,0,0,0,1,0.0,7077888,0.0
32,232,1,0,1,0,0.222577438,1,0.1,0,1,0.0,0,1,0,0,0,1,0.0,7077888,0.0
32,233,6,3,3,1,1.1940838542999999,3,0.3,0,6,0.0,0,5,0,2,0,3,0.0,35389440,1.2
32,235,5,0,5,0,0.741175369,2,0.2,3,2,0.6,3,2,0,0,3,2,0.6,14155776,0.2
32,236,1,0,1,0,0.173213691,1,0.1,0,1,0.0,0,1,0,0,0,1,0.0,7077888,0.0
32,237,7,4,3,0,1.427049191,2,0.2,1,6,0.14285714285714285,1,4,0,2,1,2,0.2,28311552,0.6000000000000001
32,240,1,0,1,0,0.109318912,1,0.1,0,1,0.0,0,1,0,0,0,1,0.0,7077888,0.0
32,244,5,0,5,0,0.791149364,2,0.2,2,3,0.4,2,3,0,0,2,3,0.4,21233664,0.4
32,245,7,4,3,1,1.707482546,1,0.1,3,4,0.42857142857142855,3,1,0,1,3,0,0.75,7077888,0.0
32,246,35,30,5,2,5.6766514303,10,1.0,15,20,0.42857142857142855,7,8,2,8,5,0,0.4666666666666667,56623104,7.0
32,249,5,5,0,0,0.721285954,5,0.5,0,5,0.0,0,5,0,5,0,0,0.0,35389440,2.0
32,250,7,3,4,3,2.37941271,3,0.3,2,5,0.2857142857142857,2,4,0,2,2,2,0.3333333333333333,28311552,0.8999999999999999
32,251,1,0,1,0,0.093868576,1,0.1,0,1,0.0,0,1,0,0,0,1,0.0,7077888,0.0
32,252,9,4,5,0,1.8855688729,5,0.5,4,5,0.4444444444444444,4,5,0,4,4,1,0.4444444444444444,35389440,2.0
32,254,11,3,8,5,4.110354812,4,0.4,4,7,0.36363636363636365,4,6,0,2,4,4,0.4,42467328,2.0
32,255,3,2,1,0,0.39193814180000003,3,0.3,0,3,0.0,0,3,0,2,0,1,0.0,21233664,0.6
33,0,3,1,2,0,0.38607713499999996,1,0.1,1,2,0.3333333333333333,1,2,0,1,1,1,0.3333333333333333,14155776,0.1
33,1,3,1,2,0,0.43583393000000004,2,0.2,2,1,0.6666666666666666,2,1,1,0,1,1,0.6666666666666666,7077888,0.0
33,3,1,0,1,0,0.161474854,1,0.1,0,1,0.0,0,1,0,0,0,1,0.0,7077888,0.0
33,4,1,1,0,0,0.111150362,1,0.1,0,1,0.0,0,1,0,1,0,0,0.0,7077888,0.0
33,5,3,1,2,1,0.949937992,2,0.2,1,2,0.3333333333333333,1,2,0,1,1,1,0.3333333333333333,14155776,0.2
33,9,74,69,5,7,14.798343688600001,10,1.0,9,65,0.12162162162162163,5,10,2,8,3,2,0.3333333333333333,70778880,9.0
33,11,14,3,11,6,5.264206515,1,0.1,10,4,0.7142857142857143,10,2,0,1,10,1,0.8333333333333334,14155776,0.1
33,12,8,0,8,0,1.096492112,3,0.3,5,3,0.625,5,3,0,0,5,3,0.625,21233664,0.6
33,14,14,7,7,1,2.8427145630000004,2,0.2,6,8,0.42857142857142855,6,2,0,1,6,1,0.75,14155776,0.2
33,15,8,8,0,0,1.848662138,8,0.8,0,8,0.0,0,8,0,8,0,0,0.0,56623104,5.6000000000000005
33,18,14,6,8,4,3.6862038220000004,6,0.6,6,8,0.42857142857142855,5,7,1,3,4,4,0.4166666666666667,49545216,3.5999999999999996
33,19,4,3,1,0,0.6092215255,3,0.3,0,4,0.0,0,3,0,2,0,1,0.0,21233664,0.6
33,20,3,0,3,0,0.51024203,2,0.2,0,3,0.0,0,3,0,0,0,3,0.0,21233664,0.4
33,21,4,3,1,0,0.72568933,3,0.3,0,4,0.0,0,4,0,3,0,1,0.0,28311552,0.8999999999999999
33,22,60,48,12,8,15.2594745776,10,1.0,31,29,0.5166666666666667,12,10,5,5,7,5,0.5454545454545454,70778880,9.0
33,24,3,0,3,0,0.596069858,1,0.1,2,1,0.6666666666666666,2,1,0,0,2,1,0.6666666666666666,7077888,0.0
33,25,19,14,5,0,4.0408929978,3,0.3,4,15,0.21052631578947367,4,4,0,3,4,1,0.5,28311552,0.8999999999999999
33,26,1,0,1,0,0.101507068,1,0.1,0,1,0.0,0,1,0,0,0,1,0.0,7077888,0.0
33,29,15,14,1,1,3.736277163,4,0.4,1,14,0.06666666666666667,1,4,0,4,1,0,0.2,28311552,1.2000000000000002
33,31,1,1,0,0,0.385477871,1,0.1,0,1,0.0,0,1,0,1,0,0,0.0,7077888,0.0
33,34,10,8,2,0,2.0796327740000002,2,0.2,1,9,0.1,1,3,0,2,1,1,0.25,21233664,0.4
33,36,13,13,0,0,2.5320503039999998,3,0.3,0,13,0.0,0,3,0,3,0,0,0.0,21233664,0.6
33,37,1,0,1,0,0.161029533,1,0.1,0,1,0.0,0,1,0,0,0,1,0.0,7077888,0.0
33,38,6,5,1,0,0.8822263180000001,5,0.5,1,5,0.16666666666666666,1,5,1,4,0,1,0.16666666666666666,35389440,2.0
33,39,59,36,23,0,10.217436087000003,10,1.0,33,26,0.559322033898305,23,10,2,8,21,2,0.696969696969697,70778880,9.0
33,40,3,1,2,0,0.872347265,3,0.3,0,3,0.0,0,3,0,1,0,2,0.0,21233664,0.6
33,43,14,11,3,2,3.2725674059999994,7,0.7,2,12,0.14285714285714285,2,7,1,5,1,2,0.2222222222222222,49545216,4.199999999999999
33,44,33,12,21,2,6.812083271900001,4,0.4,21,12,0.6363636363636364,21,3,1,2,20,1,0.875,21233664,0.8
33,45,3,1,2,0,0.926077187,1,0.1,1,2,0.3333333333333333,1,2,0,1,1,1,0.3333333333333333,14155776,0.1
33,47,1,1,0,0,0.164895386,1,0.1,0,1,0.0,0,1,0,1,0,0,0.0,7077888,0.0
33,48,2,1,1,0,0.285033658,1,0.1,0,2,0.0,0,2,0,1,0,1,0.0,14155776,0.1
33,49,6,4,2,2,1.6411750619999999,2,0.2,0,6,0.0,0,3,0,1,0,2,0.0,21233664,0.4
33,51,2,0,2,0,0.38836386,1,0.1,1,1,0.5,1,1,0,0,1,1,0.5,7077888,0.0
33,53,3,2,1,0,0.409828231,1,0.1,0,3,0.0,0,2,0,1,0,1,0.0,14155776,0.1
33,54,10,10,0,2,2.0234051650000002,4,0.4,0,10,0.0,0,4,0,4,0,0,0.0,28311552,1.2000000000000002
33,55,321,183,138,52,86.02287228560002,10,1.0,259,62,0.8068535825545171,145,3,7,3,138,0,0.9797297297297297,21233664,2.0
33,56,2,1,1,0,0.38699454099999997,2,0.2,0,2,0.0,0,2,0,1,0,1,0.0,14155776,0.2
33,57,1,0,1,0,0.126185372,1,0.1,0,1,0.0,0,1,0,0,0,1,0.0,7077888,0.0
33,58,185,154,31,43,49.0869009946,10,1.0,129,56,0.6972972972972973,33,8,7,3,26,5,0.8048780487804879,56623104,7.0
33,59,1,1,0,0,0.122395076,1,0.1,0,1,0.0,0,1,0,1,0,0,0.0,7077888,0.0
33,61,1,0,1,0,0.168907747,1,0.1,0,1,0.0,0,1,0,0,0,1,0.0,7077888,0.0
33,62,10,10,0,0,0.041826031629999996,10,1.0,0,10,0.0,0,10,0,10,0,0,0.0,70778880,9.0
33,65,10,10,0,10,14.684678649999999,10,1.0,0,10,0.0,0,10,0,10,0,0,0.0,70778880,9.0
33,66,1,1,0,0,0.10224846,1,0.1,0,1,0.0,0,1,0,1,0,0,0.0,7077888,0.0
33,68,16,12,4,1,1.5356610489399998,10,1.0,3,13,0.1875,3,11,1,9,2,2,0.21428571428571427,77856768,10.0
33,69,2,0,2,0,0.341958657,1,0.1,1,1,0.5,1,1,0,0,1,1,0.5,7077888,0.0
33,70,17,7,10,8,6.454080821,3,0.3,9,8,0.5294117647058824,9,3,0,2,9,1,0.75,21233664,0.6
33,74,4,2,2,0,0.7747901829999999,3,0.3,1,3,0.25,1,3,0,2,1,1,0.25,21233664,0.6
33,75,3,1,2,0,0.42160506600000003,3,0.3,0,3,0.0,0,3,0,1,0,2,0.0,21233664,0.6
33,78,11,8,3,3,3.0030081120000003,4,0.4,1,10,0.09090909090909091,1,5,0,3,1,2,0.16666666666666666,35389440,1.6
33,80,62,42,20,9,14.0583418837,8,0.8,29,33,0.46774193548387094,22,6,3,5,19,1,0.7857142857142857,42467328,4.0
33,81,1,1,0,0,0.142641202,1,0.1,0,1,0.0,0,1,0,1,0,0,0.0,7077888,0.0
33,84,1,1,0,0,0.183892742,1,0.1,0,1,0.0,0,1,0,1,0,0,0.0,7077888,0.0
33,85,16,16,0,2,2.9239661244999993,6,0.6,2,14,0.125,2,4,2,4,0,0,0.3333333333333333,28311552,1.7999999999999998
33,86,3,3,0,1,0.8057573739999999,1,0.1,0,3,0.0,0,1,0,1,0,0,0.0,7077888,0.0
33,87,1,1,0,0,0.210872233,1,0.1,0,1,0.0,0,1,0,1,0,0,0.0,7077888,0.0
33,88,1,0,1,0,0.129572541,1,0.1,0,1,0.0,0,1,0,0,0,1,0.0,7077888,0.0
33,89,49,8,41,16,12.910464514000001,3,0.3,40,9,0.8163265306122449,40,4,1,2,39,2,0.9090909090909091,28311552,0.8999999999999999
33,90,4,4,0,0,0.544109792,3,0.3,0,4,0.0,0,3,0,3,0,0,0.0,21233664,0.6
33,91,12,6,6,2,2.8935693051999998,5,0.5,4,8,0.3333333333333333,4,5,1,2,3,3,0.4444444444444444,35389440,2.0
33,95,1,0,1,0,0.164082974,1,0.1,0,1,0.0,0,1,0,0,0,1,0.0,7077888,0.0
33,97,6,0,6,0,1.39419882,2,0.2,4,2,0.6666666666666666,4,2,0,0,4,2,0.6666666666666666,14155776,0.2
33,100,1,1,0,0,0.122468427,1,0.1,0,1,0.0,0,1,0,1,0,0,0.0,7077888,0.0
33,102,11,6,5,3,3.21815625,5,0.5,3,8,0.2727272727272727,3,6,1,3,2,3,0.3333333333333333,42467328,2.5
33,103,1,0,1,0,0.0910856873,1,0.1,0,1,0.0,0,1,0,0,0,1,0.0,7077888,0.0
33,104,7,5,2,1,1.7069883873,4,0.4,3,4,0.42857142857142855,3,3,2,2,1,1,0.5,21233664,0.8
33,105,19,10,9,8,5.4489226770000005,2,0.2,9,10,0.47368421052631576,9,2,0,2,9,0,0.8181818181818182,14155776,0.2
33,108,31,14,17,6,7.64413379,4,0.4,18,13,0.5806451612903226,16,4,1,2,15,2,0.8,28311552,1.2000000000000002
33,109,3,3,0,0,0.421000451,2,0.2,0,3,0.0,0,2,0,2,0,0,0.0,14155776,0.2
33,111,5,5,0,0,1.36778055,2,0.2,0,5,0.0,0,2,0,2,0,0,0.0,14155776,0.2
33,112,9,3,6,0,1.648709417,4,0.4,4,5,0.4444444444444444,4,5,1,2,3,3,0.4444444444444444,35389440,1.6
33,113,1,1,0,0,0.116568565,1,0.1,0,1,0.0,0,1,0,1,0,0,0.0,7077888,0.0
33,114,4,3,1,0,0.678955033,2,0.2,0,4,0.0,0,3,0,2,0,1,0.0,21233664,0.4
33,115,2,1,1,0,0.272135183,2,0.2,0,2,0.0,0,2,0,1,0,1,0.0,14155776,0.2
33,116,1,1,0,0,0.276347935,1,0.1,0,1,0.0,0,1,0,1,0,0,0.0,7077888,0.0
33,117,1,1,0,0,0.134592056,1,0.1,0,1,0.0,0,1,0,1,0,0,0.0,7077888,0.0
33,118,2,0,2,0,0.431157514,1,0.1,1,1,0.5,1,1,0,0,1,1,0.5,7077888,0.0
33,121,1,1,0,0,0.123352349,1,0.1,0,1,0.0,0,1,0,1,0,0,0.0,7077888,0.0
33,122,2,2,0,0,0.3561837226,1,0.1,0,2,0.0,0,1,0,1,0,0,0.0,7077888,0.0
33,123,1,0,1,0,0.213961825,1,0.1,0,1,0.0,0,1,0,0,0,1,0.0,7077888,0.0
33,124,2,0,2,0,0.499525443,1,0.1,1,1,0.5,1,1,0,0,1,1,0.5,7077888,0.0
33,126,1,0,1,0,0.157476664,1,0.1,0,1,0.0,0,1,0,0,0,1,0.0,7077888,0.0
33,127,6,5,1,0,1.028464966,4,0.4,0,6,0.0,0,5,0,4,0,1,0.0,35389440,1.6
33,128,2,0,2,0,0.43421499399999997,1,0.1,1,1,0.5,1,1,0,0,1,1,0.5,7077888,0.0
33,129,1,1,0,0,0.143588915,1,0.1,0,1,0.0,0,1,0,1,0,0,0.0,7077888,0.0
33,130,2,1,1,0,0.30591125799999996,2,0.2,0,2,0.0,0,2,0,1,0,1,0.0,14155776,0.2
33,131,1,0,1,0,0.213466331,1,0.1,0,1,0.0,0,1,0,0,0,1,0.0,7077888,0.0
33,132,27,8,19,1,6.316123799999999,1,0.1,18,9,0.6666666666666666,18,2,0,1,18,1,0.9,14155776,0.1
33,134,2,2,0,0,0.293555171,2,0.2,0,2,0.0,0,2,0,2,0,0,0.0,14155776,0.2
33,136,9,4,5,0,1.5533534143999999,6,0.6,3,6,0.3333333333333333,3,6,2,2,1,4,0.3333333333333333,42467328,3.0
33,137,18,9,9,2,4.2391652539999995,9,0.9,6,12,0.3333333333333333,6,12,2,7,4,5,0.3333333333333333,84934656,9.9
33,138,1,0,1,0,0.205095917,1,0.1,0,1,0.0,0,1,0,0,0,1,0.0,7077888,0.0
33,139,1,1,0,0,0.171308875,1,0.1,0,1,0.0,0,1,0,1,0,0,0.0,7077888,0.0
33,140,5,3,2,0,0.835551552,2,0.2,0,5,0.0,0,3,0,1,0,2,0.0,21233664,0.4
33,142,3,0,3,0,0.464082718,3,0.3,0,3,0.0,0,3,0,0,0,3,0.0,21233664,0.6
33,143,232,123,109,35,59.2533479535,10,1.0,201,31,0.8663793103448276,116,3,8,2,108,1,0.9747899159663865,21233664,2.0
33,144,7,2,5,0,1.303460957,2,0.2,3,4,0.42857142857142855,3,3,0,1,3,2,0.5,21233664,0.4
33,145,1,0,1,0,0.140179515,1,0.1,0,1,0.0,0,1,0,0,0,1,0.0,7077888,0.0
33,146,1,1,0,0,0.257177413,1,0.1,0,1,0.0,0,1,0,1,0,0,0.0,7077888,0.0
33,147,5,2,3,0,0.6243654339000001,2,0.2,1,4,0.2,1,4,0,2,1,2,0.2,28311552,0.6000000000000001
33,149,9,0,9,0,1.5077097631,3,0.3,5,4,0.5555555555555556,5,4,0,0,5,4,0.5555555555555556,28311552,0.8999999999999999
33,151,6,4,2,0,0.8016673630000001,2,0.2,1,5,0.16666666666666666,1,3,0,2,1,1,0.25,21233664,0.4
33,152,2,2,0,0,0.417478562,1,0.1,0,2,0.0,0,1,0,1,0,0,0.0,7077888,0.0
33,154,8,0,8,0,1.3132910429999998,5,0.5,3,5,0.375,3,5,0,0,3,5,0.375,35389440,2.0
33,155,7,6,1,0,1.322926097,4,0.4,2,5,0.2857142857142857,1,4,1,3,0,1,0.2,28311552,1.2000000000000002
33,156,12,7,5,3,3.262531399,6,0.6,1,11,0.08333333333333333,1,7,0,3,1,4,0.125,49545216,3.5999999999999996
33,157,6,2,4,0,0.9772197083999999,1,0.1,3,3,0.5,3,2,0,1,3,1,0.6,14155776,0.1
33,158,403,225,178,122,123.95951844499999,10,1.0,388,15,0.9627791563275434,187,1,9,1,178,0,0.9946808510638298,7077888,0.0
33,159,3,1,2,0,0.402067125,2,0.2,0,3,0.0,0,3,0,1,0,2,0.0,21233664,0.4
33,160,2,2,0,1,0.680173815,2,0.2,0,2,0.0,0,2,0,2,0,0,0.0,14155776,0.2
33,164,2,2,0,0,0.290107443,1,0.1,0,2,0.0,0,1,0,1,0,0,0.0,7077888,0.0
33,165,5,3,2,1,1.283676534,4,0.4,3,2,0.6,2,2,2,0,0,2,0.5,14155776,0.4
33,166,10,5,5,1,1.861400432,5,0.5,0,10,0.0,0,7,0,2,0,5,0.0,49545216,3.0
33,167,1,1,0,0,0.132093683,1,0.1,0,1,0.0,0,1,0,1,0,0,0.0,7077888,0.0
33,168,4,3,1,1,1.080932662,2,0.2,0,4,0.0,0,3,0,2,0,1,0.0,21233664,0.4
33,169,2,2,0,0,0.1730992128,1,0.1,0,2,0.0,0,1,0,1,0,0,0.0,7077888,0.0
33,170,14,14,0,0,2.2736383676000003,8,0.8,2,12,0.14285714285714285,1,7,1,7,0,0,0.125,49545216,4.800000000000001
33,171,1,0,1,0,0.170602232,1,0.1,0,1,0.0,0,1,0,0,0,1,0.0,7077888,0.0
33,172,37,19,18,7,9.760397937999999,3,0.3,18,19,0.4864864864864865,18,3,0,3,18,0,0.8571428571428571,21233664,0.6
33,173,1,1,0,0,0.0563362017,1,0.1,0,1,0.0,0,1,0,1,0,0,0.0,7077888,0.0
33,174,53,48,5,22,16.965172879999997,10,1.0,10,43,0.18867924528301888,6,9,1,9,5,0,0.4,63700992,8.0
33,176,2,1,1,0,0.2256448197,2,0.2,1,1,0.5,1,1,1,0,0,1,0.5,7077888,0.0
33,177,10,6,4,1,2.775675252,5,0.5,1,9,0.1,1,8,1,4,0,4,0.1111111111111111,56623104,3.5
33,180,2,1,1,0,0.279139861,2,0.2,0,2,0.0,0,2,0,1,0,1,0.0,14155776,0.2
33,181,20,9,11,0,2.8863725464,9,0.9,10,10,0.5,8,8,2,3,6,5,0.5,56623104,6.3
33,184,5,2,3,2,1.51202336,1,0.1,2,3,0.4,2,2,0,1,2,1,0.5,14155776,0.1
33,186,10,4,6,3,2.3930223438000002,6,0.6,5,5,0.5,4,5,2,1,2,4,0.4444444444444444,35389440,2.4
33,187,1,1,0,0,0.195493549,1,0.1,0,1,0.0,0,1,0,1,0,0,0.0,7077888,0.0
33,188,15,5,10,0,3.100658729,4,0.4,6,9,0.4,6,6,0,2,6,4,0.5,42467328,2.0
33,189,10,10,0,0,0.04064584383,10,1.0,0,10,0.0,0,10,0,10,0,0,0.0,70778880,9.0
33,190,10,10,0,0,0.046279238539999996,10,1.0,0,10,0.0,0,10,0,10,0,0,0.0,70778880,9.0
33,191,5,2,3,0,1.0877875540000002,3,0.3,2,3,0.4,1,3,1,0,0,3,0.25,21233664,0.6
33,192,3,3,0,0,0.5577833203,1,0.1,0,3,0.0,0,1,0,1,0,0,0.0,7077888,0.0
33,195,16,13,3,5,4.7826027700000004,3,0.3,1,15,0.0625,1,5,0,3,1,2,0.16666666666666666,35389440,1.2
33,196,30,21,9,6,8.396221920999999,9,0.9,17,13,0.5666666666666667,10,8,3,6,7,2,0.5555555555555556,56623104,6.3
33,198,21,7,14,1,4.395389241999999,7,0.7,12,9,0.5714285714285714,11,8,3,2,8,6,0.5789473684210527,56623104,4.8999999999999995
33,199,2,1,1,0,0.29454658899999997,2,0.2,0,2,0.0,0,2,0,1,0,1,0.0,14155776,0.2
33,201,1,1,0,0,0.155055374,1,0.1,0,1,0.0,0,1,0,1,0,0,0.0,7077888,0.0
33,203,2,1,1,1,0.830942169,2,0.2,0,2,0.0,0,2,0,1,0,1,0.0,14155776,0.2
33,204,32,7,25,2,6.9511669217,4,0.4,21,11,0.65625,21,6,0,2,21,4,0.7777777777777778,42467328,2.0
33,206,5,5,0,0,1.154784964,3,0.3,0,5,0.0,0,3,0,3,0,0,0.0,21233664,0.6
33,207,53,34,19,6,12.343061033600002,8,0.8,26,27,0.49056603773584906,21,6,3,5,18,1,0.7777777777777778,42467328,4.0
33,208,1,1,0,0,0.0839942619,1,0.1,0,1,0.0,0,1,0,1,0,0,0.0,7077888,0.0
33,209,2,2,0,1,0.6785122450000001,2,0.2,0,2,0.0,0,2,0,2,0,0,0.0,14155776,0.2
33,211,12,5,7,0,1.853660488,4,0.4,4,8,0.3333333333333333,4,6,0,3,4,3,0.4,42467328,2.0
33,212,29,23,6,3,6.301651564,10,1.0,8,21,0.27586206896551724,7,9,2,8,5,1,0.4375,63700992,8.0
33,213,18,1,17,3,4.073957549,4,0.4,13,5,0.7222222222222222,13,5,0,1,13,4,0.7222222222222222,35389440,1.6
33,215,11,7,4,0,1.8395598610000001,5,0.5,2,9,0.18181818181818182,2,6,0,4,2,2,0.25,42467328,2.5
33,216,4,4,0,0,0.5819730754,2,0.2,0,4,0.0,0,2,0,2,0,0,0.0,14155776,0.2
33,218,14,7,7,2,3.294639393,3,0.3,5,9,0.35714285714285715,5,4,0,2,5,2,0.5555555555555556,28311552,0.8999999999999999
33,220,1,0,1,0,0.191368848,1,0.1,0,1,0.0,0,1,0,0,0,1,0.0,7077888,0.0
33,221,12,3,9,0,1.8510084606,7,0.7,4,8,0.3333333333333333,4,8,2,1,2,7,0.3333333333333333,56623104,4.8999999999999995
33,222,5,5,0,4,3.207867324,3,0.3,0,5,0.0,0,3,0,3,0,0,0.0,21233664,0.6
33,223,14,14,0,0,3.297388763,5,0.5,0,14,0.0,0,5,0,5,0,0,0.0,35389440,2.0
33,224,4,4,0,0,0.690911748,2,0.2,0,4,0.0,0,2,0,2,0,0,0.0,14155776,0.2
33,226,8,0,8,0,1.5530700530000001,2,0.2,5,3,0.625,5,3,0,0,5,3,0.625,21233664,0.4
33,227,1,1,0,0,0.171216518,1,0.1,0,1,0.0,0,1,0,1,0,0,0.0,7077888,0.0
33,229,14,4,10,3,3.705525786,4,0.4,6,8,0.42857142857142855,6,6,0,2,6,4,0.5,42467328,2.0
33,230,2,1,1,0,0.24426186789999998,1,0.1,0,2,0.0,0,2,0,1,0,1,0.0,14155776,0.1
33,233,1,1,0,0,0.083341673,1,0.1,0,1,0.0,0,1,0,1,0,0,0.0,7077888,0.0
33,235,1,1,0,0,0.124703214,1,0.1,0,1,0.0,0,1,0,1,0,0,0.0,7077888,0.0
33,236,4,2,2,0,0.865146532,3,0.3,1,3,0.25,1,3,1,1,0,2,0.25,21233664,0.6
33,237,36,16,20,4,8.606114910999999,10,1.0,24,12,0.6666666666666666,19,10,7,2,12,8,0.6551724137931034,70778880,9.0
33,238,2,2,0,0,0.357463039,2,0.2,0,2,0.0,0,2,0,2,0,0,0.0,14155776,0.2
33,241,1,1,0,0,0.113995343,1,0.1,0,1,0.0,0,1,0,1,0,0,0.0,7077888,0.0
33,242,4,2,2,0,0.6372877284999999,3,0.3,0,4,0.0,0,4,0,2,0,2,0.0,28311552,0.8999999999999999
33,244,1,0,1,0,0.216031685,1,0.1,0,1,0.0,0,1,0,0,0,1,0.0,7077888,0.0
33,246,10,8,2,1,2.0479993897,2,0.2,1,9,0.1,1,3,0,2,1,1,0.25,21233664,0.4
33,249,4,1,3,0,0.714097641,1,0.1,2,2,0.5,2,2,0,1,2,1,0.5,14155776,0.1
33,251,13,2,11,3,3.3203768580000004,3,0.3,8,5,0.6153846153846154,8,4,0,1,8,3,0.6666666666666666,28311552,0.8999999999999999
33,252,3,2,1,0,0.6234894099999999,3,0.3,0,3,0.0,0,3,0,2,0,1,0.0,21233664,0.6
33,253,13,10,3,0,2.7109536520000006,4,0.4,6,7,0.46153846153846156,3,4,2,2,1,2,0.42857142857142855,28311552,1.2000000000000002
33,254,2,0,2,0,0.274443612,1,0.1,1,1,0.5,1,1,0,0,1,1,0.5,7077888,0.0
33,255,14,11,3,1,3.5260590248000003,4,0.4,1,13,0.07142857142857142,1,4,0,2,1,2,0.2,28311552,1.2000000000000002
34,0,4,0,4,3,2.145921826,2,0.2,2,2,0.5,2,2,0,0,2,2,0.5,14155776,0.2
34,1,5,5,0,0,0.843427629,2,0.2,0,5,0.0,0,2,0,2,0,0,0.0,14155776,0.2
34,2,4,2,2,0,0.459155277,3,0.3,0,4,0.0,0,4,0,2,0,2,0.0,28311552,0.8999999999999999
34,3,3,3,0,0,0.481885865,2,0.2,0,3,0.0,0,2,0,2,0,0,0.0,14155776,0.2
34,4,50,12,38,9,14.271372852000006,2,0.2,36,14,0.72,36,4,0,2,36,2,0.9,28311552,0.6000000000000001
34,5,13,11,2,5,3.75089477,4,0.4,1,12,0.07692307692307693,1,5,0,4,1,1,0.16666666666666666,35389440,1.6
34,6,19,1,18,2,3.9557133400999995,5,0.5,13,6,0.6842105263157895,13,6,0,1,13,5,0.6842105263157895,42467328,2.5
34,8,20,13,7,2,5.005561129,4,0.4,9,11,0.45,7,4,1,3,6,1,0.6363636363636364,28311552,1.2000000000000002
34,9,1,1,0,0,0.213684976,1,0.1,0,1,0.0,0,1,0,1,0,0,0.0,7077888,0.0
34,10,29,26,3,1,4.662551068100001,6,0.6,8,21,0.27586206896551724,3,6,2,4,1,2,0.3333333333333333,42467328,3.0
34,11,13,2,11,2,2.8013117364999998,5,0.5,8,5,0.6153846153846154,8,5,1,1,7,4,0.6153846153846154,35389440,2.0
34,12,23,14,9,8,7.59636943,3,0.3,7,16,0.30434782608695654,7,4,0,2,7,2,0.6363636363636364,28311552,0.8999999999999999
34,13,5,3,2,1,1.6685372000000003,4,0.4,0,5,0.0,0,4,0,2,0,2,0.0,28311552,1.2000000000000002
34,14,9,6,3,1,1.6899502051,3,0.3,3,6,0.3333333333333333,3,3,1,2,2,1,0.5,21233664,0.6
34,15,11,5,6,4,3.272251338,5,0.5,4,7,0.36363636363636365,4,5,1,2,3,3,0.4444444444444444,35389440,2.0
34,17,5,3,2,0,0.8699368765,3,0.3,0,5,0.0,0,3,0,1,0,2,0.0,21233664,0.6
34,18,63,48,15,20,19.900265846999996,10,1.0,36,27,0.5714285714285714,14,11,6,4,8,7,0.56,77856768,10.0
34,19,6,6,0,0,0.916710177,4,0.4,0,6,0.0,0,4,0,4,0,0,0.0,28311552,1.2000000000000002
34,20,9,3,6,0,2.076949924,4,0.4,3,6,0.3333333333333333,3,5,0,2,3,3,0.375,35389440,1.6
34,21,2,2,0,0,0.40790945300000003,2,0.2,0,2,0.0,0,2,0,2,0,0,0.0,14155776,0.2
34,22,13,10,3,0,2.257477499,5,0.5,0,13,0.0,0,6,0,3,0,3,0.0,42467328,2.5
34,24,7,3,4,0,1.178267822,3,0.3,2,5,0.2857142857142857,2,4,0,2,2,2,0.3333333333333333,28311552,0.8999999999999999
34,25,14,14,0,2,1.2693133335,10,1.0,0,14,0.0,0,10,0,10,0,0,0.0,70778880,9.0
34,26,5,5,0,0,0.699205295,4,0.4,0,5,0.0,0,4,0,4,0,0,0.0,28311552,1.2000000000000002
34,27,7,7,0,2,1.8414672909999996,3,0.3,0,7,0.0,0,3,0,3,0,0,0.0,21233664,0.6
34,28,2,2,0,0,0.235592455,2,0.2,0,2,0.0,0,2,0,2,0,0,0.0,14155776,0.2
34,29,10,5,5,3,2.8944953399999998,3,0.3,3,7,0.3,3,5,0,3,3,2,0.375,35389440,1.2
34,30,39,28,11,2,8.148037558999999,9,0.9,16,23,0.41025641025641024,10,9,3,5,7,4,0.5263157894736842,63700992,7.2
34,32,8,1,7,0,1.1079430125,3,0.3,3,5,0.375,3,5,0,1,3,4,0.375,35389440,1.2
34,33,10,10,0,10,14.64126073,10,1.0,0,10,0.0,0,10,0,10,0,0,0.0,70778880,9.0
34,35,1,1,0,0,0.0870237052,1,0.1,0,1,0.0,0,1,0,1,0,0,0.0,7077888,0.0
34,36,2,1,1,0,0.334376246,2,0.2,0,2,0.0,0,2,0,1,0,1,0.0,14155776,0.2
34,37,21,16,5,6,6.245634913999999,9,0.9,5,16,0.23809523809523808,5,8,2,6,3,2,0.38461538461538464,56623104,6.3
34,38,1,0,1,0,0.175370097,1,0.1,0,1,0.0,0,1,0,0,0,1,0.0,7077888,0.0
34,39,6,4,2,0,0.987727077,4,0.4,1,5,0.16666666666666666,1,4,0,3,1,1,0.2,28311552,1.2000000000000002
34,41,1,1,0,0,0.135030821,1,0.1,0,1,0.0,0,1,0,1,0,0,0.0,7077888,0.0
34,43,2,2,0,0,0.303364649,2,0.2,0,2,0.0,0,2,0,2,0,0,0.0,14155776,0.2
34,44,25,25,0,0,4.3742990129,10,1.0,4,21,0.16,1,9,1,9,0,0,0.1,63700992,8.0
34,45,4,4,0,0,0.6197732084,2,0.2,0,4,0.0,0,2,0,2,0,0,0.0,14155776,0.2
34,46,15,7,8,0,3.1696454810000003,3,0.3,6,9,0.4,6,5,0,3,6,2,0.5454545454545454,35389440,1.2
34,49,2,0,2,0,0.2282771613,2,0.2,0,2,0.0,0,2,0,0,0,2,0.0,14155776,0.2
34,50,6,6,0,0,1.041876286,4,0.4,0,6,0.0,0,4,0,4,0,0,0.0,28311552,1.2000000000000002
34,51,9,7,2,1,1.8846157349000001,5,0.5,0,9,0.0,0,7,0,5,0,2,0.0,49545216,3.0
34,52,11,6,5,1,2.2590137940000004,2,0.2,4,7,0.36363636363636365,4,3,0,2,4,1,0.5714285714285714,21233664,0.4
34,53,24,13,11,4,6.288233175999999,1,0.1,11,13,0.4583333333333333,11,1,0,1,11,0,0.9166666666666666,7077888,0.0
34,54,12,12,0,0,1.7481709567000001,10,1.0,0,12,0.0,0,10,0,10,0,0,0.0,70778880,9.0
34,56,1,1,0,0,0.121809036,1,0.1,0,1,0.0,0,1,0,1,0,0,0.0,7077888,0.0
34,57,20,15,5,8,6.338669033100002,6,0.6,3,17,0.15,3,7,0,5,3,2,0.3,49545216,3.5999999999999996
34,58,4,0,4,2,1.240272447,1,0.1,3,1,0.75,3,1,0,0,3,1,0.75,7077888,0.0
34,59,14,10,4,1,2.723331823,5,0.5,2,12,0.14285714285714285,2,6,0,4,2,2,0.25,42467328,2.5
34,60,8,3,5,0,1.2223299079,5,0.5,1,7,0.125,1,7,0,3,1,4,0.125,49545216,3.0
34,61,1,0,1,0,0.114293598,1,0.1,0,1,0.0,0,1,0,0,0,1,0.0,7077888,0.0
34,62,3,2,1,0,0.61773701,1,0.1,0,3,0.0,0,2,0,1,0,1,0.0,14155776,0.1
34,63,1,1,0,0,0.142900735,1,0.1,0,1,0.0,0,1,0,1,0,0,0.0,7077888,0.0
34,64,1,1,0,0,0.144315496,1,0.1,0,1,0.0,0,1,0,1,0,0,0.0,7077888,0.0
34,65,1,0,1,0,0.178004265,1,0.1,0,1,0.0,0,1,0,0,0,1,0.0,7077888,0.0
34,67,2,1,1,0,0.23944350999999997,2,0.2,0,2,0.0,0,2,0,1,0,1,0.0,14155776,0.2
34,68,17,12,5,11,6.339726551,3,0.3,5,12,0.29411764705882354,5,3,0,3,5,0,0.625,21233664,0.6
34,69,19,7,12,0,3.0450921279999994,5,0.5,9,10,0.47368421052631576,9,7,0,4,9,3,0.5625,49545216,3.0
34,70,1,1,0,0,0.157631904,1,0.1,0,1,0.0,0,1,0,1,0,0,0.0,7077888,0.0
34,71,3,0,3,1,0.641286985,1,0.1,2,1,0.6666666666666666,2,1,0,0,2,1,0.6666666666666666,7077888,0.0
34,72,3,3,0,0,0.420348526,2,0.2,0,3,0.0,0,2,0,2,0,0,0.0,14155776,0.2
34,76,2,1,1,0,0.282995396,2,0.2,0,2,0.0,0,2,0,1,0,1,0.0,14155776,0.2
34,77,2,1,1,0,0.395813077,1,0.1,0,2,0.0,0,2,0,1,0,1,0.0,14155776,0.1
34,79,7,6,1,0,1.2513492099999999,2,0.2,1,6,0.14285714285714285,1,2,0,2,1,0,0.3333333333333333,14155776,0.2
34,80,50,40,10,4,11.667985589199999,10,1.0,26,24,0.52,11,9,6,4,5,5,0.55,63700992,8.0
34,81,37,33,4,5,9.332318953000001,8,0.8,3,34,0.08108108108108109,3,9,1,7,2,2,0.25,63700992,6.4
34,82,33,26,7,7,8.0474337136,5,0.5,8,25,0.24242424242424243,5,7,1,4,4,3,0.4166666666666667,49545216,3.0
34,83,14,9,5,6,5.814956165299999,6,0.6,3,11,0.21428571428571427,1,10,1,5,0,5,0.09090909090909091,70778880,5.3999999999999995
34,84,6,3,3,0,0.9630450159999999,4,0.4,1,5,0.16666666666666666,1,5,0,3,1,2,0.16666666666666666,35389440,1.6
34,85,1,1,0,0,0.16423808,1,0.1,0,1,0.0,0,1,0,1,0,0,0.0,7077888,0.0
34,88,5,4,1,0,0.9839750969999999,4,0.4,0,5,0.0,0,5,0,4,0,1,0.0,35389440,1.6
34,89,1,0,1,0,0.0861197188,1,0.1,0,1,0.0,0,1,0,0,0,1,0.0,7077888,0.0
34,90,7,2,5,0,1.074672923,4,0.4,1,6,0.14285714285714285,1,6,0,2,1,4,0.14285714285714285,42467328,2.0
34,91,7,4,3,0,1.474914938,1,0.1,3,4,0.42857142857142855,3,1,0,1,3,0,0.75,7077888,0.0
34,92,15,11,4,4,5.452574917700001,5,0.5,7,8,0.4666666666666667,6,3,2,3,4,0,0.6666666666666666,21233664,1.0
34,93,10,4,6,0,1.8954806169999998,6,0.6,2,8,0.2,2,7,0,3,2,4,0.2222222222222222,49545216,3.5999999999999996
34,94,1,1,0,0,0.304563582,1,0.1,0,1,0.0,0,1,0,1,0,0,0.0,7077888,0.0
34,95,13,8,5,0,2.2478022939,6,0.6,7,6,0.5384615384615384,5,5,1,4,4,1,0.5,35389440,2.4
34,96,9,0,9,0,1.1828013732,2,0.2,7,2,0.7777777777777778,7,2,0,0,7,2,0.7777777777777778,14155776,0.2
34,97,1,0,1,0,0.178830266,1,0.1,0,1,0.0,0,1,0,0,0,1,0.0,7077888,0.0
34,98,12,11,1,7,4.918758512,2,0.2,0,12,0.0,0,3,0,2,0,1,0.0,21233664,0.4
34,101,17,11,6,7,5.940034492999999,2,0.2,4,13,0.23529411764705882,4,4,0,2,4,2,0.5,28311552,0.6000000000000001
34,102,14,10,4,4,4.3572547645999995,4,0.4,7,7,0.5,4,4,1,3,3,1,0.5,28311552,1.2000000000000002
34,103,1,1,0,0,0.132637054,1,0.1,0,1,0.0,0,1,0,1,0,0,0.0,7077888,0.0
34,104,15,10,5,0,2.638553216,5,0.5,9,6,0.6,4,5,1,3,3,2,0.4444444444444444,35389440,2.0
34,105,31,21,10,3,6.828175008499999,4,0.4,9,22,0.2903225806451613,9,5,0,4,9,1,0.6428571428571429,35389440,1.6
34,106,2,1,1,0,0.263900794,1,0.1,0,2,0.0,0,2,0,1,0,1,0.0,14155776,0.1
34,107,2,2,0,0,0.330381028,2,0.2,0,2,0.0,0,2,0,2,0,0,0.0,14155776,0.2
34,108,14,8,6,0,2.0125010986000005,6,0.6,3,11,0.21428571428571427,3,8,0,5,3,3,0.2727272727272727,56623104,4.2
34,109,32,15,17,0,6.466226032999999,5,0.5,21,11,0.65625,16,4,1,2,15,2,0.8,28311552,1.5
34,110,1,0,1,0,0.0728201196,1,0.1,0,1,0.0,0,1,0,0,0,1,0.0,7077888,0.0
34,114,5,1,4,0,1.28447339,3,0.3,0,5,0.0,0,5,0,1,0,4,0.0,35389440,1.2
34,115,8,3,5,0,1.559038781,6,0.6,2,6,0.25,2,6,1,2,1,4,0.25,42467328,3.0
34,116,1,1,0,0,0.150353402,1,0.1,0,1,0.0,0,1,0,1,0,0,0.0,7077888,0.0
34,117,2,1,1,0,0.29954495999999997,2,0.2,0,2,0.0,0,2,0,1,0,1,0.0,14155776,0.2
34,119,3,1,2,0,0.5236419214,2,0.2,1,2,0.3333333333333333,1,2,0,1,1,1,0.3333333333333333,14155776,0.2
34,120,13,13,0,1,2.1508871774000005,5,0.5,0,13,0.0,0,5,0,5,0,0,0.0,35389440,2.0
34,121,29,21,8,0,2.8756338933,10,1.0,7,22,0.2413793103448276,7,11,2,8,5,3,0.3888888888888889,77856768,10.0
34,122,2,0,2,0,0.24591423599999998,1,0.1,1,1,0.5,1,1,0,0,1,1,0.5,7077888,0.0
34,123,1,0,1,0,0.152217314,1,0.1,0,1,0.0,0,1,0,0,0,1,0.0,7077888,0.0
34,126,13,13,0,11,4.531368688,10,1.0,0,13,0.0,0,10,0,10,0,0,0.0,70778880,9.0
34,127,4,2,2,0,0.7118037946,2,0.2,0,4,0.0,0,4,0,2,0,2,0.0,28311552,0.6000000000000001
34,128,8,8,0,0,1.2206307941,2,0.2,0,8,0.0,0,2,0,2,0,0,0.0,14155776,0.2
34,129,2,0,2,0,0.392350241,2,0.2,0,2,0.0,0,2,0,0,0,2,0.0,14155776,0.2
34,130,15,4,11,2,3.8191770532000002,4,0.4,8,7,0.5333333333333333,8,6,0,3,8,3,0.5714285714285714,42467328,2.0
34,133,1,1,0,1,0.432836235,1,0.1,0,1,0.0,0,1,0,1,0,0,0.0,7077888,0.0
34,134,25,18,7,4,6.668974445000003,8,0.8,5,20,0.2,5,9,0,7,5,2,0.35714285714285715,63700992,6.4
34,135,6,1,5,0,1.123736077,3,0.3,3,3,0.5,3,3,0,1,3,2,0.5,21233664,0.6
34,136,14,4,10,0,2.3256891817,4,0.4,7,7,0.5,6,7,1,2,5,5,0.46153846153846156,49545216,2.4000000000000004
34,137,58,45,13,3,13.2213497088,10,1.0,31,27,0.5344827586206896,14,9,6,4,8,5,0.6086956521739131,63700992,8.0
34,140,1,0,1,0,0.233335882,1,0.1,0,1,0.0,0,1,0,0,0,1,0.0,7077888,0.0
34,142,3,1,2,0,0.6991115059999999,1,0.1,1,2,0.3333333333333333,1,2,0,1,1,1,0.3333333333333333,14155776,0.1
34,147,10,10,0,0,0.07132378686,10,1.0,0,10,0.0,0,10,0,10,0,0,0.0,70778880,9.0
34,149,1,1,0,0,0.147476986,1,0.1,0,1,0.0,0,1,0,1,0,0,0.0,7077888,0.0
34,150,4,3,1,0,0.590870291,2,0.2,0,4,0.0,0,3,0,2,0,1,0.0,21233664,0.4
34,151,7,3,4,0,1.0899928723,4,0.4,3,4,0.42857142857142855,2,4,2,0,0,4,0.3333333333333333,28311552,1.2000000000000002
34,155,6,5,1,0,1.2016716159999998,3,0.3,0,6,0.0,0,3,0,2,0,1,0.0,21233664,0.6
34,156,18,5,13,0,3.7629440269999996,3,0.3,12,6,0.6666666666666666,12,3,0,2,12,1,0.8,21233664,0.6
34,158,14,6,8,6,5.884492427,2,0.2,7,7,0.5,7,3,0,2,7,1,0.7,21233664,0.4
34,159,3,2,1,0,0.5399944929999999,2,0.2,0,3,0.0,0,2,0,1,0,1,0.0,14155776,0.2
34,161,3,1,2,0,0.598016262,3,0.3,0,3,0.0,0,3,0,1,0,2,0.0,21233664,0.6
34,163,1,0,1,0,0.245989889,1,0.1,0,1,0.0,0,1,0,0,0,1,0.0,7077888,0.0
34,164,5,4,1,0,1.075215712,3,0.3,0,5,0.0,0,3,0,2,0,1,0.0,21233664,0.6
34,167,157,91,66,60,50.80409034199999,10,1.0,134,23,0.8535031847133758,72,4,7,3,65,1,0.9473684210526315,28311552,3.0
34,168,2,1,1,0,0.24566113899999997,2,0.2,1,1,0.5,1,1,1,0,0,1,0.5,7077888,0.0
34,169,1,1,0,0,0.14212662,1,0.1,0,1,0.0,0,1,0,1,0,0,0.0,7077888,0.0
34,171,17,11,6,0,3.3642148063,7,0.7,3,14,0.17647058823529413,2,9,1,4,1,5,0.18181818181818182,63700992,5.6
34,172,28,15,13,12,10.0924786921,2,0.2,12,16,0.42857142857142855,12,3,0,2,12,1,0.8,21233664,0.4
34,173,5,2,3,0,1.017243036,2,0.2,2,3,0.4,2,3,0,2,2,1,0.4,21233664,0.4
34,174,5,5,0,0,0.7294921803000001,3,0.3,0,5,0.0,0,3,0,3,0,0,0.0,21233664,0.6
34,176,42,34,8,7,10.088013886399999,8,0.8,15,27,0.35714285714285715,10,6,2,6,8,0,0.625,42467328,4.0
34,178,8,3,5,1,1.857679576,4,0.4,3,5,0.375,3,5,0,3,3,2,0.375,35389440,1.6
34,179,4,4,0,2,1.7106589236999998,4,0.4,0,4,0.0,0,4,0,4,0,0,0.0,28311552,1.2000000000000002
34,180,5,1,4,0,0.867561416,3,0.3,2,3,0.4,2,3,0,1,2,2,0.4,21233664,0.6
34,181,1,1,0,0,0.0912332833,1,0.1,0,1,0.0,0,1,0,1,0,0,0.0,7077888,0.0
34,182,9,4,5,3,2.7062612029999995,4,0.4,3,6,0.3333333333333333,3,5,1,2,2,3,0.375,35389440,1.6
34,183,8,7,1,2,2.9821205870000003,3,0.3,0,8,0.0,0,3,0,2,0,1,0.0,21233664,0.6
34,184,10,1,9,2,2.8380617790000002,4,0.4,5,5,0.5,5,5,0,1,5,4,0.5,35389440,1.6
34,186,4,0,4,0,0.977727875,1,0.1,3,1,0.75,3,1,0,0,3,1,0.75,7077888,0.0
34,191,15,7,8,1,3.3390539804999997,10,1.0,4,11,0.26666666666666666,4,10,2,4,2,6,0.2857142857142857,70778880,9.0
34,193,13,2,11,2,3.2155849779,7,0.7,5,8,0.38461538461538464,5,8,0,2,5,6,0.38461538461538464,56623104,4.8999999999999995
34,195,24,22,2,4,3.7309951547599995,10,1.0,1,23,0.041666666666666664,1,11,0,10,1,1,0.08333333333333333,77856768,10.0
34,196,16,12,4,4,4.464997038,7,0.7,1,15,0.0625,1,10,0,7,1,3,0.09090909090909091,70778880,6.3
34,198,3,2,1,0,0.459252291,2,0.2,0,3,0.0,0,2,0,1,0,1,0.0,14155776,0.2
34,201,35,24,11,6,8.957895271199998,10,1.0,23,12,0.6571428571428571,13,8,7,3,6,5,0.6190476190476191,56623104,7.0
34,202,3,1,2,1,1.103510618,1,0.1,1,2,0.3333333333333333,1,2,0,1,1,1,0.3333333333333333,14155776,0.1
34,203,15,7,8,1,3.9412453329999995,1,0.1,7,8,0.4666666666666667,7,2,0,1,7,1,0.7777777777777778,14155776,0.1
34,204,9,4,5,2,2.114090488,4,0.4,2,7,0.2222222222222222,2,6,0,3,2,3,0.25,42467328,2.0
34,206,6,0,6,1,0.982672899,4,0.4,2,4,0.3333333333333333,2,4,0,0,2,4,0.3333333333333333,28311552,1.2000000000000002
34,207,52,41,11,25,21.154028461,10,1.0,23,29,0.4423076923076923,12,9,5,5,7,4,0.5714285714285714,63700992,8.0
34,208,9,6,3,0,2.1072484849999995,4,0.4,1,8,0.1111111111111111,1,5,0,3,1,2,0.16666666666666666,35389440,1.6
34,209,5,2,3,0,0.8115852333000001,2,0.2,1,4,0.2,1,3,0,1,1,2,0.25,21233664,0.4
34,211,2,0,2,0,0.2043108497,1,0.1,1,1,0.5,1,1,0,0,1,1,0.5,7077888,0.0
34,212,2,1,1,0,0.331188843,1,0.1,0,2,0.0,0,2,0,1,0,1,0.0,14155776,0.1
34,214,24,13,11,2,5.550964625,3,0.3,9,15,0.375,9,5,0,3,9,2,0.6428571428571429,35389440,1.2
34,215,8,7,1,0,1.0736234262,3,0.3,0,8,0.0,0,3,0,2,0,1,0.0,21233664,0.6
34,216,1,1,0,0,0.198103338,1,0.1,0,1,0.0,0,1,0,1,0,0,0.0,7077888,0.0
34,217,68,37,31,16,20.175814499999994,6,0.6,57,11,0.8382352941176471,31,6,3,3,28,3,0.8378378378378378,42467328,3.0
34,219,7,3,4,0,1.2977451530000002,5,0.5,2,5,0.2857142857142857,1,5,1,1,0,4,0.16666666666666666,35389440,2.0
34,220,4,4,0,0,0.724164293,1,0.1,0,4,0.0,0,1,0,1,0,0,0.0,7077888,0.0
34,221,43,11,32,9,11.970357421000001,5,0.5,33,10,0.7674418604651163,31,5,2,2,29,3,0.8611111111111112,35389440,2.0
34,222,3,0,3,0,0.660254151,1,0.1,2,1,0.6666666666666666,2,1,0,0,2,1,0.6666666666666666,7077888,0.0
34,223,10,6,4,1,2.346800104,6,0.6,3,7,0.3,2,6,1,3,1,3,0.25,42467328,3.0
34,224,15,4,11,3,4.2047607739999995,1,0.1,9,6,0.6,9,3,0,1,9,2,0.75,21233664,0.2
34,225,24,17,7,6,6.764449355999998,7,0.7,10,14,0.4166666666666667,6,8,2,5,4,3,0.42857142857142855,56623104,4.8999999999999995
34,226,6,5,1,0,0.906907693,3,0.3,2,4,0.3333333333333333,1,3,1,2,0,1,0.25,21233664,0.6
34,227,341,189,152,29,80.58396433239999,10,1.0,329,12,0.9648093841642229,161,1,9,1,152,0,0.9938271604938271,7077888,0.0
34,228,28,6,22,8,7.836004839000001,3,0.3,20,8,0.7142857142857143,20,4,0,2,20,2,0.8333333333333334,28311552,0.8999999999999999
34,231,58,28,30,20,18.204238007800008,8,0.8,35,23,0.603448275862069,30,7,3,4,27,3,0.8108108108108109,49545216,4.800000000000001
34,233,2,0,2,0,0.441526115,2,0.2,0,2,0.0,0,2,0,0,0,2,0.0,14155776,0.2
34,234,1,1,0,0,0.0931627452,1,0.1,0,1,0.0,0,1,0,1,0,0,0.0,7077888,0.0
34,235,4,2,2,1,1.022300005,3,0.3,0,4,0.0,0,4,0,2,0,2,0.0,28311552,0.8999999999999999
34,236,2,0,2,0,0.49004712699999997,1,0.1,1,1,0.5,1,1,0,0,1,1,0.5,7077888,0.0
34,237,28,11,17,2,5.016324542000001,8,0.8,20,8,0.7142857142857143,16,6,3,2,13,4,0.7272727272727273,42467328,4.0
34,238,3,2,1,1,0.819665432,3,0.3,0,3,0.0,0,3,0,2,0,1,0.0,21233664,0.6
34,239,29,15,14,10,8.460885377400002,5,0.5,15,14,0.5172413793103449,15,4,1,4,14,0,0.7894736842105263,28311552,1.5
34,240,4,1,3,0,0.588930473,2,0.2,1,3,0.25,1,3,0,1,1,2,0.25,21233664,0.4
34,241,20,5,15,1,4.492469295,3,0.3,15,5,0.75,14,4,1,2,13,2,0.7777777777777778,28311552,0.8999999999999999
34,242,15,4,11,0,2.929698944,4,0.4,11,4,0.7333333333333333,8,4,1,0,7,4,0.6666666666666666,28311552,1.2000000000000002
34,243,45,37,8,7,9.704914809499996,10,1.0,11,34,0.24444444444444444,10,8,2,8,8,0,0.5555555555555556,56623104,7.0
34,245,3,3,0,1,1.167918161,2,0.2,0,3,0.0,0,2,0,2,0,0,0.0,14155776,0.2
34,246,36,13,23,5,7.913397106599998,6,0.6,23,13,0.6388888888888888,23,5,1,4,22,1,0.8214285714285714,35389440,2.4
34,247,11,10,1,0,0.23415589484000002,10,1.0,0,11,0.0,0,11,0,10,0,1,0.0,77856768,10.0
34,249,7,5,2,1,1.452864058,3,0.3,1,6,0.14285714285714285,1,4,0,3,1,1,0.2,28311552,0.8999999999999999
34,250,5,0,5,0,0.7009159548999999,3,0.3,1,4,0.2,1,4,0,0,1,4,0.2,28311552,0.8999999999999999
34,252,21,17,4,3,5.850593342999999,2,0.2,2,19,0.09523809523809523,2,4,0,2,2,2,0.3333333333333333,28311552,0.6000000000000001
34,253,2,2,0,0,0.274172015,1,0.1,0,2,0.0,0,1,0,1,0,0,0.0,7077888,0.0
34,254,1,1,0,0,0.182590827,1,0.1,0,1,0.0,0,1,0,1,0,0,0.0,7077888,0.0
34,255,2,1,1,0,0.30681656300000004,1,0.1,0,2,0.0,0,2,0,1,0,1,0.0,14155776,0.1
35,0,17,11,6,1,3.636726219,6,0.6,7,10,0.4117647058823529,3,8,1,4,2,4,0.2727272727272727,56623104,4.2
35,2,13,10,3,0,2.4828153861,6,0.6,2,11,0.15384615384615385,2,6,1,4,1,2,0.25,42467328,3.0
35,4,1,1,0,0,0.371023148,1,0.1,0,1,0.0,0,1,0,1,0,0,0.0,7077888,0.0
35,5,7,7,0,0,1.1240804118,2,0.2,0,7,0.0,0,2,0,2,0,0,0.0,14155776,0.2
35,7,1,0,1,0,0.305676341,1,0.1,0,1,0.0,0,1,0,0,0,1,0.0,7077888,0.0
35,8,18,14,4,1,2.5480099300899997,10,1.0,0,18,0.0,0,14,0,10,0,4,0.0,99090432,13.0
35,11,1,0,1,0,0.163565457,1,0.1,0,1,0.0,0,1,0,0,0,1,0.0,7077888,0.0
35,13,6,3,3,0,1.168381363,1,0.1,2,4,0.3333333333333333,2,2,0,1,2,1,0.5,14155776,0.1
35,14,11,4,7,0,1.2719444778000002,6,0.6,3,8,0.2727272727272727,3,7,0,3,3,4,0.3,49545216,3.5999999999999996
35,15,14,9,5,2,3.376154928,3,0.3,6,8,0.42857142857142855,4,4,1,2,3,2,0.5,28311552,0.8999999999999999
35,16,4,3,1,0,0.914917153,3,0.3,0,4,0.0,0,4,0,3,0,1,0.0,28311552,0.8999999999999999
35,17,4,2,2,0,0.35490860760000004,2,0.2,1,3,0.25,1,3,0,2,1,1,0.25,21233664,0.4
35,18,3,0,3,0,0.407806068,2,0.2,1,2,0.3333333333333333,1,2,0,0,1,2,0.3333333333333333,14155776,0.2
35,19,1,1,0,0,0.0743498355,1,0.1,0,1,0.0,0,1,0,1,0,0,0.0,7077888,0.0
35,20,1,1,0,0,0.0602008626,1,0.1,0,1,0.0,0,1,0,1,0,0,0.0,7077888,0.0
35,21,11,6,5,0,1.722604998,6,0.6,1,10,0.09090909090909091,1,9,0,5,1,4,0.1,63700992,4.8
35,23,11,10,1,0,0.19288183821,10,1.0,0,11,0.0,0,11,0,10,0,1,0.0,77856768,10.0
35,25,23,12,11,1,5.233052885699998,7,0.7,6,17,0.2608695652173913,6,10,0,5,6,5,0.375,70778880,6.3
35,26,3,3,0,0,0.4811192298,1,0.1,0,3,0.0,0,1,0,1,0,0,0.0,7077888,0.0
35,27,4,2,2,0,0.4170385819,2,0.2,0,4,0.0,0,3,0,1,0,2,0.0,21233664,0.4
35,28,5,4,1,0,0.8218720035,4,0.4,0,5,0.0,0,4,0,3,0,1,0.0,28311552,1.2000000000000002
35,29,25,11,14,1,3.9527218323,7,0.7,9,16,0.36,9,10,0,5,9,5,0.47368421052631576,70778880,6.3
35,30,6,3,3,0,0.7795277154000001,4,0.4,0,6,0.0,0,6,0,3,0,3,0.0,42467328,2.0
35,31,7,5,2,0,0.9653421705999999,5,0.5,0,7,0.0,0,6,0,4,0,2,0.0,42467328,2.5
35,32,2,1,1,0,0.379466831,2,0.2,0,2,0.0,0,2,0,1,0,1,0.0,14155776,0.2
35,33,4,4,0,0,0.644049532,4,0.4,0,4,0.0,0,4,0,4,0,0,0.0,28311552,1.2000000000000002
35,34,208,122,86,1,51.80903266629998,10,1.0,150,58,0.7211538461538461,91,5,6,4,85,1,0.9479166666666666,35389440,4.0
35,35,9,3,6,0,1.3102940684,3,0.3,3,6,0.3333333333333333,3,5,0,2,3,3,0.375,35389440,1.2
35,37,5,5,0,1,1.437218814,2,0.2,0,5,0.0,0,2,0,2,0,0,0.0,14155776,0.2
35,40,2,2,0,0,0.328709103,2,0.2,0,2,0.0,0,2,0,2,0,0,0.0,14155776,0.2
35,42,12,1,11,0,1.7047696422,1,0.1,9,3,0.75,9,3,0,1,9,2,0.75,21233664,0.2
35,43,11,11,0,0,0.13929026767000002,10,1.0,0,11,0.0,0,10,0,10,0,0,0.0,70778880,9.0
35,47,12,7,5,0,2.2741508781,6,0.6,3,9,0.25,3,7,0,5,3,2,0.3,49545216,3.5999999999999996
35,48,6,3,3,0,0.9524127100000002,4,0.4,1,5,0.16666666666666666,1,5,1,2,0,3,0.16666666666666666,35389440,1.6
35,50,1,0,1,0,0.337250292,1,0.1,0,1,0.0,0,1,0,0,0,1,0.0,7077888,0.0
35,51,14,10,4,0,2.4979898467999995,3,0.3,1,13,0.07142857142857142,1,5,0,2,1,3,0.16666666666666666,35389440,1.2
35,53,3,1,2,0,0.45727364,2,0.2,0,3,0.0,0,3,0,1,0,2,0.0,21233664,0.4
35,54,4,4,0,0,0.6359292194999999,2,0.2,0,4,0.0,0,2,0,2,0,0,0.0,14155776,0.2
35,55,2,1,1,0,0.337202638,2,0.2,0,2,0.0,0,2,0,1,0,1,0.0,14155776,0.2
35,56,22,16,6,1,3.9441043502000004,4,0.4,11,11,0.5,5,3,1,1,4,2,0.625,21233664,0.8
35,57,3,3,0,0,0.4916308817,3,0.3,0,3,0.0,0,3,0,3,0,0,0.0,21233664,0.6
35,59,5,4,1,0,0.611118071,4,0.4,0,5,0.0,0,5,0,4,0,1,0.0,35389440,1.6
35,60,9,5,4,0,1.7396566436999996,3,0.3,2,7,0.2222222222222222,2,5,0,3,2,2,0.2857142857142857,35389440,1.2
35,61,2,1,1,0,0.363710358,2,0.2,0,2,0.0,0,2,0,1,0,1,0.0,14155776,0.2
35,62,2,1,1,0,0.1604034752,2,0.2,0,2,0.0,0,2,0,1,0,1,0.0,14155776,0.2
35,63,12,10,2,0,1.6791766498000005,5,0.5,0,12,0.0,0,6,0,4,0,2,0.0,42467328,2.5
35,64,19,13,6,2,3.9200645074,8,0.8,2,17,0.10526315789473684,2,10,0,6,2,4,0.16666666666666666,70778880,7.2
35,66,39,28,11,0,6.9589580489,9,0.9,8,31,0.20512820512820512,6,13,1,7,5,6,0.3157894736842105,92012544,10.8
35,67,1,0,1,0,0.121180922,1,0.1,0,1,0.0,0,1,0,0,0,1,0.0,7077888,0.0
35,68,6,5,1,0,0.6753988266,4,0.4,1,5,0.16666666666666666,1,4,1,3,0,1,0.2,28311552,1.2000000000000002
35,70,36,23,13,1,7.916029242400001,9,0.9,15,21,0.4166666666666667,12,10,2,7,10,3,0.5454545454545454,70778880,8.1
35,71,7,6,1,1,1.4279753409999998,7,0.7,1,6,0.14285714285714285,1,6,1,5,0,1,0.14285714285714285,42467328,3.5
35,74,15,7,8,0,2.0484150429000003,7,0.7,6,9,0.4,5,8,2,3,3,5,0.38461538461538464,56623104,4.8999999999999995
35,78,7,2,5,0,1.51382874,3,0.3,4,3,0.5714285714285714,4,3,0,2,4,1,0.5714285714285714,21233664,0.6
35,80,19,11,8,1,3.769456179000001,8,0.8,8,11,0.42105263157894735,5,9,4,2,1,7,0.35714285714285715,63700992,6.4
35,81,12,12,0,10,14.825855432000001,10,1.0,0,12,0.0,0,10,0,10,0,0,0.0,70778880,9.0
35,82,8,1,7,3,2.577473014,1,0.1,6,2,0.75,6,2,0,1,6,1,0.75,14155776,0.1
35,84,98,39,59,20,26.8158197958,10,1.0,81,17,0.826530612244898,60,9,8,2,52,7,0.8695652173913043,63700992,8.0
35,85,9,8,1,1,2.194412708,5,0.5,0,9,0.0,0,6,0,5,0,1,0.0,42467328,2.5
35,88,1,0,1,0,0.146279365,1,0.1,0,1,0.0,0,1,0,0,0,1,0.0,7077888,0.0
35,89,11,8,3,1,2.1372806654000005,4,0.4,0,11,0.0,0,7,0,4,0,3,0.0,49545216,2.4000000000000004
35,90,8,3,5,0,1.412803471,5,0.5,1,7,0.125,1,7,0,3,1,4,0.125,49545216,3.0
35,91,4,0,4,0,0.4886356291,3,0.3,0,4,0.0,0,4,0,0,0,4,0.0,28311552,0.8999999999999999
35,92,21,9,12,3,5.307675249800001,5,0.5,10,11,0.47619047619047616,10,6,0,4,10,2,0.625,42467328,2.5
35,93,6,2,4,0,0.7110489903999999,5,0.5,0,6,0.0,0,6,0,2,0,4,0.0,42467328,2.5
35,94,3,1,2,0,0.5156665899999999,1,0.1,1,2,0.3333333333333333,1,2,0,1,1,1,0.3333333333333333,14155776,0.1
35,96,1,0,1,0,0.270723671,1,0.1,0,1,0.0,0,1,0,0,0,1,0.0,7077888,0.0
35,99,410,234,176,293,180.06139577429994,10,1.0,392,18,0.9560975609756097,185,1,9,1,176,0,0.9946236559139785,7077888,0.0
35,100,14,9,5,0,2.8134966345,5,0.5,0,14,0.0,0,9,0,4,0,5,0.0,63700992,4.0
35,101,11,11,0,2,2.675077663,5,0.5,0,11,0.0,0,5,0,5,0,0,0.0,35389440,2.0
35,102,1,1,0,0,0.10263247,1,0.1,0,1,0.0,0,1,0,1,0,0,0.0,7077888,0.0
35,104,5,3,2,0,0.755574808,1,0.1,2,3,0.4,2,1,0,1,2,0,0.6666666666666666,7077888,0.0
35,105,12,11,1,0,1.5632748223,6,0.6,0,12,0.0,0,6,0,5,0,1,0.0,42467328,3.0
35,106,2,0,2,0,0.287654206,1,0.1,0,2,0.0,0,2,0,0,0,2,0.0,14155776,0.1
35,107,84,42,42,0,15.0998591786,10,1.0,57,27,0.6785714285714286,43,9,5,5,38,4,0.8269230769230769,63700992,8.0
35,108,1,1,0,0,0.181240678,1,0.1,0,1,0.0,0,1,0,1,0,0,0.0,7077888,0.0
35,109,1,0,1,0,0.117499061,1,0.1,0,1,0.0,0,1,0,0,0,1,0.0,7077888,0.0
35,110,5,1,4,0,1.053198949,2,0.2,1,4,0.2,1,4,0,1,1,3,0.2,28311552,0.6000000000000001
35,111,18,13,5,0,4.302060089900001,10,1.0,5,13,0.2777777777777778,3,12,3,7,0,5,0.2,84934656,11.0
35,112,3,2,1,0,0.2986557928,3,0.3,0,3,0.0,0,3,0,2,0,1,0.0,21233664,0.6
35,113,8,5,3,1,2.70166871,7,0.7,0,8,0.0,0,8,0,5,0,3,0.0,56623104,4.8999999999999995
35,115,42,23,19,4,8.556023240999998,10,1.0,29,13,0.6904761904761905,20,9,7,3,13,6,0.6896551724137931,63700992,8.0
35,117,12,7,5,4,3.719351814,5,0.5,2,10,0.16666666666666666,2,8,0,5,2,3,0.2,56623104,3.5
35,118,2,0,2,0,0.242937073,1,0.1,1,1,0.5,1,1,0,0,1,1,0.5,7077888,0.0
35,119,6,3,3,0,0.8966597837,4,0.4,1,5,0.16666666666666666,1,5,0,3,1,2,0.16666666666666666,35389440,1.6
35,120,7,6,1,1,1.8025426111000002,3,0.3,2,5,0.2857142857142857,1,3,1,2,0,1,0.25,21233664,0.6
35,122,4,2,2,0,0.509749636,4,0.4,0,4,0.0,0,4,0,2,0,2,0.0,28311552,1.2000000000000002
35,125,1,1,0,1,0.565784872,1,0.1,0,1,0.0,0,1,0,1,0,0,0.0,7077888,0.0
35,126,14,10,4,4,3.8533929823,4,0.4,5,9,0.35714285714285715,4,4,2,2,2,2,0.5,28311552,1.2000000000000002
35,127,4,3,1,0,0.664741859,2,0.2,0,4,0.0,0,3,0,2,0,1,0.0,21233664,0.4
35,129,11,7,4,0,1.5154937653,6,0.6,2,9,0.18181818181818182,2,7,1,4,1,3,0.2222222222222222,49545216,3.5999999999999996
35,130,3,2,1,0,0.7973772880000001,1,0.1,0,3,0.0,0,2,0,1,0,1,0.0,14155776,0.1
35,131,75,40,35,0,11.189105119900004,10,1.0,46,29,0.6133333333333333,35,10,5,5,30,5,0.7777777777777778,70778880,9.0
35,132,4,3,1,0,0.4093162488,4,0.4,0,4,0.0,0,4,0,3,0,1,0.0,28311552,1.2000000000000002
35,133,43,22,21,1,9.920742414900001,9,0.9,18,25,0.4186046511627907,17,13,1,8,16,5,0.5666666666666667,92012544,10.8
35,134,1,1,0,0,0.167115062,1,0.1,0,1,0.0,0,1,0,1,0,0,0.0,7077888,0.0
35,135,40,31,9,5,8.705717183700001,6,0.6,15,25,0.375,9,6,2,4,7,2,0.6,42467328,3.0
35,136,1,1,0,0,0.140068218,1,0.1,0,1,0.0,0,1,0,1,0,0,0.0,7077888,0.0
35,138,25,14,11,6,7.416330426499999,8,0.8,6,19,0.24,6,12,0,7,6,5,0.3333333333333333,84934656,8.8
35,139,15,8,7,0,3.0192161803999995,5,0.5,4,11,0.26666666666666666,4,6,0,3,4,3,0.4,42467328,2.5
35,142,1,1,0,0,0.121264324,1,0.1,0,1,0.0,0,1,0,1,0,0,0.0,7077888,0.0
35,144,1,0,1,0,0.123307317,1,0.1,0,1,0.0,0,1,0,0,0,1,0.0,7077888,0.0
35,145,2,1,1,0,0.3619089574,1,0.1,0,2,0.0,0,2,0,1,0,1,0.0,14155776,0.1
35,146,9,2,7,0,1.6281262623999997,5,0.5,2,7,0.2222222222222222,2,6,0,1,2,5,0.25,42467328,2.5
35,148,9,6,3,1,1.7063103831000002,6,0.6,1,8,0.1111111111111111,1,7,1,4,0,3,0.125,49545216,3.5999999999999996
35,149,5,3,2,0,0.5668953875,3,0.3,0,5,0.0,0,4,0,2,0,2,0.0,28311552,0.8999999999999999
35,150,6,3,3,0,0.9150432877,3,0.3,1,5,0.16666666666666666,1,4,0,2,1,2,0.2,28311552,0.8999999999999999
35,152,4,3,1,0,0.5496357089999999,4,0.4,0,4,0.0,0,4,0,3,0,1,0.0,28311552,1.2000000000000002
35,155,1,1,0,0,0.0473943762,1,0.1,0,1,0.0,0,1,0,1,0,0,0.0,7077888,0.0
35,156,1,0,1,0,0.269240141,1,0.1,0,1,0.0,0,1,0,0,0,1,0.0,7077888,0.0
35,157,80,43,37,1,19.3748581407,9,0.9,49,31,0.6125,35,11,3,6,32,5,0.7608695652173914,77856768,9.0
35,158,9,5,4,0,2.149488418,4,0.4,0,9,0.0,0,7,0,3,0,4,0.0,49545216,2.4000000000000004
35,159,12,12,0,1,1.3859696273000002,7,0.7,0,12,0.0,0,7,0,7,0,0,0.0,49545216,4.199999999999999
35,160,6,3,3,1,1.2851665839,4,0.4,0,6,0.0,0,6,0,3,0,3,0.0,42467328,2.0
35,161,14,8,6,0,2.0629106380000004,8,0.8,4,10,0.2857142857142857,3,8,3,2,0,6,0.2727272727272727,56623104,5.6000000000000005
35,162,1,0,1,0,0.124163061,1,0.1,0,1,0.0,0,1,0,0,0,1,0.0,7077888,0.0
35,164,22,16,6,0,4.837024242,10,1.0,7,15,0.3181818181818182,6,10,3,7,3,3,0.375,70778880,9.0
35,166,5,4,1,0,0.651864619,3,0.3,0,5,0.0,0,4,0,3,0,1,0.0,28311552,0.8999999999999999
35,167,3,2,1,0,0.2539292131,2,0.2,1,2,0.3333333333333333,1,2,1,1,0,1,0.3333333333333333,14155776,0.2
35,168,14,7,7,0,3.091197468,5,0.5,3,11,0.21428571428571427,3,8,0,4,3,4,0.2727272727272727,56623104,3.5
35,170,26,15,11,2,5.6207662468,10,1.0,6,20,0.23076923076923078,6,14,0,9,6,5,0.3,99090432,13.0
35,172,1,0,1,0,0.0710435212,1,0.1,0,1,0.0,0,1,0,0,0,1,0.0,7077888,0.0
35,173,1,1,0,0,0.107854813,1,0.1,0,1,0.0,0,1,0,1,0,0,0.0,7077888,0.0
35,174,60,51,9,1,11.343124509099997,9,0.9,49,11,0.8166666666666667,9,8,4,4,5,4,0.5294117647058824,56623104,6.3
35,175,4,0,4,0,0.7182307324999999,2,0.2,2,2,0.5,2,2,0,0,2,2,0.5,14155776,0.2
35,176,1,1,0,0,0.143759042,1,0.1,0,1,0.0,0,1,0,1,0,0,0.0,7077888,0.0
35,177,8,6,2,1,1.4612358654,6,0.6,1,7,0.125,1,7,1,5,0,2,0.125,49545216,3.5999999999999996
35,178,1,0,1,0,0.0948555171,1,0.1,0,1,0.0,0,1,0,0,0,1,0.0,7077888,0.0
35,179,2,1,1,0,0.47474642100000003,1,0.1,0,2,0.0,0,2,0,1,0,1,0.0,14155776,0.1
35,180,1,0,1,0,0.132300377,1,0.1,0,1,0.0,0,1,0,0,0,1,0.0,7077888,0.0
35,182,6,4,2,0,1.3696194219,5,0.5,1,5,0.16666666666666666,1,5,0,4,1,1,0.16666666666666666,35389440,2.0
35,185,3,2,1,0,0.7423145769999999,2,0.2,0,3,0.0,0,2,0,1,0,1,0.0,14155776,0.2
35,186,6,3,3,1,1.6726796030000002,1,0.1,2,4,0.3333333333333333,2,2,0,1,2,1,0.5,14155776,0.1
35,187,1,0,1,0,0.162105381,1,0.1,0,1,0.0,0,1,0,0,0,1,0.0,7077888,0.0
35,190,19,19,0,0,2.8116748567,8,0.8,0,19,0.0,0,8,0,8,0,0,0.0,56623104,5.6000000000000005
35,191,3,2,1,0,0.36231771900000004,2,0.2,0,3,0.0,0,2,0,1,0,1,0.0,14155776,0.2
35,193,3,1,2,0,0.7712813169999999,1,0.1,1,2,0.3333333333333333,1,2,0,1,1,1,0.3333333333333333,14155776,0.1
35,194,39,27,12,3,9.205811354900002,10,1.0,17,22,0.4358974358974359,12,10,3,7,9,3,0.5454545454545454,70778880,9.0
35,195,1,0,1,0,0.346724749,1,0.1,0,1,0.0,0,1,0,0,0,1,0.0,7077888,0.0
35,196,4,1,3,1,1.031237736,4,0.4,0,4,0.0,0,4,0,1,0,3,0.0,28311552,1.2000000000000002
35,197,1,0,1,0,0.139709651,1,0.1,0,1,0.0,0,1,0,0,0,1,0.0,7077888,0.0
35,198,4,3,1,0,0.7001457282,2,0.2,0,4,0.0,0,2,0,1,0,1,0.0,14155776,0.2
35,199,2,1,1,0,0.1940121722,2,0.2,0,2,0.0,0,2,0,1,0,1,0.0,14155776,0.2
35,201,14,8,6,3,3.7213541938000003,4,0.4,3,11,0.21428571428571427,3,6,0,3,3,3,0.3333333333333333,42467328,2.0
35,203,12,12,0,10,7.7929057330000004,10,1.0,0,12,0.0,0,10,0,10,0,0,0.0,70778880,9.0
35,204,5,1,4,0,1.020707981,3,0.3,1,4,0.2,1,4,1,0,0,4,0.2,28311552,0.8999999999999999
35,207,14,10,4,2,3.9685528580000007,7,0.7,4,10,0.2857142857142857,3,8,2,5,1,3,0.2727272727272727,56623104,4.8999999999999995
35,209,1,0,1,0,0.100632966,1,0.1,0,1,0.0,0,1,0,0,0,1,0.0,7077888,0.0
35,210,1,1,0,0,0.0710045025,1,0.1,0,1,0.0,0,1,0,1,0,0,0.0,7077888,0.0
35,211,24,19,5,0,4.4797656454000006,9,0.9,8,16,0.3333333333333333,6,8,4,5,2,3,0.42857142857142855,56623104,6.3
35,212,10,8,2,0,1.6779040987000002,5,0.5,1,9,0.1,1,6,1,4,0,2,0.14285714285714285,42467328,2.5
35,214,5,5,0,1,1.4761751298999999,3,0.3,0,5,0.0,0,3,0,3,0,0,0.0,21233664,0.6
35,215,22,18,4,2,3.2291207535499997,10,1.0,7,15,0.3181818181818182,4,10,2,8,2,2,0.2857142857142857,70778880,9.0
35,216,50,35,15,11,16.025980503000007,10,1.0,28,22,0.56,15,10,5,5,10,5,0.6,70778880,9.0
35,217,3,3,0,0,0.5562676864,2,0.2,0,3,0.0,0,2,0,2,0,0,0.0,14155776,0.2
35,218,13,13,0,0,1.3678128642000003,10,1.0,0,13,0.0,0,10,0,10,0,0,0.0,70778880,9.0
35,219,4,4,0,0,0.6486772301999999,2,0.2,0,4,0.0,0,2,0,2,0,0,0.0,14155776,0.2
35,222,3,0,3,0,0.502597108,2,0.2,1,2,0.3333333333333333,1,2,0,0,1,2,0.3333333333333333,14155776,0.2
35,224,9,5,4,0,1.9416784567,4,0.4,4,5,0.4444444444444444,4,4,2,2,2,2,0.5,28311552,1.2000000000000002
35,225,4,1,3,1,1.007567987,1,0.1,2,2,0.5,2,2,0,1,2,1,0.5,14155776,0.1
35,226,3,3,0,0,0.3844875245,2,0.2,0,3,0.0,0,2,0,2,0,0,0.0,14155776,0.2
35,228,1,1,0,0,0.105870299,1,0.1,0,1,0.0,0,1,0,1,0,0,0.0,7077888,0.0
35,229,2,0,2,0,0.285612718,1,0.1,1,1,0.5,1,1,0,0,1,1,0.5,7077888,0.0
35,230,1,1,0,0,0.115190312,1,0.1,0,1,0.0,0,1,0,1,0,0,0.0,7077888,0.0
35,232,5,5,0,1,0.9242532847,4,0.4,0,5,0.0,0,4,0,4,0,0,0.0,28311552,1.2000000000000002
35,233,80,43,37,6,19.514240953100003,6,0.6,68,12,0.85,39,3,4,1,35,2,0.9285714285714286,21233664,1.2
35,235,44,39,5,2,9.737581117000003,8,0.8,7,37,0.1590909090909091,5,8,1,7,4,1,0.38461538461538464,56623104,5.6000000000000005
35,236,9,0,9,0,1.612754121,1,0.1,8,1,0.8888888888888888,8,1,0,0,8,1,0.8888888888888888,7077888,0.0
35,237,1,1,0,0,0.200600654,1,0.1,0,1,0.0,0,1,0,1,0,0,0.0,7077888,0.0
35,238,3,1,2,0,0.568258852,3,0.3,0,3,0.0,0,3,0,1,0,2,0.0,21233664,0.6
35,241,2,2,0,0,0.1794610325,2,0.2,0,2,0.0,0,2,0,2,0,0,0.0,14155776,0.2
35,243,12,9,3,1,2.3431017993000003,6,0.6,1,11,0.08333333333333333,1,8,0,6,1,2,0.1111111111111111,56623104,4.2
35,244,44,21,23,13,11.463818474900002,10,1.0,27,17,0.6136363636363636,21,12,5,5,16,7,0.6363636363636364,84934656,11.0
35,245,9,1,8,0,1.985703036,2,0.2,7,2,0.7777777777777778,7,2,0,1,7,1,0.7777777777777778,14155776,0.2
35,246,15,2,13,0,2.5441775818999997,1,0.1,12,3,0.8,12,2,0,1,12,1,0.8571428571428571,14155776,0.1
35,247,1,1,0,0,0.125995979,1,0.1,0,1,0.0,0,1,0,1,0,0,0.0,7077888,0.0
35,249,24,11,13,1,6.346852974,9,0.9,12,12,0.5,12,10,4,5,8,5,0.5454545454545454,70778880,8.1
35,250,2,1,1,0,0.17940460149999998,1,0.1,0,2,0.0,0,2,0,1,0,1,0.0,14155776,0.1
35,252,33,10,23,8,9.4025953636,2,0.2,22,11,0.6666666666666666,22,3,0,2,22,1,0.88,21233664,0.4
35,253,4,0,4,0,0.4454639259,2,0.2,2,2,0.5,2,2,0,0,2,2,0.5,14155776,0.2
35,254,12,10,2,0,0.5272741948999999,10,1.0,0,12,0.0,0,12,0,10,0,2,0.0,84934656,11.0
35,255,28,13,15,0,4.8138476394000005,3,0.3,12,16,0.42857142857142855,12,5,0,2,12,3,0.7058823529411765,35389440,1.2
36,1,3,1,2,0,0.44273813000000006,2,0.2,1,2,0.3333333333333333,1,2,0,1,1,1,0.3333333333333333,14155776,0.2
36,2,26,11,15,1,6.06996718,5,0.5,14,12,0.5384615384615384,14,5,1,3,13,2,0.7368421052631579,35389440,2.0
36,3,4,0,4,0,0.7940356279999999,2,0.2,2,2,0.5,2,2,0,0,2,2,0.5,14155776,0.2
36,4,4,2,2,1,0.960895971,1,0.1,1,3,0.25,1,2,0,1,1,1,0.3333333333333333,14155776,0.1
36,5,5,5,0,0,0.878989965,3,0.3,0,5,0.0,0,3,0,3,0,0,0.0,21233664,0.6
36,6,1,1,0,0,0.147120997,1,0.1,0,1,0.0,0,1,0,1,0,0,0.0,7077888,0.0
36,7,4,2,2,0,0.875402585,2,0.2,1,3,0.25,1,2,0,1,1,1,0.3333333333333333,14155776,0.2
36,8,20,4,16,2,4.7513299,1,0.1,15,5,0.75,15,2,0,1,15,1,0.8823529411764706,14155776,0.1
36,10,17,16,1,0,2.3754412527,10,1.0,1,16,0.058823529411764705,1,10,0,10,1,0,0.09090909090909091,70778880,9.0
36,11,12,6,6,0,2.2622911190000004,3,0.3,5,7,0.4166666666666667,5,3,1,1,4,2,0.625,21233664,0.6
36,14,39,26,13,12,10.856700072999995,4,0.4,13,26,0.3333333333333333,13,4,0,4,13,0,0.7647058823529411,28311552,1.2000000000000002
36,15,1,1,0,0,0.14026171,1,0.1,0,1,0.0,0,1,0,1,0,0,0.0,7077888,0.0
36,16,385,219,166,121,122.88264551300001,10,1.0,369,16,0.9584415584415584,175,1,9,1,166,0,0.9943181818181818,7077888,0.0
36,19,2,0,2,0,0.309729025,2,0.2,0,2,0.0,0,2,0,0,0,2,0.0,14155776,0.2
36,20,11,4,7,0,1.7350863959999998,2,0.2,7,4,0.6363636363636364,5,4,1,1,4,3,0.5555555555555556,28311552,0.6000000000000001
36,21,15,6,9,2,3.0951733889,7,0.7,7,8,0.4666666666666667,5,8,3,1,2,7,0.38461538461538464,56623104,4.8999999999999995
36,22,31,12,19,19,12.912042111999998,2,0.2,19,12,0.6129032258064516,19,2,0,2,19,0,0.9047619047619048,14155776,0.2
36,23,6,5,1,1,1.261425317,2,0.2,0,6,0.0,0,2,0,1,0,1,0.0,14155776,0.2
36,24,13,12,1,2,3.147619421,6,0.6,1,12,0.07692307692307693,1,5,1,4,0,1,0.16666666666666666,35389440,2.4
36,25,341,198,143,57,94.663542822,10,1.0,289,52,0.8475073313782991,151,2,8,2,143,0,0.9869281045751634,14155776,1.0
36,26,23,12,11,0,4.001532197,7,0.7,18,5,0.782608695652174,10,5,3,1,7,4,0.6666666666666666,35389440,2.8
36,28,8,6,2,0,1.0893080769,6,0.6,2,6,0.25,2,5,1,4,1,1,0.2857142857142857,35389440,2.4
36,30,11,8,3,2,2.657056138,3,0.3,2,9,0.18181818181818182,2,4,0,3,2,1,0.3333333333333333,28311552,0.8999999999999999
36,31,6,3,3,0,0.8875517306,4,0.4,0,6,0.0,0,6,0,3,0,3,0.0,42467328,2.0
36,32,6,2,4,0,1.1300413169999999,3,0.3,3,3,0.5,3,3,0,2,3,1,0.5,21233664,0.6
36,34,1,0,1,0,0.102933034,1,0.1,0,1,0.0,0,1,0,0,0,1,0.0,7077888,0.0
36,35,3,0,3,0,0.40824794799999997,2,0.2,1,2,0.3333333333333333,1,2,0,0,1,2,0.3333333333333333,14155776,0.2
36,36,1,1,0,0,0.0848747641,1,0.1,0,1,0.0,0,1,0,1,0,0,0.0,7077888,0.0
36,38,3,1,2,0,0.516153544,1,0.1,1,2,0.3333333333333333,1,2,0,1,1,1,0.3333333333333333,14155776,0.1
36,39,2,2,0,0,0.300594837,1,0.1,0,2,0.0,0,1,0,1,0,0,0.0,7077888,0.0
36,42,1,0,1,0,0.149045244,1,0.1,0,1,0.0,0,1,0,0,0,1,0.0,7077888,0.0
36,45,1,0,1,0,0.156037509,1,0.1,0,1,0.0,0,1,0,0,0,1,0.0,7077888,0.0
36,46,1,1,0,0,0.130455628,1,0.1,0,1,0.0,0,1,0,1,0,0,0.0,7077888,0.0
36,47,1,1,0,0,0.141686559,1,0.1,0,1,0.0,0,1,0,1,0,0,0.0,7077888,0.0
36,48,18,9,9,0,3.7122294210000004,4,0.4,8,10,0.4444444444444444,7,5,1,2,6,3,0.5833333333333334,35389440,1.6
36,50,7,5,2,0,1.503100544,3,0.3,2,5,0.2857142857142857,2,3,1,2,1,1,0.4,21233664,0.6
36,51,10,1,9,1,2.125954218,4,0.4,5,5,0.5,5,5,1,0,4,5,0.5,35389440,1.6
36,55,2,0,2,0,0.25651980939999997,1,0.1,1,1,0.5,1,1,0,0,1,1,0.5,7077888,0.0
36,56,3,0,3,0,0.2891945538,1,0.1,2,1,0.6666666666666666,2,1,0,0,2,1,0.6666666666666666,7077888,0.0
36,57,8,3,5,1,2.1221301808,4,0.4,3,5,0.375,2,5,1,1,1,4,0.2857142857142857,35389440,1.6
36,58,10,6,4,0,1.5413040359999999,4,0.4,2,8,0.2,2,5,1,2,1,3,0.2857142857142857,35389440,1.6
36,60,22,17,5,3,4.7210804381,4,0.4,4,18,0.18181818181818182,4,5,0,4,4,1,0.4444444444444444,35389440,1.6
36,61,7,1,6,0,1.0971063671,2,0.2,4,3,0.5714285714285714,4,3,0,1,4,2,0.5714285714285714,21233664,0.4
36,62,4,3,1,0,1.013227642,4,0.4,0,4,0.0,0,4,0,3,0,1,0.0,28311552,1.2000000000000002
36,64,6,6,0,1,1.622474149,1,0.1,0,6,0.0,0,1,0,1,0,0,0.0,7077888,0.0
36,67,2,1,1,0,0.2288040074,2,0.2,0,2,0.0,0,2,0,1,0,1,0.0,14155776,0.2
36,68,2,1,1,0,0.417427808,1,0.1,0,2,0.0,0,2,0,1,0,1,0.0,14155776,0.1
36,69,6,2,4,0,1.213239685,2,0.2,2,4,0.3333333333333333,2,4,0,2,2,2,0.3333333333333333,28311552,0.6000000000000001
36,70,13,10,3,0,0.59212852905,10,1.0,3,10,0.23076923076923078,3,10,3,7,0,3,0.23076923076923078,70778880,9.0
36,75,8,7,1,2,1.749700978,4,0.4,0,8,0.0,0,4,0,3,0,1,0.0,28311552,1.2000000000000002
36,76,11,3,8,0,2.094768121,1,0.1,7,4,0.6363636363636364,7,2,0,1,7,1,0.7777777777777778,14155776,0.1
36,77,14,10,4,3,3.2665845569,5,0.5,2,12,0.14285714285714285,2,7,0,5,2,2,0.2222222222222222,49545216,3.0
36,79,98,78,20,14,23.016856441100007,10,1.0,61,37,0.6224489795918368,23,7,6,4,17,3,0.7666666666666667,49545216,6.0
36,80,2,2,0,0,0.511845797,1,0.1,0,2,0.0,0,1,0,1,0,0,0.0,7077888,0.0
36,82,10,10,0,0,1.8554437009,4,0.4,0,10,0.0,0,4,0,4,0,0,0.0,28311552,1.2000000000000002
36,83,10,6,4,0,1.5403520239999997,3,0.3,3,7,0.3,2,5,1,2,1,3,0.2857142857142857,35389440,1.2
36,84,20,20,0,0,3.6964246640000007,8,0.8,4,16,0.2,1,7,1,7,0,0,0.125,49545216,4.800000000000001
36,86,1,0,1,0,0.119000562,1,0.1,0,1,0.0,0,1,0,0,0,1,0.0,7077888,0.0
36,87,6,1,5,0,1.428089604,3,0.3,3,3,0.5,3,3,0,1,3,2,0.5,21233664,0.6
36,88,27,17,10,0,4.8051902877999995,5,0.5,8,19,0.2962962962962963,8,7,1,4,7,3,0.5333333333333333,49545216,3.0
36,89,1,0,1,0,0.184985042,1,0.1,0,1,0.0,0,1,0,0,0,1,0.0,7077888,0.0
36,90,52,39,13,1,8.840480327800002,10,1.0,26,26,0.5,15,8,3,7,12,1,0.6521739130434783,56623104,7.0
36,91,4,2,2,1,0.842407973,3,0.3,0,4,0.0,0,4,0,2,0,2,0.0,28311552,0.8999999999999999
36,92,6,1,5,0,0.8205628614999999,3,0.3,1,5,0.16666666666666666,1,5,0,1,1,4,0.16666666666666666,35389440,1.2
36,93,1,1,0,0,0.088225469,1,0.1,0,1,0.0,0,1,0,1,0,0,0.0,7077888,0.0
36,94,4,4,0,0,0.6073466379999999,2,0.2,0,4,0.0,0,2,0,2,0,0,0.0,14155776,0.2
36,95,1,0,1,0,0.184855223,1,0.1,0,1,0.0,0,1,0,0,0,1,0.0,7077888,0.0
36,97,5,2,3,0,0.793705583,3,0.3,0,5,0.0,0,4,0,1,0,3,0.0,28311552,0.8999999999999999
36,99,12,9,3,0,1.818296805,6,0.6,5,7,0.4166666666666667,2,5,1,3,1,2,0.2857142857142857,35389440,2.4
36,102,2,1,1,0,0.278166309,2,0.2,0,2,0.0,0,2,0,1,0,1,0.0,14155776,0.2
36,103,10,4,6,0,1.9780645679999997,1,0.1,5,5,0.5,5,2,0,1,5,1,0.7142857142857143,14155776,0.1
36,104,12,11,1,10,14.8638809886,10,1.0,0,12,0.0,0,11,0,10,0,1,0.0,77856768,10.0
36,105,15,5,10,8,5.9552148809,2,0.2,9,6,0.6,9,2,0,1,9,1,0.8181818181818182,14155776,0.2
36,106,95,75,20,18,23.335885414399993,10,1.0,30,65,0.3157894736842105,21,9,2,8,19,1,0.7,63700992,8.0
36,107,9,7,2,1,1.956748858,4,0.4,2,7,0.2222222222222222,2,4,1,3,1,1,0.3333333333333333,28311552,1.2000000000000002
36,108,14,13,1,0,0.55327677804,10,1.0,1,13,0.07142857142857142,1,10,1,9,0,1,0.09090909090909091,70778880,9.0
36,109,63,45,18,8,13.394007294210002,10,1.0,34,29,0.5396825396825397,20,8,6,4,14,4,0.7142857142857143,56623104,7.0
36,111,12,11,1,0,0.41876840970000007,10,1.0,1,11,0.08333333333333333,1,10,1,9,0,1,0.09090909090909091,70778880,9.0
36,113,17,9,8,0,2.6294538733,4,0.4,7,10,0.4117647058823529,6,6,1,3,5,3,0.5,42467328,2.0
36,114,10,8,2,0,2.293772012,3,0.3,1,9,0.1,1,4,0,3,1,1,0.2,28311552,0.8999999999999999
36,115,37,27,10,4,10.011539953999998,10,1.0,23,14,0.6216216216216216,11,8,4,5,7,3,0.5789473684210527,56623104,7.0
36,116,2,0,2,0,0.391571313,2,0.2,0,2,0.0,0,2,0,0,0,2,0.0,14155776,0.2
36,118,3,2,1,1,0.9749065780000001,2,0.2,0,3,0.0,0,2,0,1,0,1,0.0,14155776,0.2
36,119,4,2,2,0,0.789756328,2,0.2,1,3,0.25,1,2,0,1,1,1,0.3333333333333333,14155776,0.2
36,120,4,3,1,0,0.610095814,2,0.2,0,4,0.0,0,3,0,2,0,1,0.0,21233664,0.4
36,121,2,1,1,0,0.31251068400000004,1,0.1,0,2,0.0,0,2,0,1,0,1,0.0,14155776,0.1
36,122,23,20,3,1,4.794412797,8,0.8,5,18,0.21739130434782608,4,7,2,6,2,1,0.36363636363636365,49545216,4.800000000000001
36,123,1,1,0,0,0.146222264,1,0.1,0,1,0.0,0,1,0,1,0,0,0.0,7077888,0.0
36,125,3,2,1,0,0.2885737419,3,0.3,0,3,0.0,0,3,0,2,0,1,0.0,21233664,0.6
36,126,5,3,2,2,1.400143177,4,0.4,2,3,0.4,2,3,1,2,1,1,0.4,21233664,0.8
36,127,33,7,26,0,6.747386353,4,0.4,26,7,0.7878787878787878,26,4,1,3,25,1,0.8666666666666667,28311552,1.2000000000000002
36,129,1,1,0,0,0.168447033,1,0.1,0,1,0.0,0,1,0,1,0,0,0.0,7077888,0.0
36,130,2,0,2,0,0.1842201053,2,0.2,0,2,0.0,0,2,0,0,0,2,0.0,14155776,0.2
36,132,14,10,4,3,4.0280682290000005,5,0.5,5,9,0.35714285714285715,2,7,1,4,1,3,0.2222222222222222,49545216,3.0
36,133,42,25,17,8,10.494183807299997,6,0.6,19,23,0.4523809523809524,17,6,1,5,16,1,0.7391304347826086,42467328,3.0
36,134,1,0,1,0,0.172956735,1,0.1,0,1,0.0,0,1,0,0,0,1,0.0,7077888,0.0
36,135,1,1,0,0,0.106496155,1,0.1,0,1,0.0,0,1,0,1,0,0,0.0,7077888,0.0
36,136,18,14,4,3,4.746214924999999,3,0.3,3,15,0.16666666666666666,3,4,0,3,3,1,0.42857142857142855,28311552,0.8999999999999999
36,137,1,1,0,0,0.0929978192,1,0.1,0,1,0.0,0,1,0,1,0,0,0.0,7077888,0.0
36,138,1,1,0,0,0.0832832307,1,0.1,0,1,0.0,0,1,0,1,0,0,0.0,7077888,0.0
36,139,13,13,0,3,3.932765096,3,0.3,0,13,0.0,0,3,0,3,0,0,0.0,21233664,0.6
36,140,1,0,1,0,0.110757589,1,0.1,0,1,0.0,0,1,0,0,0,1,0.0,7077888,0.0
36,141,5,1,4,0,0.6096673385,4,0.4,1,4,0.2,1,4,1,0,0,4,0.2,28311552,1.2000000000000002
36,142,4,3,1,0,0.45250849410000005,3,0.3,1,3,0.25,1,3,1,2,0,1,0.25,21233664,0.6
36,143,1,0,1,0,0.180830568,1,0.1,0,1,0.0,0,1,0,0,0,1,0.0,7077888,0.0
36,144,66,40,26,16,20.595947023999997,10,1.0,55,11,0.8333333333333334,28,8,9,1,19,7,0.7777777777777778,56623104,7.0
36,145,1,1,0,0,0.0807892531,1,0.1,0,1,0.0,0,1,0,1,0,0,0.0,7077888,0.0
36,147,4,4,0,0,0.5991400179999999,2,0.2,0,4,0.0,0,2,0,2,0,0,0.0,14155776,0.2
36,148,16,10,6,0,3.2137358110000003,3,0.3,3,13,0.1875,3,5,0,2,3,3,0.375,35389440,1.2
36,149,3,0,3,0,0.8197866970000001,1,0.1,1,2,0.3333333333333333,1,2,0,0,1,2,0.3333333333333333,14155776,0.1
36,150,1,0,1,0,0.142877504,1,0.1,0,1,0.0,0,1,0,0,0,1,0.0,7077888,0.0
36,152,3,3,0,0,0.49814842699999995,2,0.2,0,3,0.0,0,2,0,2,0,0,0.0,14155776,0.2
36,154,25,7,18,4,7.30792108,3,0.3,15,10,0.6,15,5,0,2,15,3,0.75,35389440,1.2
36,155,1,0,1,0,0.136123717,1,0.1,0,1,0.0,0,1,0,0,0,1,0.0,7077888,0.0
36,156,10,0,10,3,2.3574886535,4,0.4,4,6,0.4,4,6,0,0,4,6,0.4,42467328,2.0
36,158,1,1,0,0,0.0994235128,1,0.1,0,1,0.0,0,1,0,1,0,0,0.0,7077888,0.0
36,159,26,11,15,0,4.120496205199999,7,0.7,12,14,0.46153846153846156,12,8,0,5,12,3,0.6,56623104,4.8999999999999995
36,160,1,0,1,0,0.118232399,1,0.1,0,1,0.0,0,1,0,0,0,1,0.0,7077888,0.0
36,161,10,1,9,0,2.0388777559999998,3,0.3,6,4,0.6,6,4,0,1,6,3,0.6,28311552,0.8999999999999999
36,162,1,1,0,1,0.522374094,1,0.1,0,1,0.0,0,1,0,1,0,0,0.0,7077888,0.0
36,165,7,6,1,0,1.3413395140000002,3,0.3,3,4,0.42857142857142855,1,3,1,2,0,1,0.25,21233664,0.6
36,166,1,0,1,0,0.17270121,1,0.1,0,1,0.0,0,1,0,0,0,1,0.0,7077888,0.0
36,167,2,0,2,0,0.32352909500000004,1,0.1,1,1,0.5,1,1,0,0,1,1,0.5,7077888,0.0
36,168,19,11,8,7,6.095894187,2,0.2,5,14,0.2631578947368421,5,5,0,2,5,3,0.5,35389440,0.8
36,169,5,3,2,0,0.946374162,1,0.1,1,4,0.2,1,2,0,1,1,1,0.3333333333333333,14155776,0.1
36,171,1,0,1,0,0.153047949,1,0.1,0,1,0.0,0,1,0,0,0,1,0.0,7077888,0.0
36,172,46,30,16,20,14.601033675299997,10,1.0,28,18,0.6086956521739131,18,8,6,4,12,4,0.6923076923076923,56623104,7.0
36,174,51,50,1,5,12.814528006000002,10,1.0,27,24,0.5294117647058824,3,8,3,7,0,1,0.2727272727272727,56623104,7.0
36,177,3,2,1,0,0.3297401816,2,0.2,0,3,0.0,0,2,0,1,0,1,0.0,14155776,0.2
36,178,32,9,23,4,7.790427984,1,0.1,22,10,0.6875,22,2,0,1,22,1,0.9166666666666666,14155776,0.1
36,179,1,0,1,0,0.130123824,1,0.1,0,1,0.0,0,1,0,0,0,1,0.0,7077888,0.0
36,181,1,0,1,0,0.101001643,1,0.1,0,1,0.0,0,1,0,0,0,1,0.0,7077888,0.0
36,184,14,9,5,2,3.2843450440000006,1,0.1,5,9,0.35714285714285715,5,1,0,1,5,0,0.8333333333333334,7077888,0.0
36,187,3,3,0,1,0.8356298050000001,1,0.1,0,3,0.0,0,1,0,1,0,0,0.0,7077888,0.0
36,188,3,2,1,0,0.576038778,3,0.3,0,3,0.0,0,3,0,2,0,1,0.0,21233664,0.6
36,191,2,2,0,0,0.431051269,1,0.1,0,2,0.0,0,1,0,1,0,0,0.0,7077888,0.0
36,193,1,1,0,0,0.096428968,1,0.1,0,1,0.0,0,1,0,1,0,0,0.0,7077888,0.0
36,194,3,2,1,0,0.40802840890000003,3,0.3,0,3,0.0,0,3,0,2,0,1,0.0,21233664,0.6
36,195,9,4,5,0,1.3912105860000001,3,0.3,3,6,0.3333333333333333,3,4,0,2,3,2,0.42857142857142855,28311552,0.8999999999999999
36,196,5,5,0,2,1.420712441,1,0.1,0,5,0.0,0,1,0,1,0,0,0.0,7077888,0.0
36,198,6,6,0,3,2.109285176,3,0.3,0,6,0.0,0,3,0,3,0,0,0.0,21233664,0.6
36,199,2,2,0,0,0.389389813,2,0.2,0,2,0.0,0,2,0,2,0,0,0.0,14155776,0.2
36,200,2,2,0,0,0.39718198800000004,1,0.1,0,2,0.0,0,1,0,1,0,0,0.0,7077888,0.0
36,201,3,0,3,0,0.729528278,3,0.3,0,3,0.0,0,3,0,0,0,3,0.0,21233664,0.6
36,202,19,11,8,15,8.347608342000001,2,0.2,8,11,0.42105263157894735,8,2,0,2,8,0,0.8,14155776,0.2
36,203,32,18,14,1,6.107933512999999,8,0.8,18,14,0.5625,14,7,3,4,11,3,0.6666666666666666,49545216,4.800000000000001
36,204,8,5,3,0,1.184814563,5,0.5,1,7,0.125,1,6,0,4,1,2,0.14285714285714285,42467328,2.5
36,205,19,9,10,0,4.048668384,3,0.3,8,11,0.42105263157894735,8,5,0,3,8,2,0.6153846153846154,35389440,1.2
36,207,12,12,0,0,0.41160514623,10,1.0,0,12,0.0,0,10,0,10,0,0,0.0,70778880,9.0
36,208,35,14,21,9,9.366854726999998,9,0.9,25,10,0.7142857142857143,18,9,4,2,14,7,0.6666666666666666,63700992,7.2
36,209,4,3,1,0,0.659359515,3,0.3,0,4,0.0,0,3,0,2,0,1,0.0,21233664,0.6
36,210,1,1,0,0,0.197612137,1,0.1,0,1,0.0,0,1,0,1,0,0,0.0,7077888,0.0
36,211,3,2,1,1,0.7248664650000001,3,0.3,0,3,0.0,0,3,0,2,0,1,0.0,21233664,0.6
36,212,16,5,11,0,3.371693319999999,4,0.4,9,7,0.5625,9,5,1,2,8,3,0.6428571428571429,35389440,1.6
36,213,2,2,0,0,0.324518905,2,0.2,0,2,0.0,0,2,0,2,0,0,0.0,14155776,0.2
36,218,1,1,0,0,0.139913976,1,0.1,0,1,0.0,0,1,0,1,0,0,0.0,7077888,0.0
36,219,2,2,0,0,0.446907937,1,0.1,0,2,0.0,0,1,0,1,0,0,0.0,7077888,0.0
36,220,1,1,0,0,0.175339818,1,0.1,0,1,0.0,0,1,0,1,0,0,0.0,7077888,0.0
36,221,2,0,2,0,0.356757447,1,0.1,1,1,0.5,1,1,0,0,1,1,0.5,7077888,0.0
36,222,2,1,1,0,0.2435685694,2,0.2,0,2,0.0,0,2,0,1,0,1,0.0,14155776,0.2
36,223,14,13,1,0,2.432631382,6,0.6,1,13,0.07142857142857142,1,6,0,6,1,0,0.14285714285714285,42467328,3.0
36,224,3,1,2,0,0.569983214,1,0.1,1,2,0.3333333333333333,1,2,0,1,1,1,0.3333333333333333,14155776,0.1
36,225,7,7,0,2,1.7239833310000001,2,0.2,0,7,0.0,0,2,0,2,0,0,0.0,14155776,0.2
36,226,5,1,4,0,0.610341817,2,0.2,2,3,0.4,2,3,0,1,2,2,0.4,21233664,0.4
36,227,1,0,1,0,0.130353078,1,0.1,0,1,0.0,0,1,0,0,0,1,0.0,7077888,0.0
36,228,37,11,26,16,10.7968376064,5,0.5,29,8,0.7837837837837838,25,6,1,4,24,2,0.8064516129032258,42467328,2.5
36,229,3,2,1,0,0.43170628,1,0.1,0,3,0.0,0,2,0,1,0,1,0.0,14155776,0.1
36,230,4,4,0,0,0.5312317085,4,0.4,0,4,0.0,0,4,0,4,0,0,0.0,28311552,1.2000000000000002
36,231,2,2,0,0,0.247936234,2,0.2,0,2,0.0,0,2,0,2,0,0,0.0,14155776,0.2
36,232,13,7,6,6,4.735379175,7,0.7,3,10,0.23076923076923078,2,9,2,3,0,6,0.18181818181818182,63700992,5.6
36,233,16,13,3,0,3.7052501432,10,1.0,4,12,0.25,3,10,2,8,1,2,0.23076923076923078,70778880,9.0
36,234,2,0,2,0,0.1858124655,1,0.1,1,1,0.5,1,1,0,0,1,1,0.5,7077888,0.0
36,235,1,1,0,0,0.111731127,1,0.1,0,1,0.0,0,1,0,1,0,0,0.0,7077888,0.0
36,236,1,1,0,0,0.229742855,1,0.1,0,1,0.0,0,1,0,1,0,0,0.0,7077888,0.0
36,237,13,5,8,0,1.7548571223,5,0.5,6,7,0.46153846153846156,6,5,0,3,6,2,0.5454545454545454,35389440,2.0
36,238,7,6,1,1,1.63447647,3,0.3,0,7,0.0,0,4,0,3,0,1,0.0,28311552,0.8999999999999999
36,239,8,4,4,2,1.978753835,5,0.5,2,6,0.25,2,5,0,3,2,2,0.2857142857142857,35389440,2.0
36,240,1,0,1,0,0.137448847,1,0.1,0,1,0.0,0,1,0,0,0,1,0.0,7077888,0.0
36,241,14,8,6,3,3.6118783942999992,7,0.7,3,11,0.21428571428571427,3,9,0,6,3,3,0.25,63700992,5.6
36,243,29,11,18,0,5.7624072580000005,4,0.4,18,11,0.6206896551724138,17,4,1,2,16,2,0.8095238095238095,28311552,1.2000000000000002
36,244,3,1,2,1,0.8342802373,1,0.1,0,3,0.0,0,3,0,1,0,2,0.0,21233664,0.2
36,245,26,3,23,4,6.5017697147,3,0.3,21,5,0.8076923076923077,21,5,0,3,21,2,0.8076923076923077,35389440,1.2
36,247,6,6,0,0,1.001016065,4,0.4,0,6,0.0,0,4,0,4,0,0,0.0,28311552,1.2000000000000002
36,248,6,1,5,1,1.2994414123,2,0.2,2,4,0.3333333333333333,2,4,0,1,2,3,0.3333333333333333,28311552,0.6000000000000001
36,250,2,2,0,0,0.349607706,1,0.1,0,2,0.0,0,1,0,1,0,0,0.0,7077888,0.0
36,252,1,0,1,0,0.147124887,1,0.1,0,1,0.0,0,1,0,0,0,1,0.0,7077888,0.0
36,253,14,9,5,1,3.2535294419999996,2,0.2,4,10,0.2857142857142857,4,3,0,2,4,1,0.5714285714285714,21233664,0.4
36,254,2,2,0,0,0.20572154269999998,1,0.1,0,2,0.0,0,1,0,1,0,0,0.0,7077888,0.0
36,255,1,0,1,1,0.430054367,1,0.1,0,1,0.0,0,1,0,0,0,1,0.0,7077888,0.0
37,0,4,0,4,0,0.584059954,1,0.1,3,1,0.75,3,1,0,0,3,1,0.75,7077888,0.0
37,1,9,9,0,0,1.5129565308,4,0.4,0,9,0.0,0,4,0,4,0,0,0.0,28311552,1.2000000000000002
37,2,8,7,1,0,1.425099745,5,0.5,0,8,0.0,0,6,0,5,0,1,0.0,42467328,2.5
37,4,2,0,2,0,0.226226584,1,0.1,1,1,0.5,1,1,0,0,1,1,0.5,7077888,0.0
37,5,1,1,0,0,0.101470292,1,0.1,0,1,0.0,0,1,0,1,0,0,0.0,7077888,0.0
37,6,11,9,2,0,1.7427029973000001,3,0.3,1,10,0.09090909090909091,1,4,0,3,1,1,0.2,28311552,0.8999999999999999
37,7,4,0,4,0,0.657484562,4,0.4,0,4,0.0,0,4,0,0,0,4,0.0,28311552,1.2000000000000002
37,8,3,3,0,0,0.456339076,2,0.2,0,3,0.0,0,2,0,2,0,0,0.0,14155776,0.2
37,9,3,0,3,0,0.468687132,2,0.2,1,2,0.3333333333333333,1,2,0,0,1,2,0.3333333333333333,14155776,0.2
37,10,6,2,4,0,1.162763342,1,0.1,2,4,0.3333333333333333,2,3,0,1,2,2,0.4,21233664,0.2
37,11,47,23,24,0,8.764891351,7,0.7,32,15,0.6808510638297872,26,5,2,5,24,0,0.8387096774193549,35389440,2.8
37,12,3,0,3,0,0.48969256800000005,2,0.2,0,3,0.0,0,3,0,0,0,3,0.0,21233664,0.4
37,13,14,13,1,0,2.4961139709999998,5,0.5,0,14,0.0,0,6,0,5,0,1,0.0,42467328,2.5
37,14,12,5,7,0,2.01872252,3,0.3,6,6,0.5,6,4,0,3,6,1,0.6,28311552,0.8999999999999999
37,15,2,2,0,0,0.27269285899999995,1,0.1,0,2,0.0,0,1,0,1,0,0,0.0,7077888,0.0
37,16,1,1,0,0,0.0758366287,1,0.1,0,1,0.0,0,1,0,1,0,0,0.0,7077888,0.0
37,17,3,1,2,0,0.4931220110000001,2,0.2,0,3,0.0,0,3,0,1,0,2,0.0,21233664,0.4
37,18,1,1,0,0,0.0713723525,1,0.1,0,1,0.0,0,1,0,1,0,0,0.0,7077888,0.0
37,19,12,11,1,0,0.3637408674,10,1.0,0,12,0.0,0,11,0,10,0,1,0.0,77856768,10.0
37,20,10,8,2,1,3.2805632870000005,3,0.3,0,10,0.0,0,5,0,3,0,2,0.0,35389440,1.2
37,22,1,0,1,0,0.121784031,1,0.1,0,1,0.0,0,1,0,0,0,1,0.0,7077888,0.0
37,23,2,1,1,0,0.22294886409999998,1,0.1,0,2,0.0,0,2,0,1,0,1,0.0,14155776,0.1
37,25,3,0,3,0,0.3564841444,3,0.3,0,3,0.0,0,3,0,0,0,3,0.0,21233664,0.6
37,28,39,17,22,0,6.374756593000002,5,0.5,20,19,0.5128205128205128,20,6,0,4,20,2,0.7692307692307693,42467328,2.5
37,29,40,21,19,0,5.550884895299999,8,0.8,27,13,0.675,18,8,4,3,14,5,0.6923076923076923,56623104,5.6000000000000005
37,30,2,1,1,0,0.302159466,2,0.2,0,2,0.0,0,2,0,1,0,1,0.0,14155776,0.2
37,31,6,2,4,0,0.872736632,4,0.4,3,3,0.5,3,3,1,1,2,2,0.5,21233664,0.8
37,33,2,0,2,0,0.288780138,2,0.2,0,2,0.0,0,2,0,0,0,2,0.0,14155776,0.2
37,34,15,14,1,0,2.781907902,2,0.2,1,14,0.06666666666666667,1,2,0,2,1,0,0.3333333333333333,14155776,0.2
37,35,1,1,0,0,0.115972862,1,0.1,0,1,0.0,0,1,0,1,0,0,0.0,7077888,0.0
37,37,31,19,12,0,4.5504602928,5,0.5,12,19,0.3870967741935484,12,4,1,3,11,1,0.75,28311552,1.5
37,38,420,239,181,358,215.36353709900013,10,1.0,402,18,0.9571428571428572,190,1,9,1,181,0,0.9947643979057592,7077888,0.0
37,39,5,3,2,0,0.869845501,3,0.3,1,4,0.2,1,3,0,2,1,1,0.25,21233664,0.6
37,40,2,2,0,0,0.600344271,2,0.2,0,2,0.0,0,2,0,2,0,0,0.0,14155776,0.2
37,41,3,3,0,0,0.359139785,2,0.2,0,3,0.0,0,2,0,2,0,0,0.0,14155776,0.2
37,42,4,2,2,0,0.59421745,1,0.1,1,3,0.25,1,2,0,1,1,1,0.3333333333333333,14155776,0.1
37,44,2,0,2,0,0.288542025,2,0.2,0,2,0.0,0,2,0,0,0,2,0.0,14155776,0.2
37,47,4,3,1,0,0.49907036000000005,3,0.3,0,4,0.0,0,4,0,3,0,1,0.0,28311552,0.8999999999999999
37,48,2,0,2,0,0.267185271,2,0.2,0,2,0.0,0,2,0,0,0,2,0.0,14155776,0.2
37,50,7,4,3,1,1.346266807,6,0.6,1,6,0.14285714285714285,1,6,0,4,1,2,0.14285714285714285,42467328,3.0
37,53,1,1,0,0,0.121502176,1,0.1,0,1,0.0,0,1,0,1,0,0,0.0,7077888,0.0
37,54,5,5,0,0,0.936724544,1,0.1,0,5,0.0,0,1,0,1,0,0,0.0,7077888,0.0
37,55,140,121,19,12,32.83121737230001,10,1.0,99,41,0.7071428571428572,20,9,7,3,13,6,0.6896551724137931,63700992,8.0
37,56,1,0,1,0,0.120085344,1,0.1,0,1,0.0,0,1,0,0,0,1,0.0,7077888,0.0
37,57,6,3,3,0,1.557675079,3,0.3,1,5,0.16666666666666666,1,5,0,3,1,2,0.16666666666666666,35389440,1.2
37,58,2,1,1,0,0.31859500799999996,2,0.2,0,2,0.0,0,2,0,1,0,1,0.0,14155776,0.2
37,60,17,11,6,1,3.4561734826000006,8,0.8,3,14,0.17647058823529413,3,11,1,7,2,4,0.21428571428571427,77856768,8.0
37,61,1,0,1,0,0.166518703,1,0.1,0,1,0.0,0,1,0,0,0,1,0.0,7077888,0.0
37,62,4,4,0,0,1.435736835,1,0.1,0,4,0.0,0,1,0,1,0,0,0.0,7077888,0.0
37,64,2,1,1,0,0.27104188500000004,2,0.2,1,1,0.5,1,1,1,0,0,1,0.5,7077888,0.0
37,65,55,28,27,4,15.793570841999998,10,1.0,33,22,0.6,25,10,5,3,20,7,0.7142857142857143,70778880,9.0
37,66,43,40,3,7,10.865493252000002,10,1.0,8,35,0.18604651162790697,5,8,3,7,2,1,0.38461538461538464,56623104,7.0
37,67,19,7,12,0,4.750759137999999,9,0.9,8,11,0.42105263157894735,8,10,3,3,5,7,0.4444444444444444,70778880,8.1
37,68,2,2,0,0,0.262708664,1,0.1,0,2,0.0,0,1,0,1,0,0,0.0,7077888,0.0
37,69,9,7,2,0,1.221907525,4,0.4,1,8,0.1111111111111111,1,5,0,4,1,1,0.16666666666666666,35389440,1.6
37,70,2,2,0,0,0.2553650882,1,0.1,0,2,0.0,0,1,0,1,0,0,0.0,7077888,0.0
37,71,3,3,0,0,0.417124108,2,0.2,0,3,0.0,0,2,0,2,0,0,0.0,14155776,0.2
37,72,5,2,3,0,0.705845452,3,0.3,1,4,0.2,1,4,0,2,1,2,0.2,28311552,0.8999999999999999
37,73,12,11,1,0,0.8782565293,10,1.0,2,10,0.16666666666666666,1,10,1,9,0,1,0.09090909090909091,70778880,9.0
37,74,4,2,2,0,0.6297305,3,0.3,0,4,0.0,0,4,0,2,0,2,0.0,28311552,0.8999999999999999
37,76,32,22,10,0,5.010154313000001,8,0.8,18,14,0.5625,9,9,3,5,6,4,0.5,63700992,6.4
37,77,52,19,33,1,11.892006848500003,5,0.5,33,19,0.6346153846153846,33,4,1,3,32,1,0.8918918918918919,28311552,1.5
37,78,8,7,1,0,1.16823075,6,0.6,0,8,0.0,0,6,0,5,0,1,0.0,42467328,3.0
37,79,1,0,1,0,0.239965349,1,0.1,0,1,0.0,0,1,0,0,0,1,0.0,7077888,0.0
37,80,11,10,1,0,0.35052406518000007,10,1.0,1,10,0.09090909090909091,1,10,1,9,0,1,0.09090909090909091,70778880,9.0
37,81,1,0,1,0,0.0959469751,1,0.1,0,1,0.0,0,1,0,0,0,1,0.0,7077888,0.0
37,83,12,8,4,0,1.8074155434999999,2,0.2,3,9,0.25,3,3,0,2,3,1,0.5,21233664,0.4
37,84,2,1,1,0,0.2294331121,2,0.2,0,2,0.0,0,2,0,1,0,1,0.0,14155776,0.2
37,85,1,1,0,0,0.148163199,1,0.1,0,1,0.0,0,1,0,1,0,0,0.0,7077888,0.0
37,86,5,2,3,0,1.1997230650000001,1,0.1,3,2,0.6,3,1,0,1,3,0,0.75,7077888,0.0
37,88,8,3,5,0,1.4416683309999998,1,0.1,2,6,0.25,2,4,0,1,2,3,0.3333333333333333,28311552,0.30000000000000004
37,89,15,8,7,1,2.6292803585000004,9,0.9,3,12,0.2,3,10,1,5,2,5,0.23076923076923078,70778880,8.1
37,90,1,0,1,0,0.140090704,1,0.1,0,1,0.0,0,1,0,0,0,1,0.0,7077888,0.0
37,91,11,0,11,0,2.3049494024,2,0.2,8,3,0.7272727272727273,8,3,0,0,8,3,0.7272727272727273,21233664,0.4
37,92,20,16,4,0,3.634734616,5,0.5,3,17,0.15,3,6,0,5,3,1,0.3333333333333333,42467328,2.5
37,93,21,14,7,10,16.155397290000003,10,1.0,6,15,0.2857142857142857,6,11,1,9,5,2,0.35294117647058826,77856768,10.0
37,94,11,3,8,0,2.1637849819999997,5,0.5,4,7,0.36363636363636365,4,7,1,2,3,5,0.36363636363636365,49545216,3.0
37,95,13,7,6,1,3.3296185279999997,4,0.4,6,7,0.46153846153846156,6,4,0,4,6,0,0.6,28311552,1.2000000000000002
37,97,4,2,2,0,0.512750127,3,0.3,2,2,0.5,2,2,1,1,1,1,0.5,14155776,0.3
37,98,1,1,0,0,0.197955281,1,0.1,0,1,0.0,0,1,0,1,0,0,0.0,7077888,0.0
37,99,8,2,6,0,1.2587914466,4,0.4,4,4,0.5,3,4,1,0,2,4,0.42857142857142855,28311552,1.2000000000000002
37,100,14,12,2,0,1.8809517247,10,1.0,2,12,0.14285714285714285,2,10,1,9,1,1,0.16666666666666666,70778880,9.0
37,101,3,2,1,0,0.345557392,3,0.3,0,3,0.0,0,3,0,2,0,1,0.0,21233664,0.6
37,102,27,19,8,0,5.845100715999999,9,0.9,9,18,0.3333333333333333,7,9,2,6,5,3,0.4375,63700992,7.2
37,104,3,3,0,0,0.482776478,2,0.2,0,3,0.0,0,2,0,2,0,0,0.0,14155776,0.2
37,106,55,44,11,7,18.595682055299996,10,1.0,25,30,0.45454545454545453,10,11,5,5,5,6,0.47619047619047616,77856768,10.0
37,107,7,6,1,0,1.088058963,6,0.6,0,7,0.0,0,7,0,6,0,1,0.0,49545216,3.5999999999999996
37,108,9,6,3,1,1.8145876010999997,5,0.5,3,6,0.3333333333333333,3,5,1,4,2,1,0.375,35389440,2.0
37,110,14,13,1,1,2.4776943462,7,0.7,0,14,0.0,0,7,0,6,0,1,0.0,49545216,4.199999999999999
37,111,5,5,0,0,0.7319627177000001,4,0.4,0,5,0.0,0,4,0,4,0,0,0.0,28311552,1.2000000000000002
37,112,2,0,2,0,0.224350281,2,0.2,0,2,0.0,0,2,0,0,0,2,0.0,14155776,0.2
37,113,1,1,0,0,0.112892099,1,0.1,0,1,0.0,0,1,0,1,0,0,0.0,7077888,0.0
37,114,11,8,3,2,2.5982548679999997,6,0.6,1,10,0.09090909090909091,1,7,1,4,0,3,0.125,49545216,3.5999999999999996
37,116,17,9,8,0,3.2474577719999997,4,0.4,6,11,0.35294117647058826,6,5,0,3,6,2,0.5454545454545454,35389440,1.6
37,118,2,1,1,0,0.267356113,2,0.2,0,2,0.0,0,2,0,1,0,1,0.0,14155776,0.2
37,119,6,6,0,0,0.8631205710000001,1,0.1,0,6,0.0,0,1,0,1,0,0,0.0,7077888,0.0
37,120,1,0,1,0,0.0999231935,1,0.1,0,1,0.0,0,1,0,0,0,1,0.0,7077888,0.0
37,122,21,16,5,0,3.8002537103000003,7,0.7,8,13,0.38095238095238093,5,7,1,6,4,1,0.4166666666666667,49545216,4.199999999999999
37,123,29,14,15,2,8.123494953,10,1.0,19,10,0.6551724137931034,17,8,6,4,11,4,0.68,56623104,7.0
37,125,5,3,2,0,0.5749048446,4,0.4,0,5,0.0,0,4,0,2,0,2,0.0,28311552,1.2000000000000002
37,126,1,1,0,0,0.166898236,1,0.1,0,1,0.0,0,1,0,1,0,0,0.0,7077888,0.0
37,128,148,83,65,0,29.543842237160003,10,1.0,109,39,0.7364864864864865,64,11,5,5,59,6,0.8533333333333334,77856768,10.0
37,129,19,5,14,0,2.7904983267000003,7,0.7,9,10,0.47368421052631576,9,10,1,4,8,6,0.47368421052631576,70778880,6.3
37,133,22,10,12,0,2.9430835468,7,0.7,9,13,0.4090909090909091,8,10,1,5,7,5,0.4444444444444444,70778880,6.3
37,134,2,2,0,0,0.567572028,2,0.2,0,2,0.0,0,2,0,2,0,0,0.0,14155776,0.2
37,135,25,15,10,4,5.524031064000001,3,0.3,15,10,0.6,9,3,1,1,8,2,0.75,21233664,0.6
37,137,4,3,1,0,0.791702784,2,0.2,0,4,0.0,0,3,0,2,0,1,0.0,21233664,0.4
37,139,6,2,4,0,0.7853283219,2,0.2,2,4,0.3333333333333333,2,4,0,2,2,2,0.3333333333333333,28311552,0.6000000000000001
37,140,2,2,0,1,0.585912362,2,0.2,0,2,0.0,0,2,0,2,0,0,0.0,14155776,0.2
37,141,10,10,0,0,0.04753825304,10,1.0,0,10,0.0,0,10,0,10,0,0,0.0,70778880,9.0
37,142,8,4,4,0,1.080869369,5,0.5,1,7,0.125,1,6,0,3,1,3,0.14285714285714285,42467328,2.5
37,143,6,3,3,1,1.836660177,3,0.3,1,5,0.16666666666666666,1,4,0,2,1,2,0.2,28311552,0.8999999999999999
37,144,4,1,3,1,0.950751736,3,0.3,0,4,0.0,0,4,0,1,0,3,0.0,28311552,0.8999999999999999
37,145,2,2,0,0,0.205470756,2,0.2,0,2,0.0,0,2,0,2,0,0,0.0,14155776,0.2
37,147,18,3,15,0,2.7163010252,4,0.4,14,4,0.7777777777777778,14,4,2,1,12,3,0.7777777777777778,28311552,1.2000000000000002
37,148,3,1,2,0,0.368141234,1,0.1,1,2,0.3333333333333333,1,2,0,1,1,1,0.3333333333333333,14155776,0.1
37,151,5,2,3,0,1.131682828,3,0.3,0,5,0.0,0,5,0,2,0,3,0.0,35389440,1.2
37,152,13,8,5,0,3.2057300490000005,5,0.5,1,12,0.07692307692307693,1,7,0,3,1,4,0.125,49545216,3.0
37,154,1,1,0,0,0.134628803,1,0.1,0,1,0.0,0,1,0,1,0,0,0.0,7077888,0.0
37,155,7,6,1,0,1.063780285,5,0.5,1,6,0.14285714285714285,1,5,1,4,0,1,0.16666666666666666,35389440,2.0
37,156,1,0,1,0,0.0781597942,1,0.1,0,1,0.0,0,1,0,0,0,1,0.0,7077888,0.0
37,157,3,3,0,0,0.5761253980000001,2,0.2,0,3,0.0,0,2,0,2,0,0,0.0,14155776,0.2
37,158,1,1,0,0,0.0800022334,1,0.1,0,1,0.0,0,1,0,1,0,0,0.0,7077888,0.0
37,159,26,21,5,7,8.137818276900001,8,0.8,11,15,0.4230769230769231,6,7,3,5,3,2,0.46153846153846156,49545216,4.800000000000001
37,160,5,2,3,1,1.3067983229999998,4,0.4,1,4,0.2,1,4,1,1,0,3,0.2,28311552,1.2000000000000002
37,161,2,1,1,0,0.29231700299999996,2,0.2,0,2,0.0,0,2,0,1,0,1,0.0,14155776,0.2
37,162,3,2,1,0,0.43912186470000003,3,0.3,1,2,0.3333333333333333,1,2,1,1,0,1,0.3333333333333333,14155776,0.3
37,163,2,2,0,0,0.307691544,2,0.2,0,2,0.0,0,2,0,2,0,0,0.0,14155776,0.2
37,164,5,5,0,0,0.750560895,4,0.4,0,5,0.0,0,4,0,4,0,0,0.0,28311552,1.2000000000000002
37,166,18,12,6,0,1.25928371557,10,1.0,6,12,0.3333333333333333,6,10,3,7,3,3,0.375,70778880,9.0
37,168,1,0,1,0,0.125970483,1,0.1,0,1,0.0,0,1,0,0,0,1,0.0,7077888,0.0
37,169,32,14,18,1,6.798301382000002,2,0.2,17,15,0.53125,17,2,0,1,17,1,0.8947368421052632,14155776,0.2
37,170,12,5,7,0,2.3171540669,4,0.4,4,8,0.3333333333333333,4,5,0,2,4,3,0.4444444444444444,35389440,1.6
37,171,6,2,4,0,1.177926317,4,0.4,1,5,0.16666666666666666,1,4,0,1,1,3,0.2,28311552,1.2000000000000002
37,172,7,4,3,3,2.594740524,1,0.1,3,4,0.42857142857142855,3,1,0,1,3,0,0.75,7077888,0.0
37,174,2,2,0,0,0.169404693,1,0.1,0,2,0.0,0,1,0,1,0,0,0.0,7077888,0.0
37,175,3,3,0,0,0.679327235,3,0.3,0,3,0.0,0,3,0,3,0,0,0.0,21233664,0.6
37,176,1,0,1,0,0.242882565,1,0.1,0,1,0.0,0,1,0,0,0,1,0.0,7077888,0.0
37,177,1,0,1,0,0.149717987,1,0.1,0,1,0.0,0,1,0,0,0,1,0.0,7077888,0.0
37,179,6,6,0,0,0.6602389816,2,0.2,0,6,0.0,0,2,0,2,0,0,0.0,14155776,0.2
37,180,4,4,0,0,0.469115406,2,0.2,0,4,0.0,0,2,0,2,0,0,0.0,14155776,0.2
37,181,1,1,0,0,0.222419769,1,0.1,0,1,0.0,0,1,0,1,0,0,0.0,7077888,0.0
37,183,26,12,14,0,4.052027561999999,8,0.8,18,8,0.6923076923076923,15,7,3,5,12,2,0.6818181818181818,49545216,4.800000000000001
37,186,4,4,0,0,0.65029195,2,0.2,0,4,0.0,0,2,0,2,0,0,0.0,14155776,0.2
37,188,22,6,16,0,4.058860854300001,2,0.2,14,8,0.6363636363636364,14,4,0,2,14,2,0.7777777777777778,28311552,0.6000000000000001
37,189,1,0,1,0,0.119029611,1,0.1,0,1,0.0,0,1,0,0,0,1,0.0,7077888,0.0
37,190,1,1,0,0,0.0791164786,1,0.1,0,1,0.0,0,1,0,1,0,0,0.0,7077888,0.0
37,191,7,6,1,1,1.9316425179999999,3,0.3,2,5,0.2857142857142857,1,3,1,2,0,1,0.25,21233664,0.6
37,192,1,1,0,0,0.0849153996,1,0.1,0,1,0.0,0,1,0,1,0,0,0.0,7077888,0.0
37,194,4,2,2,0,0.626931503,3,0.3,0,4,0.0,0,4,0,2,0,2,0.0,28311552,0.8999999999999999
37,196,214,115,99,3,43.38232796719997,10,1.0,162,52,0.7570093457943925,103,6,6,4,97,2,0.944954128440367,42467328,5.0
37,197,3,0,3,0,0.4698281216,2,0.2,1,2,0.3333333333333333,1,2,0,0,1,2,0.3333333333333333,14155776,0.2
37,198,1,0,1,0,0.133077145,1,0.1,0,1,0.0,0,1,0,0,0,1,0.0,7077888,0.0
37,200,2,1,1,0,0.279951945,1,0.1,0,2,0.0,0,2,0,1,0,1,0.0,14155776,0.1
37,201,2,0,2,0,0.253409207,1,0.1,1,1,0.5,1,1,0,0,1,1,0.5,7077888,0.0
37,202,2,0,2,0,0.270991147,2,0.2,0,2,0.0,0,2,0,0,0,2,0.0,14155776,0.2
37,203,27,19,8,0,2.8839428870000003,10,1.0,7,20,0.25925925925925924,6,12,2,8,4,4,0.3333333333333333,84934656,11.0
37,204,13,6,7,0,1.9552705379999997,5,0.5,2,11,0.15384615384615385,2,9,0,4,2,5,0.18181818181818182,63700992,4.0
37,205,4,3,1,0,0.485000282,4,0.4,0,4,0.0,0,4,0,3,0,1,0.0,28311552,1.2000000000000002
37,206,2,0,2,0,0.376027628,1,0.1,1,1,0.5,1,1,0,0,1,1,0.5,7077888,0.0
37,207,4,2,2,0,0.496502102,2,0.2,1,3,0.25,1,3,0,2,1,1,0.25,21233664,0.4
37,208,4,3,1,0,0.477921418,3,0.3,0,4,0.0,0,4,0,3,0,1,0.0,28311552,0.8999999999999999
37,209,3,0,3,2,1.258399903,2,0.2,1,2,0.3333333333333333,1,2,0,0,1,2,0.3333333333333333,14155776,0.2
37,210,23,5,18,0,3.7967146508000003,8,0.8,14,9,0.6086956521739131,12,9,2,1,10,8,0.5714285714285714,63700992,6.4
37,211,22,3,19,0,3.20980774,6,0.6,12,10,0.5454545454545454,12,9,0,2,12,7,0.5714285714285714,63700992,4.8
37,212,5,3,2,0,0.6140292883000001,3,0.3,0,5,0.0,0,4,0,2,0,2,0.0,28311552,0.8999999999999999
37,213,8,7,1,4,2.8677607550000004,6,0.6,1,7,0.125,1,6,1,5,0,1,0.14285714285714285,42467328,3.0
37,214,9,7,2,0,1.4286817305,4,0.4,3,6,0.3333333333333333,2,4,1,3,1,1,0.3333333333333333,28311552,1.2000000000000002
37,215,25,16,9,0,6.844132110000001,3,0.3,8,17,0.32,8,4,0,3,8,1,0.6666666666666666,28311552,0.8999999999999999
37,216,6,5,1,0,0.8687748606000001,5,0.5,1,5,0.16666666666666666,1,5,1,4,0,1,0.16666666666666666,35389440,2.0
37,219,1,0,1,0,0.120339319,1,0.1,0,1,0.0,0,1,0,0,0,1,0.0,7077888,0.0
37,222,35,33,2,0,4.773598776899999,7,0.7,2,33,0.05714285714285714,2,7,0,7,2,0,0.2222222222222222,49545216,4.199999999999999
37,224,1,0,1,0,0.162951246,1,0.1,0,1,0.0,0,1,0,0,0,1,0.0,7077888,0.0
37,225,5,5,0,0,0.77793245,4,0.4,0,5,0.0,0,4,0,4,0,0,0.0,28311552,1.2000000000000002
37,226,4,2,2,1,0.955337413,3,0.3,0,4,0.0,0,3,0,1,0,2,0.0,21233664,0.6
37,228,2,1,1,0,0.228226289,2,0.2,0,2,0.0,0,2,0,1,0,1,0.0,14155776,0.2
37,230,28,18,10,1,7.596676693000001,4,0.4,21,7,0.75,11,2,2,1,9,1,0.8461538461538461,14155776,0.4
37,231,4,3,1,0,0.4462142136,3,0.3,0,4,0.0,0,4,0,3,0,1,0.0,28311552,0.8999999999999999
37,232,6,2,4,1,1.5713629580000001,1,0.1,2,4,0.3333333333333333,2,3,0,1,2,2,0.4,21233664,0.2
37,233,23,2,21,0,3.6879292266,6,0.6,16,7,0.6956521739130435,16,7,0,2,16,5,0.6956521739130435,49545216,3.5999999999999996
37,235,11,10,1,0,2.632866068,3,0.3,0,11,0.0,0,3,0,2,0,1,0.0,21233664,0.6
37,236,1,0,1,0,0.115307614,1,0.1,0,1,0.0,0,1,0,0,0,1,0.0,7077888,0.0
37,237,7,3,4,0,1.5546432575,4,0.4,2,5,0.2857142857142857,2,5,0,3,2,2,0.2857142857142857,35389440,1.6
37,239,4,2,2,0,0.841595254,3,0.3,0,4,0.0,0,4,0,2,0,2,0.0,28311552,0.8999999999999999
37,240,3,0,3,1,0.9748854330000001,2,0.2,1,2,0.3333333333333333,1,2,0,0,1,2,0.3333333333333333,14155776,0.2
37,241,1,0,1,0,0.119607762,1,0.1,0,1,0.0,0,1,0,0,0,1,0.0,7077888,0.0
37,242,8,4,4,1,1.361663826,5,0.5,1,7,0.125,1,6,0,3,1,3,0.14285714285714285,42467328,2.5
37,243,7,4,3,0,1.0164828525,5,0.5,2,5,0.2857142857142857,2,4,1,2,1,2,0.3333333333333333,28311552,1.5
37,244,8,1,7,0,0.9590296229999999,5,0.5,2,6,0.25,2,6,0,1,2,5,0.25,42467328,2.5
37,245,13,13,0,0,2.2682246272,3,0.3,0,13,0.0,0,3,0,3,0,0,0.0,21233664,0.6
37,246,13,13,0,0,1.1044312709000002,10,1.0,0,13,0.0,0,10,0,10,0,0,0.0,70778880,9.0
37,248,17,7,10,0,3.6556478439999993,4,0.4,10,7,0.5882352941176471,8,6,1,3,7,3,0.5714285714285714,42467328,2.0
37,249,5,1,4,0,0.655728802,3,0.3,1,4,0.2,1,4,0,1,1,3,0.2,28311552,0.8999999999999999
37,250,23,15,8,4,7.891228220000001,10,1.0,11,12,0.4782608695652174,8,10,7,3,1,7,0.4444444444444444,70778880,9.0
37,251,1,1,0,0,0.0892237574,1,0.1,0,1,0.0,0,1,0,1,0,0,0.0,7077888,0.0
37,252,3,0,3,0,0.461387471,1,0.1,1,2,0.3333333333333333,1,2,0,0,1,2,0.3333333333333333,14155776,0.1
37,253,11,8,3,0,2.170564814,3,0.3,4,7,0.36363636363636365,3,3,1,2,2,1,0.5,21233664,0.6
37,254,3,3,0,0,0.674743712,1,0.1,0,3,0.0,0,1,0,1,0,0,0.0,7077888,0.0
37,255,3,3,0,1,0.9287414549999999,1,0.1,0,3,0.0,0,1,0,1,0,0,0.0,7077888,0.0
38,0,5,3,2,0,0.8601790220000001,2,0.2,0,5,0.0,0,3,0,1,0,2,0.0,21233664,0.4
38,1,5,3,2,0,0.75503119,5,0.5,1,4,0.2,1,4,1,2,0,2,0.2,28311552,1.5
38,2,1,0,1,0,0.111376651,1,0.1,0,1,0.0,0,1,0,0,0,1,0.0,7077888,0.0
38,3,55,24,31,0,13.063237083999997,7,0.7,36,19,0.6545454545454545,30,7,1,5,29,2,0.8108108108108109,49545216,4.199999999999999
38,4,4,3,1,0,0.41451624770000006,3,0.3,0,4,0.0,0,3,0,2,0,1,0.0,21233664,0.6
38,5,4,2,2,0,0.522642315,3,0.3,0,4,0.0,0,4,0,2,0,2,0.0,28311552,0.8999999999999999
38,6,21,18,3,1,4.5625428473000005,10,1.0,4,17,0.19047619047619047,3,10,3,7,0,3,0.23076923076923078,70778880,9.0
38,7,3,3,0,0,0.2452736046,2,0.2,0,3,0.0,0,2,0,2,0,0,0.0,14155776,0.2
38,8,3,0,3,0,1.05021152,2,0.2,1,2,0.3333333333333333,1,2,0,0,1,2,0.3333333333333333,14155776,0.2
38,10,64,50,14,19,20.0543123858,10,1.0,46,18,0.71875,14,10,8,2,6,8,0.5833333333333334,70778880,9.0
38,12,2,0,2,0,0.24618786599999998,1,0.1,1,1,0.5,1,1,0,0,1,1,0.5,7077888,0.0
38,13,6,6,0,0,1.395311564,4,0.4,0,6,0.0,0,4,0,4,0,0,0.0,28311552,1.2000000000000002
38,14,4,4,0,0,0.512915723,4,0.4,0,4,0.0,0,4,0,4,0,0,0.0,28311552,1.2000000000000002
38,15,23,17,6,0,3.2461561329000004,8,0.8,9,14,0.391304347826087,5,8,2,5,3,3,0.38461538461538464,56623104,5.6000000000000005
38,16,8,6,2,4,3.0165936359999996,1,0.1,1,7,0.125,1,2,0,1,1,1,0.3333333333333333,14155776,0.1
38,17,11,11,0,0,1.512619377,5,0.5,0,11,0.0,0,5,0,5,0,0,0.0,35389440,2.0
38,18,1,1,0,0,0.125323594,1,0.1,0,1,0.0,0,1,0,1,0,0,0.0,7077888,0.0
38,20,1,1,0,0,0.103169754,1,0.1,0,1,0.0,0,1,0,1,0,0,0.0,7077888,0.0
38,21,5,2,3,0,0.5309687479999999,4,0.4,0,5,0.0,0,5,0,2,0,3,0.0,35389440,1.6
38,22,7,6,1,0,1.0325389285000002,3,0.3,0,7,0.0,0,4,0,3,0,1,0.0,28311552,0.8999999999999999
38,23,61,61,0,0,11.909762932300005,10,1.0,0,61,0.0,0,10,0,10,0,0,0.0,70778880,9.0
38,27,66,54,12,4,13.680150549899995,10,1.0,15,51,0.22727272727272727,13,9,1,9,12,0,0.5909090909090909,63700992,8.0
38,28,1,0,1,0,0.109922767,1,0.1,0,1,0.0,0,1,0,0,0,1,0.0,7077888,0.0
38,29,1,1,0,0,0.0886340216,1,0.1,0,1,0.0,0,1,0,1,0,0,0.0,7077888,0.0
38,30,3,0,3,0,0.447949201,3,0.3,0,3,0.0,0,3,0,0,0,3,0.0,21233664,0.6
38,31,6,1,5,1,1.1580907420000002,3,0.3,2,4,0.3333333333333333,2,4,0,1,2,3,0.3333333333333333,28311552,0.8999999999999999
38,32,1,0,1,0,0.120690107,1,0.1,0,1,0.0,0,1,0,0,0,1,0.0,7077888,0.0
38,33,2,0,2,1,0.696707606,1,0.1,1,1,0.5,1,1,0,0,1,1,0.5,7077888,0.0
38,34,1,1,0,0,0.130384922,1,0.1,0,1,0.0,0,1,0,1,0,0,0.0,7077888,0.0
38,35,20,20,0,0,3.2618821110000003,7,0.7,0,20,0.0,0,7,0,7,0,0,0.0,49545216,4.199999999999999
38,36,8,3,5,0,1.0531218409999998,4,0.4,2,6,0.25,2,5,0,2,2,3,0.2857142857142857,35389440,1.6
38,37,2,0,2,0,0.27567932,1,0.1,1,1,0.5,1,1,0,0,1,1,0.5,7077888,0.0
38,38,16,16,0,0,1.0358981963,10,1.0,0,16,0.0,0,10,0,10,0,0,0.0,70778880,9.0
38,40,4,4,0,0,0.692804753,2,0.2,0,4,0.0,0,2,0,2,0,0,0.0,14155776,0.2
38,41,2,1,1,0,0.24789971100000002,2,0.2,0,2,0.0,0,2,0,1,0,1,0.0,14155776,0.2
38,42,5,2,3,0,0.5889413211,4,0.4,1,4,0.2,1,4,0,2,1,2,0.2,28311552,1.2000000000000002
38,43,4,4,0,0,0.495189548,3,0.3,0,4,0.0,0,3,0,3,0,0,0.0,21233664,0.6
38,44,2,2,0,0,0.1946007684,1,0.1,0,2,0.0,0,1,0,1,0,0,0.0,7077888,0.0
38,45,16,4,12,0,3.6371365500000006,3,0.3,11,5,0.6875,11,4,0,3,11,1,0.7333333333333333,28311552,0.8999999999999999
38,47,7,7,0,0,1.428357884,1,0.1,0,7,0.0,0,1,0,1,0,0,0.0,7077888,0.0
38,48,26,3,23,0,3.7098409374,4,0.4,20,6,0.7692307692307693,20,5,0,2,20,3,0.8,35389440,1.6
38,49,3,3,0,0,0.3658828811,1,0.1,0,3,0.0,0,1,0,1,0,0,0.0,7077888,0.0
38,50,4,0,4,0,0.5529765774000001,2,0.2,2,2,0.5,2,2,0,0,2,2,0.5,14155776,0.2
38,51,2,0,2,0,0.276238561,2,0.2,0,2,0.0,0,2,0,0,0,2,0.0,14155776,0.2
38,52,2,0,2,0,0.2168580446,2,0.2,0,2,0.0,0,2,0,0,0,2,0.0,14155776,0.2
38,53,1,0,1,0,0.142865345,1,0.1,0,1,0.0,0,1,0,0,0,1,0.0,7077888,0.0
38,56,6,1,5,0,0.879468591,3,0.3,2,4,0.3333333333333333,2,4,0,1,2,3,0.3333333333333333,28311552,0.8999999999999999
38,58,5,3,2,0,0.7213737959000001,3,0.3,2,3,0.4,1,3,1,1,0,2,0.25,21233664,0.6
38,59,17,5,12,0,2.9412995662000005,7,0.7,10,7,0.5882352941176471,10,5,1,2,9,3,0.6666666666666666,35389440,2.8
38,61,1,1,0,0,0.165012717,1,0.1,0,1,0.0,0,1,0,1,0,0,0.0,7077888,0.0
38,62,7,2,5,2,1.813870237,1,0.1,4,3,0.5714285714285714,4,2,0,1,4,1,0.6666666666666666,14155776,0.1
38,63,3,1,2,0,0.383959591,2,0.2,0,3,0.0,0,3,0,1,0,2,0.0,21233664,0.4
38,64,4,0,4,0,0.4689002109,2,0.2,1,3,0.25,1,3,0,0,1,3,0.25,21233664,0.4
38,65,3,3,0,0,0.539964788,1,0.1,0,3,0.0,0,1,0,1,0,0,0.0,7077888,0.0
38,66,4,4,0,0,0.503510534,2,0.2,0,4,0.0,0,2,0,2,0,0,0.0,14155776,0.2
38,67,7,6,1,0,0.9980954461999999,1,0.1,0,7,0.0,0,2,0,1,0,1,0.0,14155776,0.1
38,68,10,10,0,0,0.8623083532999998,10,1.0,0,10,0.0,0,10,0,10,0,0,0.0,70778880,9.0
38,69,5,3,2,0,0.7472846513,3,0.3,1,4,0.2,1,4,0,3,1,1,0.2,28311552,0.8999999999999999
38,71,1,0,1,0,0.0706354156,1,0.1,0,1,0.0,0,1,0,0,0,1,0.0,7077888,0.0
38,73,4,1,3,1,1.004844695,3,0.3,2,2,0.5,2,2,1,0,1,2,0.5,14155776,0.3
38,74,2,1,1,0,0.281605482,2,0.2,0,2,0.0,0,2,0,1,0,1,0.0,14155776,0.2
38,75,5,3,2,0,1.21266249,3,0.3,1,4,0.2,1,3,0,2,1,1,0.25,21233664,0.6
38,76,21,15,6,0,2.3221475711,7,0.7,4,17,0.19047619047619047,4,7,0,5,4,2,0.36363636363636365,49545216,4.199999999999999
38,77,4,4,0,0,0.9175976809999999,3,0.3,0,4,0.0,0,3,0,3,0,0,0.0,21233664,0.6
38,78,1,1,0,0,0.153106958,1,0.1,0,1,0.0,0,1,0,1,0,0,0.0,7077888,0.0
38,80,19,11,8,0,1.4400101651,10,1.0,8,11,0.42105263157894735,8,10,1,9,7,1,0.4444444444444444,70778880,9.0
38,81,6,4,2,0,0.9771971045,3,0.3,2,4,0.3333333333333333,2,3,1,2,1,1,0.4,21233664,0.6
38,83,9,2,7,2,2.9932253810000002,2,0.2,6,3,0.6666666666666666,6,2,0,1,6,1,0.75,14155776,0.2
38,88,4,3,1,0,0.4413639529,4,0.4,0,4,0.0,0,4,0,3,0,1,0.0,28311552,1.2000000000000002
38,89,11,3,8,0,1.7681711537,4,0.4,6,5,0.5454545454545454,6,4,1,1,5,3,0.6,28311552,1.2000000000000002
38,91,12,10,2,0,1.827948973,1,0.1,1,11,0.08333333333333333,1,2,0,1,1,1,0.3333333333333333,14155776,0.1
38,93,1,0,1,0,0.197105795,1,0.1,0,1,0.0,0,1,0,0,0,1,0.0,7077888,0.0
38,94,12,6,6,0,1.8713948955999997,2,0.2,3,9,0.25,3,4,0,1,3,3,0.42857142857142855,28311552,0.6000000000000001
38,95,47,18,29,5,10.120504481900005,10,1.0,38,9,0.8085106382978723,28,9,7,1,21,8,0.7567567567567568,63700992,8.0
38,97,5,0,5,0,0.5569857507,3,0.3,2,3,0.4,2,3,0,0,2,3,0.4,21233664,0.6
38,98,2,2,0,0,0.296758205,2,0.2,0,2,0.0,0,2,0,2,0,0,0.0,14155776,0.2
38,99,5,1,4,0,0.5383705727,4,0.4,1,4,0.2,1,4,0,1,1,3,0.2,28311552,1.2000000000000002
38,100,20,14,6,2,4.244578038,2,0.2,11,9,0.55,7,1,1,1,6,0,0.875,7077888,0.0
38,101,12,0,12,0,2.889656239,1,0.1,11,1,0.9166666666666666,11,1,0,0,11,1,0.9166666666666666,7077888,0.0
38,103,37,28,9,1,7.311666467799998,4,0.4,10,27,0.2702702702702703,9,4,1,3,8,1,0.6923076923076923,28311552,1.2000000000000002
38,104,8,6,2,0,1.1650015039000001,4,0.4,1,7,0.125,1,5,0,4,1,1,0.16666666666666666,35389440,1.6
38,105,17,3,14,0,2.0204406822999994,4,0.4,10,7,0.5882352941176471,10,6,0,2,10,4,0.625,42467328,2.0
38,106,2,0,2,0,0.1954161827,1,0.1,1,1,0.5,1,1,0,0,1,1,0.5,7077888,0.0
38,107,23,16,7,1,6.0742097646,3,0.3,19,4,0.8260869565217391,8,2,2,1,6,1,0.8,14155776,0.3
38,108,1,1,0,0,0.131994069,1,0.1,0,1,0.0,0,1,0,1,0,0,0.0,7077888,0.0
38,109,1,0,1,0,0.11476849,1,0.1,0,1,0.0,0,1,0,0,0,1,0.0,7077888,0.0
38,110,413,239,174,339,189.07481228450004,10,1.0,393,20,0.9515738498789347,182,2,9,1,173,1,0.9891304347826086,14155776,1.0
38,111,1,1,0,0,0.191674992,1,0.1,0,1,0.0,0,1,0,1,0,0,0.0,7077888,0.0
38,112,1,0,1,0,0.0925602317,1,0.1,0,1,0.0,0,1,0,0,0,1,0.0,7077888,0.0
38,114,4,0,4,0,0.5323797614,2,0.2,1,3,0.25,1,3,0,0,1,3,0.25,21233664,0.4
38,115,14,10,4,0,0.9596645583899999,10,1.0,4,10,0.2857142857142857,4,10,2,8,2,2,0.2857142857142857,70778880,9.0
38,116,2,0,2,0,0.533414454,1,0.1,1,1,0.5,1,1,0,0,1,1,0.5,7077888,0.0
38,117,3,2,1,1,0.937939897,2,0.2,0,3,0.0,0,2,0,1,0,1,0.0,14155776,0.2
38,118,3,3,0,0,0.339280553,1,0.1,0,3,0.0,0,1,0,1,0,0,0.0,7077888,0.0
38,120,1,1,0,0,0.153441712,1,0.1,0,1,0.0,0,1,0,1,0,0,0.0,7077888,0.0
38,121,7,6,1,0,1.090299219,4,0.4,0,7,0.0,0,5,0,4,0,1,0.0,35389440,1.6
38,122,13,12,1,0,1.3654431466,10,1.0,0,13,0.0,0,11,0,10,0,1,0.0,77856768,10.0
38,124,3,3,0,0,0.5426507140000001,1,0.1,0,3,0.0,0,1,0,1,0,0,0.0,7077888,0.0
38,125,43,20,23,0,7.6218235523,4,0.4,36,7,0.8372093023255814,24,2,2,1,22,1,0.9230769230769231,14155776,0.4
38,126,5,2,3,0,0.6606013252,2,0.2,2,3,0.4,2,3,1,1,1,2,0.4,21233664,0.4
38,127,7,1,6,0,1.200938641,1,0.1,5,2,0.7142857142857143,5,2,0,1,5,1,0.7142857142857143,14155776,0.1
38,128,3,3,0,0,0.494026944,1,0.1,0,3,0.0,0,1,0,1,0,0,0.0,7077888,0.0
38,130,13,6,7,0,1.9213301093,5,0.5,5,8,0.38461538461538464,5,6,1,3,4,3,0.45454545454545453,42467328,2.5
38,131,18,11,7,3,4.327870849899999,7,0.7,3,15,0.16666666666666666,3,11,1,6,2,5,0.21428571428571427,77856768,7.0
38,133,10,6,4,0,1.2461834405,6,0.6,3,7,0.3,3,6,1,4,2,2,0.3333333333333333,42467328,3.0
38,134,2,2,0,0,0.2076423465,2,0.2,0,2,0.0,0,2,0,2,0,0,0.0,14155776,0.2
38,136,12,5,7,2,3.213782832,2,0.2,5,7,0.4166666666666667,5,4,0,2,5,2,0.5555555555555556,28311552,0.6000000000000001
38,137,2,1,1,0,0.255475924,1,0.1,0,2,0.0,0,2,0,1,0,1,0.0,14155776,0.1
38,138,56,29,27,0,8.7696322594,10,1.0,37,19,0.6607142857142857,28,8,5,4,23,4,0.7777777777777778,56623104,7.0
38,140,11,5,6,0,2.086809977,5,0.5,5,6,0.45454545454545453,5,5,1,3,4,2,0.5,35389440,2.0
38,141,8,5,3,2,1.9026753315,6,0.6,1,7,0.125,1,7,1,4,0,3,0.125,49545216,3.5999999999999996
38,142,14,6,8,0,2.9682075000000006,1,0.1,7,7,0.5,7,2,0,1,7,1,0.7777777777777778,14155776,0.1
38,143,11,3,8,1,1.7627483839,5,0.5,6,5,0.5454545454545454,6,5,1,2,5,3,0.5454545454545454,35389440,2.0
38,145,12,9,3,6,4.302405552000001,6,0.6,1,11,0.08333333333333333,1,8,1,5,0,3,0.1111111111111111,56623104,4.2
38,146,1,1,0,0,0.0956903994,1,0.1,0,1,0.0,0,1,0,1,0,0,0.0,7077888,0.0
38,147,21,5,16,0,2.9125697155,9,0.9,12,9,0.5714285714285714,10,9,3,0,7,9,0.5263157894736842,63700992,7.2
38,148,5,1,4,1,1.0238735965,4,0.4,1,4,0.2,1,4,0,1,1,3,0.2,28311552,1.2000000000000002
38,149,1,1,0,0,0.112125568,1,0.1,0,1,0.0,0,1,0,1,0,0,0.0,7077888,0.0
38,150,12,8,4,0,1.8438939153000002,2,0.2,3,9,0.25,3,3,0,2,3,1,0.5,21233664,0.4
38,151,61,36,25,0,11.9185845176,7,0.7,28,33,0.45901639344262296,26,5,2,4,24,1,0.8387096774193549,35389440,2.8
38,152,15,13,2,10,15.0978604617,10,1.0,3,12,0.2,2,10,1,9,1,1,0.16666666666666666,70778880,9.0
38,155,20,8,12,0,2.8550154331000006,3,0.3,9,11,0.45,9,6,0,3,9,3,0.6,42467328,1.5
38,156,8,6,2,0,0.8711407561,3,0.3,1,7,0.125,1,4,0,3,1,1,0.2,28311552,0.8999999999999999
38,157,2,2,0,0,0.270285159,1,0.1,0,2,0.0,0,1,0,1,0,0,0.0,7077888,0.0
38,158,8,4,4,1,1.487220147,3,0.3,3,5,0.375,3,3,0,2,3,1,0.5,21233664,0.6
38,159,2,2,0,0,0.1679251194,1,0.1,0,2,0.0,0,1,0,1,0,0,0.0,7077888,0.0
38,161,2,2,0,0,0.25040255499999997,2,0.2,0,2,0.0,0,2,0,2,0,0,0.0,14155776,0.2
38,162,4,3,1,0,0.6246604763,2,0.2,0,4,0.0,0,3,0,2,0,1,0.0,21233664,0.4
38,164,5,4,1,0,0.838746786,2,0.2,4,1,0.8,1,1,1,0,0,1,0.5,7077888,0.0
38,165,3,3,0,0,0.4852130118,3,0.3,0,3,0.0,0,3,0,3,0,0,0.0,21233664,0.6
38,166,1,0,1,0,0.117212869,1,0.1,0,1,0.0,0,1,0,0,0,1,0.0,7077888,0.0
38,167,15,12,3,0,2.9122313696,3,0.3,1,14,0.06666666666666667,1,5,0,3,1,2,0.16666666666666666,35389440,1.2
38,168,2,2,0,0,0.1917564351,2,0.2,0,2,0.0,0,2,0,2,0,0,0.0,14155776,0.2
38,169,12,2,10,0,1.7108864944000002,6,0.6,6,6,0.5,6,6,1,1,5,5,0.5,42467328,3.0
38,170,1,1,0,0,0.116533488,1,0.1,0,1,0.0,0,1,0,1,0,0,0.0,7077888,0.0
38,171,3,1,2,0,0.3948521614,2,0.2,0,3,0.0,0,3,0,1,0,2,0.0,21233664,0.4
38,172,1,1,0,0,0.124847151,1,0.1,0,1,0.0,0,1,0,1,0,0,0.0,7077888,0.0
38,173,1,1,0,0,0.171538085,1,0.1,0,1,0.0,0,1,0,1,0,0,0.0,7077888,0.0
38,174,25,17,8,5,6.559758263200001,6,0.6,17,8,0.68,10,4,2,4,8,0,0.7142857142857143,28311552,1.7999999999999998
38,175,40,15,25,6,10.578598801999998,1,0.1,25,15,0.625,25,1,0,1,25,0,0.9615384615384616,7077888,0.0
38,176,1,0,1,0,0.156490922,1,0.1,0,1,0.0,0,1,0,0,0,1,0.0,7077888,0.0
38,178,23,8,15,0,3.716048760000001,7,0.7,14,9,0.6086956521739131,14,7,1,5,13,2,0.6666666666666666,49545216,4.199999999999999
38,179,2,0,2,0,0.24627698199999998,2,0.2,0,2,0.0,0,2,0,0,0,2,0.0,14155776,0.2
38,180,1,1,0,0,0.107037641,1,0.1,0,1,0.0,0,1,0,1,0,0,0.0,7077888,0.0
38,181,6,0,6,1,1.6585120629999999,1,0.1,4,2,0.6666666666666666,4,2,0,0,4,2,0.6666666666666666,14155776,0.1
38,182,5,2,3,0,0.664472394,2,0.2,1,4,0.2,1,4,0,2,1,2,0.2,28311552,0.6000000000000001
38,183,2,1,1,0,0.33663155899999997,1,0.1,0,2,0.0,0,2,0,1,0,1,0.0,14155776,0.1
38,184,2,0,2,0,0.374863371,1,0.1,1,1,0.5,1,1,0,0,1,1,0.5,7077888,0.0
38,185,1,0,1,0,0.129596442,1,0.1,0,1,0.0,0,1,0,0,0,1,0.0,7077888,0.0
38,186,11,11,0,0,1.75842651,4,0.4,0,11,0.0,0,4,0,4,0,0,0.0,28311552,1.2000000000000002
38,187,15,5,10,0,2.3810273270000004,8,0.8,6,9,0.4,6,7,1,2,5,5,0.46153846153846156,49545216,4.800000000000001
38,188,4,3,1,0,0.7459124474000001,4,0.4,0,4,0.0,0,4,0,3,0,1,0.0,28311552,1.2000000000000002
38,189,22,19,3,0,4.5666161496,4,0.4,1,21,0.045454545454545456,1,5,0,3,1,2,0.16666666666666666,35389440,1.6
38,190,10,10,0,0,1.4816664024000001,4,0.4,0,10,0.0,0,4,0,4,0,0,0.0,28311552,1.2000000000000002
38,191,6,3,3,0,0.5519634034,2,0.2,1,5,0.16666666666666666,1,3,0,1,1,2,0.25,21233664,0.4
38,194,8,6,2,0,1.230099267,1,0.1,1,7,0.125,1,2,0,1,1,1,0.3333333333333333,14155776,0.1
38,195,9,8,1,0,1.3024912182,5,0.5,0,9,0.0,0,6,0,5,0,1,0.0,42467328,2.5
38,196,1,0,1,0,0.0855613202,1,0.1,0,1,0.0,0,1,0,0,0,1,0.0,7077888,0.0
38,197,12,6,6,2,3.224475294,5,0.5,6,6,0.5,3,6,2,1,1,5,0.3333333333333333,42467328,2.5
38,199,14,11,3,2,2.3136981874,7,0.7,3,11,0.21428571428571427,2,8,1,6,1,2,0.2,56623104,4.8999999999999995
38,202,1,0,1,0,0.110981449,1,0.1,0,1,0.0,0,1,0,0,0,1,0.0,7077888,0.0
38,203,1,0,1,0,0.155624285,1,0.1,0,1,0.0,0,1,0,0,0,1,0.0,7077888,0.0
38,205,4,2,2,0,0.570714757,1,0.1,1,3,0.25,1,2,0,1,1,1,0.3333333333333333,14155776,0.1
38,206,5,2,3,0,1.129379689,1,0.1,2,3,0.4,2,2,0,1,2,1,0.5,14155776,0.1
38,207,7,6,1,0,0.6666102779,3,0.3,0,7,0.0,0,3,0,2,0,1,0.0,21233664,0.6
38,208,1,1,0,0,0.0937826037,1,0.1,0,1,0.0,0,1,0,1,0,0,0.0,7077888,0.0
38,209,2,1,1,0,0.2307095159,2,0.2,0,2,0.0,0,2,0,1,0,1,0.0,14155776,0.2
38,210,4,2,2,0,0.565199457,2,0.2,0,4,0.0,0,4,0,2,0,2,0.0,28311552,0.6000000000000001
38,211,19,15,4,0,1.1848035536500001,10,1.0,5,14,0.2631578947368421,4,10,1,9,3,1,0.2857142857142857,70778880,9.0
38,213,1,1,0,0,0.172290146,1,0.1,0,1,0.0,0,1,0,1,0,0,0.0,7077888,0.0
38,214,2,2,0,0,0.2030116169,2,0.2,0,2,0.0,0,2,0,2,0,0,0.0,14155776,0.2
38,216,1,0,1,0,0.140264124,1,0.1,0,1,0.0,0,1,0,0,0,1,0.0,7077888,0.0
38,217,40,26,14,4,8.511153867999997,10,1.0,19,21,0.475,14,9,3,6,11,3,0.6086956521739131,63700992,8.0
38,218,9,9,0,3,2.670984417,7,0.7,0,9,0.0,0,7,0,7,0,0,0.0,49545216,4.199999999999999
38,219,5,2,3,0,0.59896978,5,0.5,0,5,0.0,0,5,0,2,0,3,0.0,35389440,2.0
38,220,1,1,0,0,0.107982591,1,0.1,0,1,0.0,0,1,0,1,0,0,0.0,7077888,0.0
38,221,9,6,3,0,1.531191334,3,0.3,2,7,0.2222222222222222,2,4,0,3,2,1,0.3333333333333333,28311552,0.8999999999999999
38,224,11,7,4,2,3.5842857950000004,1,0.1,3,8,0.2727272727272727,3,2,0,1,3,1,0.6,14155776,0.1
38,226,1,0,1,0,0.1866934,1,0.1,0,1,0.0,0,1,0,0,0,1,0.0,7077888,0.0
38,227,2,2,0,0,0.2694926265,2,0.2,0,2,0.0,0,2,0,2,0,0,0.0,14155776,0.2
38,228,9,6,3,0,2.125837333,4,0.4,5,4,0.5555555555555556,3,3,2,1,1,2,0.5,21233664,0.8
38,230,8,4,4,0,0.9584698896,4,0.4,2,6,0.25,2,5,0,3,2,2,0.2857142857142857,35389440,1.6
38,233,5,0,5,0,0.5463459049,4,0.4,1,4,0.2,1,4,0,0,1,4,0.2,28311552,1.2000000000000002
38,234,31,10,21,0,3.9851816424,7,0.7,21,10,0.6774193548387096,18,8,1,4,17,4,0.6923076923076923,56623104,4.8999999999999995
38,236,42,28,14,0,6.2619722546,9,0.9,19,23,0.4523809523809524,15,8,3,6,12,2,0.6521739130434783,56623104,6.3
38,237,1,1,0,0,0.200189292,1,0.1,0,1,0.0,0,1,0,1,0,0,0.0,7077888,0.0
38,238,386,229,157,2,119.82403365719998,10,1.0,313,73,0.810880829015544,164,3,7,3,157,0,0.9820359281437125,21233664,2.0
38,239,17,10,7,5,4.899447927,2,0.2,6,11,0.35294117647058826,6,3,0,2,6,1,0.6666666666666666,21233664,0.4
38,240,1,1,0,0,0.093350403,1,0.1,0,1,0.0,0,1,0,1,0,0,0.0,7077888,0.0
38,241,1,1,0,0,0.171599224,1,0.1,0,1,0.0,0,1,0,1,0,0,0.0,7077888,0.0
38,242,4,4,0,0,0.5965719300000001,3,0.3,0,4,0.0,0,3,0,3,0,0,0.0,21233664,0.6
38,245,4,3,1,0,0.50194984,2,0.2,0,4,0.0,0,2,0,1,0,1,0.0,14155776,0.2
38,246,4,4,0,0,0.706288665,2,0.2,0,4,0.0,0,2,0,2,0,0,0.0,14155776,0.2
38,247,1,1,0,0,0.0762000829,1,0.1,0,1,0.0,0,1,0,1,0,0,0.0,7077888,0.0
38,248,1,0,1,0,0.128038272,1,0.1,0,1,0.0,0,1,0,0,0,1,0.0,7077888,0.0
38,249,17,17,0,1,2.06557284937,10,1.0,0,17,0.0,0,10,0,10,0,0,0.0,70778880,9.0
38,250,11,4,7,2,3.197104619,1,0.1,7,4,0.6363636363636364,7,1,0,1,7,0,0.875,7077888,0.0
38,252,5,3,2,0,0.5802140537,3,0.3,1,4,0.2,1,3,0,2,1,1,0.25,21233664,0.6
38,253,23,12,11,4,6.8556340648,10,1.0,9,14,0.391304347826087,8,12,1,8,7,4,0.4,84934656,11.0
38,254,4,3,1,0,0.77862528,1,0.1,0,4,0.0,0,2,0,1,0,1,0.0,14155776,0.1
38,255,12,7,5,0,2.698252171,3,0.3,2,10,0.16666666666666666,2,5,0,2,2,3,0.2857142857142857,35389440,1.2
39,0,8,5,3,1,1.4336821069999999,5,0.5,2,6,0.25,2,5,1,3,1,2,0.2857142857142857,35389440,2.0
39,1,2,1,1,0,0.43863222,1,0.1,0,2,0.0,0,2,0,1,0,1,0.0,14155776,0.1
39,2,1,1,0,0,0.195596546,1,0.1,0,1,0.0,0,1,0,1,0,0,0.0,7077888,0.0
39,3,22,14,8,0,3.8952713237000003,7,0.7,6,16,0.2727272727272727,5,10,1,6,4,4,0.3333333333333333,70778880,6.3
39,5,5,0,5,0,0.726170854,2,0.2,3,2,0.6,3,2,0,0,3,2,0.6,14155776,0.2
39,6,15,8,7,0,2.5680984265,4,0.4,4,11,0.26666666666666666,4,5,0,2,4,3,0.4444444444444444,35389440,1.6
39,7,20,13,7,0,2.0498393996,10,1.0,6,14,0.3,6,11,2,8,4,3,0.35294117647058826,77856768,10.0
39,10,1,0,1,0,0.141648024,1,0.1,0,1,0.0,0,1,0,0,0,1,0.0,7077888,0.0
39,11,3,2,1,0,0.440863684,2,0.2,1,2,0.3333333333333333,1,2,1,1,0,1,0.3333333333333333,14155776,0.2
39,13,3,3,0,0,0.876928225,3,0.3,0,3,0.0,0,3,0,3,0,0,0.0,21233664,0.6
39,14,4,3,1,1,0.912948624,3,0.3,0,4,0.0,0,4,0,3,0,1,0.0,28311552,0.8999999999999999
39,15,3,1,2,0,0.754864961,1,0.1,1,2,0.3333333333333333,1,2,0,1,1,1,0.3333333333333333,14155776,0.1
39,16,5,5,0,0,0.971132845,2,0.2,0,5,0.0,0,2,0,2,0,0,0.0,14155776,0.2
39,18,2,1,1,1,0.603664592,2,0.2,0,2,0.0,0,2,0,1,0,1,0.0,14155776,0.2
39,19,3,3,0,0,0.6862955980000001,2,0.2,0,3,0.0,0,2,0,2,0,0,0.0,14155776,0.2
39,22,2,1,1,0,0.2383919581,2,0.2,0,2,0.0,0,2,0,1,0,1,0.0,14155776,0.2
39,23,4,4,0,0,0.38615098579999996,3,0.3,0,4,0.0,0,3,0,3,0,0,0.0,21233664,0.6
39,24,1,0,1,0,0.212772101,1,0.1,0,1,0.0,0,1,0,0,0,1,0.0,7077888,0.0
39,25,1,0,1,0,0.0705924109,1,0.1,0,1,0.0,0,1,0,0,0,1,0.0,7077888,0.0
39,26,7,7,0,1,1.668301136,4,0.4,0,7,0.0,0,4,0,4,0,0,0.0,28311552,1.2000000000000002
39,28,20,14,6,1,4.4352974915,9,0.9,6,14,0.3,4,11,3,6,1,5,0.26666666666666666,77856768,9.0
39,29,28,19,9,11,8.518413398000003,10,1.0,11,17,0.39285714285714285,8,11,3,7,5,4,0.42105263157894735,77856768,10.0
39,30,2,0,2,0,0.620440811,1,0.1,1,1,0.5,1,1,0,0,1,1,0.5,7077888,0.0
39,31,6,2,4,0,1.0272759489999999,2,0.2,3,3,0.5,3,3,0,2,3,1,0.5,21233664,0.4
39,32,1,0,1,0,0.200315192,1,0.1,0,1,0.0,0,1,0,0,0,1,0.0,7077888,0.0
39,33,6,3,3,2,1.5813293988000001,4,0.4,1,5,0.16666666666666666,1,5,1,2,0,3,0.16666666666666666,35389440,1.6
39,34,20,9,11,0,3.4072770540999997,6,0.6,7,13,0.35,7,8,0,4,7,4,0.4666666666666667,56623104,4.2
39,35,1,0,1,0,0.0771537125,1,0.1,0,1,0.0,0,1,0,0,0,1,0.0,7077888,0.0
39,37,4,4,0,0,0.642347262,2,0.2,0,4,0.0,0,2,0,2,0,0,0.0,14155776,0.2
39,38,5,5,0,0,0.920526102,4,0.4,0,5,0.0,0,4,0,4,0,0,0.0,28311552,1.2000000000000002
39,39,1,1,0,0,0.228327736,1,0.1,0,1,0.0,0,1,0,1,0,0,0.0,7077888,0.0
39,41,4,4,0,1,1.073398158,3,0.3,0,4,0.0,0,3,0,3,0,0,0.0,21233664,0.6
39,42,8,6,2,0,1.1778505671,5,0.5,1,7,0.125,1,6,0,5,1,1,0.14285714285714285,42467328,2.5
39,43,1,0,1,0,0.289812803,1,0.1,0,1,0.0,0,1,0,0,0,1,0.0,7077888,0.0
39,46,3,1,2,0,0.3083182424,3,0.3,0,3,0.0,0,3,0,1,0,2,0.0,21233664,0.6
39,47,4,3,1,0,0.756458253,3,0.3,0,4,0.0,0,3,0,2,0,1,0.0,21233664,0.6
39,49,3,0,3,0,0.449341722,3,0.3,0,3,0.0,0,3,0,0,0,3,0.0,21233664,0.6
39,50,2,1,1,0,0.251428529,2,0.2,0,2,0.0,0,2,0,1,0,1,0.0,14155776,0.2
39,52,15,9,6,0,2.4862644369999995,8,0.8,2,13,0.13333333333333333,2,10,0,6,2,4,0.16666666666666666,70778880,7.2
39,54,1,0,1,0,0.115620345,1,0.1,0,1,0.0,0,1,0,0,0,1,0.0,7077888,0.0
39,55,6,3,3,0,0.9045995401000001,3,0.3,1,5,0.16666666666666666,1,5,0,3,1,2,0.16666666666666666,35389440,1.2
39,56,3,1,2,0,0.522236988,1,0.1,1,2,0.3333333333333333,1,2,0,1,1,1,0.3333333333333333,14155776,0.1
39,57,4,3,1,1,0.798427284,3,0.3,0,4,0.0,0,3,0,2,0,1,0.0,21233664,0.6
39,59,7,5,2,0,1.0722586499999998,4,0.4,1,6,0.14285714285714285,1,4,0,3,1,1,0.2,28311552,1.2000000000000002
39,60,2,1,1,0,0.387509376,2,0.2,0,2,0.0,0,2,0,1,0,1,0.0,14155776,0.2
39,61,12,9,3,6,3.8738652542999996,7,0.7,0,12,0.0,0,10,0,7,0,3,0.0,70778880,6.3
39,64,11,10,1,0,0.3952954526,10,1.0,0,11,0.0,0,11,0,10,0,1,0.0,77856768,10.0
39,65,11,7,4,0,1.6436226799000002,4,0.4,1,10,0.09090909090909091,1,7,0,4,1,3,0.125,49545216,2.4000000000000004
39,66,318,180,138,100,95.75744449200005,10,1.0,260,58,0.8176100628930818,145,3,7,3,138,0,0.9797297297297297,21233664,2.0
39,67,1,0,1,0,0.151064456,1,0.1,0,1,0.0,0,1,0,0,0,1,0.0,7077888,0.0
39,70,2,2,0,0,0.5883933,1,0.1,0,2,0.0,0,1,0,1,0,0,0.0,7077888,0.0
39,71,2,1,1,0,0.362809926,2,0.2,0,2,0.0,0,2,0,1,0,1,0.0,14155776,0.2
39,73,1,0,1,1,0.334729046,1,0.1,0,1,0.0,0,1,0,0,0,1,0.0,7077888,0.0
39,74,58,26,32,23,19.2535428486,10,1.0,44,14,0.7586206896551724,33,9,5,5,28,4,0.7857142857142857,63700992,8.0
39,75,9,4,5,0,2.118512914,5,0.5,1,8,0.1111111111111111,1,7,0,3,1,4,0.125,49545216,3.0
39,77,1,1,0,0,0.122209638,1,0.1,0,1,0.0,0,1,0,1,0,0,0.0,7077888,0.0
39,79,5,3,2,0,0.7887254953,3,0.3,0,5,0.0,0,4,0,2,0,2,0.0,28311552,0.8999999999999999
39,81,3,2,1,0,0.43817020900000003,3,0.3,0,3,0.0,0,3,0,2,0,1,0.0,21233664,0.6
39,82,4,1,3,1,0.9627127789999999,2,0.2,1,3,0.25,1,3,0,1,1,2,0.25,21233664,0.4
39,83,1,1,0,0,0.107659802,1,0.1,0,1,0.0,0,1,0,1,0,0,0.0,7077888,0.0
39,85,6,3,3,0,0.8181152049,4,0.4,2,4,0.3333333333333333,2,4,0,3,2,1,0.3333333333333333,28311552,1.2000000000000002
39,89,14,14,0,0,1.1166568104000003,10,1.0,0,14,0.0,0,10,0,10,0,0,0.0,70778880,9.0
39,90,1,0,1,1,0.479780585,1,0.1,0,1,0.0,0,1,0,0,0,1,0.0,7077888,0.0
39,91,1,0,1,0,0.11251758,1,0.1,0,1,0.0,0,1,0,0,0,1,0.0,7077888,0.0
39,92,1,1,0,0,0.113917157,1,0.1,0,1,0.0,0,1,0,1,0,0,0.0,7077888,0.0
39,93,2,1,1,0,0.339427873,2,0.2,0,2,0.0,0,2,0,1,0,1,0.0,14155776,0.2
39,95,1,0,1,0,0.146863848,1,0.1,0,1,0.0,0,1,0,0,0,1,0.0,7077888,0.0
39,96,2,1,1,0,0.23841789400000002,2,0.2,0,2,0.0,0,2,0,1,0,1,0.0,14155776,0.2
39,98,7,2,5,0,1.4910214258,3,0.3,1,6,0.14285714285714285,1,6,1,1,0,5,0.14285714285714285,42467328,1.5
39,99,3,0,3,0,0.726921856,1,0.1,2,1,0.6666666666666666,2,1,0,0,2,1,0.6666666666666666,7077888,0.0
39,101,2,2,0,0,0.506367296,2,0.2,0,2,0.0,0,2,0,2,0,0,0.0,14155776,0.2
39,102,4,2,2,0,0.5494376869,4,0.4,2,2,0.5,2,2,2,0,0,2,0.5,14155776,0.4
39,109,3,1,2,0,0.718778059,2,0.2,1,2,0.3333333333333333,1,2,0,1,1,1,0.3333333333333333,14155776,0.2
39,111,249,149,100,15,65.59080880089998,10,1.0,202,47,0.8112449799196787,106,4,7,3,99,1,0.9636363636363636,28311552,3.0
39,112,7,4,3,0,1.0397131889999998,7,0.7,0,7,0.0,0,7,0,4,0,3,0.0,49545216,4.199999999999999
39,113,1,1,0,0,0.092942901,1,0.1,0,1,0.0,0,1,0,1,0,0,0.0,7077888,0.0
39,114,6,4,2,3,2.2679859400000004,3,0.3,1,5,0.16666666666666666,1,4,0,3,1,1,0.2,28311552,0.8999999999999999
39,115,5,1,4,0,1.11219138,3,0.3,2,3,0.4,2,3,0,1,2,2,0.4,21233664,0.6
39,116,1,1,0,0,0.142968118,1,0.1,0,1,0.0,0,1,0,1,0,0,0.0,7077888,0.0
39,117,13,2,11,1,2.815168665,8,0.8,4,9,0.3076923076923077,4,9,1,1,3,8,0.3076923076923077,63700992,6.4
39,119,2,0,2,0,0.22422614600000002,1,0.1,1,1,0.5,1,1,0,0,1,1,0.5,7077888,0.0
39,121,49,47,2,0,9.210076445000002,10,1.0,11,38,0.22448979591836735,3,9,2,8,1,1,0.25,63700992,8.0
39,123,16,7,9,0,2.5531602193000005,3,0.3,7,9,0.4375,7,4,0,2,7,2,0.6363636363636364,28311552,0.8999999999999999
39,125,44,18,26,0,8.3859770753,5,0.5,37,7,0.8409090909090909,26,4,3,1,23,3,0.8666666666666667,28311552,1.5
39,126,4,1,3,0,0.732793377,3,0.3,1,3,0.25,1,3,0,1,1,2,0.25,21233664,0.6
39,127,8,7,1,0,1.796823502,4,0.4,0,8,0.0,0,5,0,4,0,1,0.0,35389440,1.6
39,129,27,9,18,0,4.162638409999999,3,0.3,16,11,0.5925925925925926,16,5,1,2,15,3,0.7619047619047619,35389440,1.2
39,131,19,19,0,0,2.1576417188000003,10,1.0,0,19,0.0,0,10,0,10,0,0,0.0,70778880,9.0
39,132,2,0,2,0,0.319780693,2,0.2,0,2,0.0,0,2,0,0,0,2,0.0,14155776,0.2
39,133,1,0,1,0,0.167983279,1,0.1,0,1,0.0,0,1,0,0,0,1,0.0,7077888,0.0
39,134,16,11,5,2,3.9585754429999995,7,0.7,7,9,0.4375,3,7,2,3,1,4,0.3,49545216,4.199999999999999
39,137,1,1,0,0,0.131688312,1,0.1,0,1,0.0,0,1,0,1,0,0,0.0,7077888,0.0
39,139,5,4,1,0,0.5643425352,3,0.3,0,5,0.0,0,4,0,3,0,1,0.0,28311552,0.8999999999999999
39,140,2,1,1,0,0.531562596,2,0.2,0,2,0.0,0,2,0,1,0,1,0.0,14155776,0.2
39,142,2,1,1,0,0.292431332,2,0.2,0,2,0.0,0,2,0,1,0,1,0.0,14155776,0.2
39,144,1,1,0,0,0.171113193,1,0.1,0,1,0.0,0,1,0,1,0,0,0.0,7077888,0.0
39,147,14,3,11,1,3.0661844238000002,4,0.4,6,8,0.42857142857142855,6,6,0,1,6,5,0.5,42467328,2.0
39,148,2,0,2,0,0.41858223,1,0.1,1,1,0.5,1,1,0,0,1,1,0.5,7077888,0.0
39,149,4,2,2,0,0.45431175840000004,4,0.4,1,3,0.25,1,3,1,1,0,2,0.25,21233664,0.8
39,150,5,1,4,0,0.6703967150000001,5,0.5,0,5,0.0,0,5,0,1,0,4,0.0,35389440,2.0
39,155,9,5,4,0,1.955931514,2,0.2,3,6,0.3333333333333333,3,2,0,1,3,1,0.6,14155776,0.2
39,156,1,0,1,0,0.107361481,1,0.1,0,1,0.0,0,1,0,0,0,1,0.0,7077888,0.0
39,157,78,49,29,7,18.070269145299996,9,0.9,39,39,0.5,30,8,4,5,26,3,0.7894736842105263,56623104,6.3
39,158,3,1,2,0,0.4722002151,3,0.3,0,3,0.0,0,3,0,1,0,2,0.0,21233664,0.6
39,159,1,0,1,0,0.192627698,1,0.1,0,1,0.0,0,1,0,0,0,1,0.0,7077888,0.0
39,161,4,0,4,0,0.6937885579999999,1,0.1,3,1,0.75,3,1,0,0,3,1,0.75,7077888,0.0
39,162,2,0,2,0,0.2243235409,2,0.2,0,2,0.0,0,2,0,0,0,2,0.0,14155776,0.2
39,165,15,10,5,4,4.026221186,6,0.6,3,12,0.2,3,8,0,6,3,2,0.2727272727272727,56623104,4.2
39,166,7,3,4,0,1.0753957036,3,0.3,3,4,0.42857142857142855,3,4,0,3,3,1,0.42857142857142855,28311552,0.8999999999999999
39,168,8,5,3,0,1.6420698183,6,0.6,0,8,0.0,0,8,0,5,0,3,0.0,56623104,4.2
39,170,3,3,0,0,0.564076662,3,0.3,0,3,0.0,0,3,0,3,0,0,0.0,21233664,0.6
39,171,31,16,15,5,8.3015126805,8,0.8,16,15,0.5161290322580645,13,9,2,5,11,4,0.5909090909090909,63700992,6.4
39,172,3,2,1,0,0.34304286540000006,2,0.2,0,3,0.0,0,2,0,1,0,1,0.0,14155776,0.2
39,173,1,1,0,1,0.349377632,1,0.1,0,1,0.0,0,1,0,1,0,0,0.0,7077888,0.0
39,175,43,17,26,7,10.0864971162,1,0.1,26,17,0.6046511627906976,26,1,0,1,26,0,0.9629629629629629,7077888,0.0
39,176,10,7,3,0,1.1618918626999999,7,0.7,1,9,0.1,1,7,1,4,0,3,0.125,49545216,4.199999999999999
39,177,28,14,14,2,6.338060379999999,8,0.8,13,15,0.4642857142857143,12,9,3,4,9,5,0.5714285714285714,63700992,6.4
39,178,401,233,168,125,121.57166656340002,10,1.0,383,18,0.9551122194513716,176,2,9,1,167,1,0.9887640449438202,14155776,1.0
39,179,1,0,1,0,0.125572309,1,0.1,0,1,0.0,0,1,0,0,0,1,0.0,7077888,0.0
39,180,2,2,0,0,0.35398052700000004,2,0.2,0,2,0.0,0,2,0,2,0,0,0.0,14155776,0.2
39,181,2,0,2,0,0.391253322,1,0.1,1,1,0.5,1,1,0,0,1,1,0.5,7077888,0.0
39,182,2,1,1,0,0.24465589199999999,2,0.2,0,2,0.0,0,2,0,1,0,1,0.0,14155776,0.2
39,183,32,31,1,12,9.4424408941,10,1.0,4,28,0.125,2,9,1,9,1,0,0.18181818181818182,63700992,8.0
39,184,15,10,5,0,2.645436107,7,0.7,7,8,0.4666666666666667,4,8,3,4,1,4,0.3333333333333333,56623104,4.8999999999999995
39,185,8,4,4,0,1.364650457,5,0.5,2,6,0.25,2,6,0,4,2,2,0.25,42467328,2.5
39,186,4,4,0,0,0.685670986,2,0.2,0,4,0.0,0,2,0,2,0,0,0.0,14155776,0.2
39,190,16,15,1,0,2.840608746799999,6,0.6,0,16,0.0,0,7,0,6,0,1,0.0,49545216,3.5999999999999996
39,191,1,1,0,0,0.266409993,1,0.1,0,1,0.0,0,1,0,1,0,0,0.0,7077888,0.0
39,193,1,1,0,0,0.0951532125,1,0.1,0,1,0.0,0,1,0,1,0,0,0.0,7077888,0.0
39,194,5,3,2,1,1.0415788967,5,0.5,1,4,0.2,1,4,1,2,0,2,0.2,28311552,1.5
39,195,5,3,2,0,0.5159353579,4,0.4,0,5,0.0,0,4,0,2,0,2,0.0,28311552,1.2000000000000002
39,197,3,2,1,0,0.544478208,2,0.2,0,3,0.0,0,2,0,1,0,1,0.0,14155776,0.2
39,198,2,0,2,0,0.36035655499999997,2,0.2,0,2,0.0,0,2,0,0,0,2,0.0,14155776,0.2
39,199,1,0,1,0,0.18218331,1,0.1,0,1,0.0,0,1,0,0,0,1,0.0,7077888,0.0
39,200,21,15,6,7,6.492310837000001,9,0.9,5,16,0.23809523809523808,5,9,2,6,3,3,0.35714285714285715,63700992,7.2
39,201,1,0,1,0,0.144642457,1,0.1,0,1,0.0,0,1,0,0,0,1,0.0,7077888,0.0
39,202,199,113,86,31,49.44254596229999,10,1.0,169,30,0.8492462311557789,94,2,8,2,86,0,0.9791666666666666,14155776,1.0
39,203,4,2,2,0,1.2189440440000001,3,0.3,0,4,0.0,0,4,0,2,0,2,0.0,28311552,0.8999999999999999
39,204,1,1,0,0,0.476555765,1,0.1,0,1,0.0,0,1,0,1,0,0,0.0,7077888,0.0
39,206,1,1,0,0,0.0792812407,1,0.1,0,1,0.0,0,1,0,1,0,0,0.0,7077888,0.0
39,208,19,12,7,6,5.2188923811,8,0.8,11,8,0.5789473684210527,7,7,3,4,4,3,0.5,49545216,4.800000000000001
39,209,7,0,7,0,1.324914737,1,0.1,6,1,0.8571428571428571,6,1,0,0,6,1,0.8571428571428571,7077888,0.0
39,211,1,0,1,0,0.152334332,1,0.1,0,1,0.0,0,1,0,0,0,1,0.0,7077888,0.0
39,212,2,2,0,0,0.363214343,1,0.1,0,2,0.0,0,1,0,1,0,0,0.0,7077888,0.0
39,215,1,0,1,0,0.182633281,1,0.1,0,1,0.0,0,1,0,0,0,1,0.0,7077888,0.0
39,216,2,1,1,0,0.21874661750000002,2,0.2,0,2,0.0,0,2,0,1,0,1,0.0,14155776,0.2
39,217,84,53,31,1,15.895052308,10,1.0,59,25,0.7023809523809523,30,11,7,3,23,8,0.7317073170731707,77856768,10.0
39,218,6,2,4,0,0.9131703081999999,1,0.1,3,3,0.5,3,2,0,1,3,1,0.6,14155776,0.1
39,219,3,2,1,0,0.43158421,3,0.3,0,3,0.0,0,3,0,2,0,1,0.0,21233664,0.6
39,220,4,3,1,1,0.9931146799999999,3,0.3,0,4,0.0,0,4,0,3,0,1,0.0,28311552,0.8999999999999999
39,221,84,52,32,35,27.599439377,10,1.0,62,22,0.7380952380952381,32,10,8,2,24,8,0.7619047619047619,70778880,9.0
39,222,3,1,2,0,0.6216827189999999,2,0.2,0,3,0.0,0,3,0,1,0,2,0.0,21233664,0.4
39,223,25,17,8,0,4.786641283,4,0.4,8,17,0.32,8,4,0,4,8,0,0.6666666666666666,28311552,1.2000000000000002
39,224,1,0,1,0,0.124100648,1,0.1,0,1,0.0,0,1,0,0,0,1,0.0,7077888,0.0
39,225,1,0,1,0,0.162323922,1,0.1,0,1,0.0,0,1,0,0,0,1,0.0,7077888,0.0
39,226,1,1,0,0,0.34906441,1,0.1,0,1,0.0,0,1,0,1,0,0,0.0,7077888,0.0
39,227,9,4,5,1,2.1916552040000004,6,0.6,2,7,0.2222222222222222,2,6,1,2,1,4,0.25,42467328,3.0
39,228,30,23,7,12,18.137532379099998,10,1.0,7,23,0.23333333333333334,7,10,2,8,5,2,0.4117647058823529,70778880,9.0
39,229,20,15,5,0,4.416216953999999,2,0.2,4,16,0.2,4,3,0,2,4,1,0.5714285714285714,21233664,0.4
39,230,2,2,0,0,0.291120053,1,0.1,0,2,0.0,0,1,0,1,0,0,0.0,7077888,0.0
39,232,2,1,1,0,0.27882239200000003,2,0.2,1,1,0.5,1,1,1,0,0,1,0.5,7077888,0.0
39,233,21,13,8,8,7.7810865941,7,0.7,14,7,0.6666666666666666,7,7,4,2,3,5,0.5,49545216,4.199999999999999
39,234,21,12,9,3,4.677225458,9,0.9,7,14,0.3333333333333333,6,11,1,7,5,4,0.35294117647058826,77856768,9.0
39,235,1,0,1,0,0.136880845,1,0.1,0,1,0.0,0,1,0,0,0,1,0.0,7077888,0.0
39,237,2,2,0,0,0.2464080674,2,0.2,0,2,0.0,0,2,0,2,0,0,0.0,14155776,0.2
39,238,3,2,1,0,0.48053997039999996,2,0.2,0,3,0.0,0,3,0,2,0,1,0.0,21233664,0.4
39,239,2,2,0,0,0.27473709,2,0.2,0,2,0.0,0,2,0,2,0,0,0.0,14155776,0.2
39,240,7,2,5,0,1.2990732952,4,0.4,1,6,0.14285714285714285,1,5,0,1,1,4,0.16666666666666666,35389440,1.6
39,241,2,0,2,0,0.500421554,1,0.1,1,1,0.5,1,1,0,0,1,1,0.5,7077888,0.0
39,242,21,15,6,4,6.089791522,8,0.8,9,12,0.42857142857142855,6,7,2,5,4,2,0.46153846153846156,49545216,4.800000000000001
39,243,48,45,3,0,8.309282853000001,10,1.0,13,35,0.2708333333333333,5,8,3,7,2,1,0.38461538461538464,56623104,7.0
39,244,4,0,4,0,0.6479313520000001,2,0.2,1,3,0.25,1,3,0,0,1,3,0.25,21233664,0.4
39,246,1,1,0,0,0.181427509,1,0.1,0,1,0.0,0,1,0,1,0,0,0.0,7077888,0.0
39,247,3,3,0,0,0.332304553,3,0.3,0,3,0.0,0,3,0,3,0,0,0.0,21233664,0.6
39,248,3,3,0,0,0.3144701273,2,0.2,0,3,0.0,0,2,0,2,0,0,0.0,14155776,0.2
39,250,3,1,2,0,0.641261875,2,0.2,2,1,0.6666666666666666,2,1,1,0,1,1,0.6666666666666666,7077888,0.0
39,252,8,5,3,2,1.888193711,5,0.5,1,7,0.125,1,6,0,4,1,2,0.14285714285714285,42467328,2.5
39,254,1,1,0,0,0.102623753,1,0.1,0,1,0.0,0,1,0,1,0,0,0.0,7077888,0.0
40,1,4,2,2,0,0.792580769,2,0.2,1,3,0.25,1,2,0,1,1,1,0.3333333333333333,14155776,0.2
40,3,2,1,1,0,0.2111626492,2,0.2,0,2,0.0,0,2,0,1,0,1,0.0,14155776,0.2
40,4,1,1,0,0,0.235548705,1,0.1,0,1,0.0,0,1,0,1,0,0,0.0,7077888,0.0
40,5,5,3,2,0,1.119497642,3,0.3,0,5,0.0,0,4,0,2,0,2,0.0,28311552,0.8999999999999999
40,7,75,73,2,1,12.9725692266,10,1.0,21,54,0.28,4,8,2,8,2,0,0.3333333333333333,56623104,7.0
40,8,2,2,0,0,0.232395723,1,0.1,0,2,0.0,0,1,0,1,0,0,0.0,7077888,0.0
40,11,1,0,1,0,0.133043379,1,0.1,0,1,0.0,0,1,0,0,0,1,0.0,7077888,0.0
40,14,4,2,2,0,0.769204497,2,0.2,1,3,0.25,1,3,0,2,1,1,0.25,21233664,0.4
40,15,1,0,1,0,0.0947519243,1,0.1,0,1,0.0,0,1,0,0,0,1,0.0,7077888,0.0
40,17,1,1,0,0,0.143932521,1,0.1,0,1,0.0,0,1,0,1,0,0,0.0,7077888,0.0
40,18,5,5,0,0,0.7211654861,4,0.4,0,5,0.0,0,4,0,4,0,0,0.0,28311552,1.2000000000000002
40,19,4,0,4,1,1.0494982750000001,2,0.2,2,2,0.5,2,2,0,0,2,2,0.5,14155776,0.2
40,20,3,0,3,0,0.29780987659999997,1,0.1,2,1,0.6666666666666666,2,1,0,0,2,1,0.6666666666666666,7077888,0.0
40,21,1,1,0,0,0.211543679,1,0.1,0,1,0.0,0,1,0,1,0,0,0.0,7077888,0.0
40,22,20,12,8,0,3.733911520800001,3,0.3,7,13,0.35,7,4,0,3,7,1,0.6363636363636364,28311552,0.8999999999999999
40,23,31,23,8,0,6.165834911499998,9,0.9,16,15,0.5161290322580645,10,7,4,5,6,2,0.5882352941176471,49545216,5.4
40,25,6,4,2,0,0.6161763819,3,0.3,1,5,0.16666666666666666,1,4,0,3,1,1,0.2,28311552,0.8999999999999999
40,26,412,237,175,366,183.98534268100025,10,1.0,393,19,0.9538834951456311,183,2,9,1,174,1,0.9891891891891892,14155776,1.0
40,27,30,9,21,0,5.955499440000001,3,0.3,28,2,0.9333333333333333,21,2,1,1,20,1,0.9130434782608695,14155776,0.3
40,28,21,10,11,1,5.012389465000001,2,0.2,11,10,0.5238095238095238,11,2,0,2,11,0,0.8461538461538461,14155776,0.2
40,29,18,12,6,10,15.494541452999998,10,1.0,8,10,0.4444444444444444,7,9,2,8,5,1,0.4375,63700992,8.0
40,32,7,0,7,0,0.7796045839999999,2,0.2,5,2,0.7142857142857143,5,2,0,0,5,2,0.7142857142857143,14155776,0.2
40,33,23,23,0,1,3.864755986900001,10,1.0,4,19,0.17391304347826086,2,8,2,8,0,0,0.2,56623104,7.0
40,34,10,10,0,0,0.8793346434,10,1.0,0,10,0.0,0,10,0,10,0,0,0.0,70778880,9.0
40,35,5,1,4,0,0.7071832270999999,3,0.3,2,3,0.4,2,3,0,1,2,2,0.4,21233664,0.6
40,36,4,3,1,1,0.960894749,4,0.4,0,4,0.0,0,4,0,3,0,1,0.0,28311552,1.2000000000000002
40,37,1,0,1,0,0.16842559,1,0.1,0,1,0.0,0,1,0,0,0,1,0.0,7077888,0.0
40,38,1,1,0,0,0.104976833,1,0.1,0,1,0.0,0,1,0,1,0,0,0.0,7077888,0.0
40,39,17,7,10,0,3.8990562720999993,6,0.6,8,9,0.47058823529411764,8,6,0,4,8,2,0.5714285714285714,42467328,3.0
40,42,2,0,2,0,0.25418421599999996,2,0.2,0,2,0.0,0,2,0,0,0,2,0.0,14155776,0.2
40,43,1,0,1,0,0.120405145,1,0.1,0,1,0.0,0,1,0,0,0,1,0.0,7077888,0.0
40,45,2,2,0,0,0.336016491,2,0.2,0,2,0.0,0,2,0,2,0,0,0.0,14155776,0.2
40,46,16,9,7,0,4.198912985,2,0.2,7,9,0.4375,7,2,1,1,6,1,0.7777777777777778,14155776,0.2
40,47,1,1,0,1,0.376497835,1,0.1,0,1,0.0,0,1,0,1,0,0,0.0,7077888,0.0
40,48,24,4,20,3,6.078750251,9,0.9,15,9,0.625,14,9,2,1,12,8,0.6086956521739131,63700992,7.2
40,49,3,0,3,2,1.262507648,1,0.1,2,1,0.6666666666666666,2,1,0,0,2,1,0.6666666666666666,7077888,0.0
40,50,2,1,1,0,0.2203046081,1,0.1,0,2,0.0,0,2,0,1,0,1,0.0,14155776,0.1
40,52,2,1,1,1,0.607369245,1,0.1,0,2,0.0,0,2,0,1,0,1,0.0,14155776,0.1
40,54,8,7,1,0,1.1884843262,3,0.3,5,3,0.625,1,3,1,2,0,1,0.25,21233664,0.6
40,56,3,3,0,0,0.465378136,2,0.2,0,3,0.0,0,2,0,2,0,0,0.0,14155776,0.2
40,57,22,19,3,5,5.607394342600001,3,0.3,3,19,0.13636363636363635,3,3,0,3,3,0,0.5,21233664,0.6
40,59,4,4,0,0,0.72165312,1,0.1,0,4,0.0,0,1,0,1,0,0,0.0,7077888,0.0
40,60,4,4,0,0,1.2373614609999999,3,0.3,0,4,0.0,0,3,0,3,0,0,0.0,21233664,0.6
40,62,18,9,9,0,2.5987794268999993,7,0.7,10,8,0.5555555555555556,9,6,2,4,7,2,0.6,42467328,3.5
40,63,1,0,1,0,0.121028043,1,0.1,0,1,0.0,0,1,0,0,0,1,0.0,7077888,0.0
40,69,3,3,0,0,0.61095322,3,0.3,0,3,0.0,0,3,0,3,0,0,0.0,21233664,0.6
40,70,3,2,1,0,0.3749783781,1,0.1,0,3,0.0,0,2,0,1,0,1,0.0,14155776,0.1
40,72,12,6,6,0,1.8051120330000001,4,0.4,7,5,0.5833333333333334,5,3,1,1,4,2,0.625,21233664,0.8
40,73,4,4,0,0,0.793860398,3,0.3,0,4,0.0,0,3,0,3,0,0,0.0,21233664,0.6
40,74,7,1,6,0,0.7177296948,3,0.3,3,4,0.42857142857142855,3,4,0,1,3,3,0.42857142857142855,28311552,0.8999999999999999
40,75,6,6,0,0,1.0148030071,1,0.1,0,6,0.0,0,1,0,1,0,0,0.0,7077888,0.0
40,76,5,2,3,0,0.7621889580000001,2,0.2,2,3,0.4,2,2,0,1,2,1,0.5,14155776,0.2
40,78,5,1,4,0,1.013197542,4,0.4,0,5,0.0,0,5,0,1,0,4,0.0,35389440,1.6
40,80,1,1,0,0,0.108885452,1,0.1,0,1,0.0,0,1,0,1,0,0,0.0,7077888,0.0
40,82,1,1,0,0,0.145744488,1,0.1,0,1,0.0,0,1,0,1,0,0,0.0,7077888,0.0
40,83,2,0,2,0,0.34298644899999997,2,0.2,0,2,0.0,0,2,0,0,0,2,0.0,14155776,0.2
40,86,3,2,1,0,0.448261992,1,0.1,0,3,0.0,0,2,0,1,0,1,0.0,14155776,0.1
40,87,1,1,0,0,0.186987191,1,0.1,0,1,0.0,0,1,0,1,0,0,0.0,7077888,0.0
40,88,1,0,1,0,0.266268909,1,0.1,0,1,0.0,0,1,0,0,0,1,0.0,7077888,0.0
40,92,3,1,2,0,0.2840638606,2,0.2,1,2,0.3333333333333333,1,2,0,1,1,1,0.3333333333333333,14155776,0.2
40,93,2,1,1,0,0.252901927,2,0.2,0,2,0.0,0,2,0,1,0,1,0.0,14155776,0.2
40,94,1,1,0,0,0.167883962,1,0.1,0,1,0.0,0,1,0,1,0,0,0.0,7077888,0.0
40,96,1,0,1,0,0.0960369259,1,0.1,0,1,0.0,0,1,0,0,0,1,0.0,7077888,0.0
40,97,1,1,0,0,0.0791179165,1,0.1,0,1,0.0,0,1,0,1,0,0,0.0,7077888,0.0
40,99,4,2,2,0,0.5724390807999999,4,0.4,0,4,0.0,0,4,0,2,0,2,0.0,28311552,1.2000000000000002
40,100,5,1,4,0,0.4674383627,3,0.3,2,3,0.4,2,3,0,1,2,2,0.4,21233664,0.6
40,104,96,89,7,16,23.470472837499997,10,1.0,39,57,0.40625,9,8,4,6,5,2,0.5294117647058824,56623104,7.0
40,105,15,3,12,0,1.6394822378999998,4,0.4,10,5,0.6666666666666666,10,4,1,1,9,3,0.7142857142857143,28311552,1.2000000000000002
40,106,1,1,0,0,0.106979258,1,0.1,0,1,0.0,0,1,0,1,0,0,0.0,7077888,0.0
40,107,4,1,3,1,0.9086778611999999,4,0.4,0,4,0.0,0,4,0,1,0,3,0.0,28311552,1.2000000000000002
40,109,23,15,8,0,4.4938267622,4,0.4,9,14,0.391304347826087,9,3,1,3,8,0,0.75,21233664,0.8
40,110,1,1,0,0,0.122509338,1,0.1,0,1,0.0,0,1,0,1,0,0,0.0,7077888,0.0
40,112,5,2,3,0,0.6772751808999999,4,0.4,1,4,0.2,1,4,0,2,1,2,0.2,28311552,1.2000000000000002
40,113,2,2,0,0,0.23953835699999998,2,0.2,0,2,0.0,0,2,0,2,0,0,0.0,14155776,0.2
40,114,3,2,1,0,0.41580495289999997,3,0.3,0,3,0.0,0,3,0,2,0,1,0.0,21233664,0.6
40,117,377,210,167,0,87.99225895260003,10,1.0,326,51,0.8647214854111406,175,2,8,2,167,0,0.9887005649717514,14155776,1.0
40,118,2,1,1,0,0.22897642099999999,2,0.2,0,2,0.0,0,2,0,1,0,1,0.0,14155776,0.2
40,119,1,0,1,0,0.127387077,1,0.1,0,1,0.0,0,1,0,0,0,1,0.0,7077888,0.0
40,121,1,0,1,0,0.0832045451,1,0.1,0,1,0.0,0,1,0,0,0,1,0.0,7077888,0.0
40,122,6,5,1,0,1.082470648,3,0.3,2,4,0.3333333333333333,1,3,1,2,0,1,0.25,21233664,0.6
40,124,12,10,2,0,0.3076800987,10,1.0,4,8,0.3333333333333333,4,8,3,7,1,1,0.3333333333333333,56623104,7.0
40,126,2,1,1,0,0.382454455,2,0.2,0,2,0.0,0,2,0,1,0,1,0.0,14155776,0.2
40,128,1,1,0,0,0.12829566,1,0.1,0,1,0.0,0,1,0,1,0,0,0.0,7077888,0.0
40,129,2,2,0,0,0.331537753,2,0.2,0,2,0.0,0,2,0,2,0,0,0.0,14155776,0.2
40,130,14,12,2,2,3.713717044,5,0.5,5,9,0.35714285714285715,3,4,1,4,2,0,0.42857142857142855,28311552,1.5
40,131,11,5,6,2,2.6583776475,2,0.2,5,6,0.45454545454545453,5,2,0,1,5,1,0.7142857142857143,14155776,0.2
40,133,5,2,3,0,0.6972246244,3,0.3,2,3,0.4,2,3,1,1,1,2,0.4,21233664,0.6
40,134,5,4,1,0,0.914815874,4,0.4,0,5,0.0,0,5,0,4,0,1,0.0,35389440,1.6
40,135,19,5,14,0,3.6955300250000005,8,0.8,10,9,0.5263157894736842,9,9,2,2,7,7,0.5,63700992,6.4
40,139,10,10,0,0,0.11603810519999999,10,1.0,1,9,0.1,1,9,1,9,0,0,0.1,63700992,8.0
40,140,5,2,3,0,0.706952698,1,0.1,3,2,0.6,3,1,0,1,3,0,0.75,7077888,0.0
40,141,6,1,5,1,1.144251928,2,0.2,4,2,0.6666666666666666,4,2,0,1,4,1,0.6666666666666666,14155776,0.2
40,142,1,1,0,0,0.210757643,1,0.1,0,1,0.0,0,1,0,1,0,0,0.0,7077888,0.0
40,143,46,44,2,1,13.1920147983,10,1.0,13,33,0.2826086956521739,3,9,3,7,0,2,0.25,63700992,8.0
40,144,11,10,1,0,0.2252306356,10,1.0,0,11,0.0,0,11,0,10,0,1,0.0,77856768,10.0
40,145,6,4,2,0,1.4578437870000003,2,0.2,1,5,0.16666666666666666,1,3,0,2,1,1,0.25,21233664,0.4
40,146,5,4,1,0,0.928516672,2,0.2,2,3,0.4,1,2,1,1,0,1,0.3333333333333333,14155776,0.2
40,147,3,1,2,0,0.531860888,3,0.3,1,2,0.3333333333333333,1,2,1,0,0,2,0.3333333333333333,14155776,0.3
40,148,2,2,0,0,0.2504204292,1,0.1,0,2,0.0,0,1,0,1,0,0,0.0,7077888,0.0
40,149,2,2,0,0,0.269969419,1,0.1,0,2,0.0,0,1,0,1,0,0,0.0,7077888,0.0
40,150,32,12,20,1,6.5258765276999995,7,0.7,19,13,0.59375,19,8,2,5,17,3,0.7037037037037037,56623104,4.8999999999999995
40,153,2,1,1,0,0.2376801519,2,0.2,0,2,0.0,0,2,0,1,0,1,0.0,14155776,0.2
40,154,2,0,2,0,0.266504303,2,0.2,0,2,0.0,0,2,0,0,0,2,0.0,14155776,0.2
40,155,10,5,5,1,2.475625349,5,0.5,3,7,0.3,3,7,2,3,1,4,0.3,49545216,3.0
40,156,7,4,3,1,1.558598473,5,0.5,2,5,0.2857142857142857,2,4,1,2,1,2,0.3333333333333333,28311552,1.5
40,157,83,47,36,0,14.623887671100002,10,1.0,65,18,0.7831325301204819,41,5,5,5,36,0,0.8913043478260869,35389440,4.0
40,158,3,2,1,0,0.40038946249999996,2,0.2,0,3,0.0,0,3,0,2,0,1,0.0,21233664,0.4
40,159,1,0,1,0,0.218192458,1,0.1,0,1,0.0,0,1,0,0,0,1,0.0,7077888,0.0
40,161,2,0,2,0,0.220870987,1,0.1,1,1,0.5,1,1,0,0,1,1,0.5,7077888,0.0
40,162,2,2,0,0,0.2151952835,1,0.1,0,2,0.0,0,1,0,1,0,0,0.0,7077888,0.0
40,164,2,1,1,0,0.437300802,2,0.2,0,2,0.0,0,2,0,1,0,1,0.0,14155776,0.2
40,166,5,5,0,0,0.771260604,3,0.3,0,5,0.0,0,3,0,3,0,0,0.0,21233664,0.6
40,168,16,14,2,0,2.620224216,6,0.6,4,12,0.25,3,5,1,5,2,0,0.375,35389440,2.4
40,169,1,1,0,0,0.183910549,1,0.1,0,1,0.0,0,1,0,1,0,0,0.0,7077888,0.0
40,171,1,0,1,0,0.076256372,1,0.1,0,1,0.0,0,1,0,0,0,1,0.0,7077888,0.0
40,172,5,5,0,0,0.571112111,5,0.5,0,5,0.0,0,5,0,5,0,0,0.0,35389440,2.0
40,173,5,2,3,0,0.8181959086999999,1,0.1,2,3,0.4,2,2,0,1,2,1,0.5,14155776,0.1
40,174,1,1,0,0,0.117752999,1,0.1,0,1,0.0,0,1,0,1,0,0,0.0,7077888,0.0
40,175,15,14,1,0,1.9552861818,9,0.9,3,12,0.2,1,8,1,7,0,1,0.1111111111111111,56623104,6.3
40,176,5,3,2,0,0.8385527439999999,2,0.2,1,4,0.2,1,2,0,1,1,1,0.3333333333333333,14155776,0.2
40,179,2,2,0,0,0.28566223300000004,1,0.1,0,2,0.0,0,1,0,1,0,0,0.0,7077888,0.0
40,180,3,0,3,0,0.3192333277,2,0.2,1,2,0.3333333333333333,1,2,0,0,1,2,0.3333333333333333,14155776,0.2
40,182,12,12,0,0,0.9949634221,10,1.0,2,10,0.16666666666666666,2,8,2,8,0,0,0.2,56623104,7.0
40,184,10,10,0,0,0.17330826999999996,10,1.0,0,10,0.0,0,10,0,10,0,0,0.0,70778880,9.0
40,186,5,0,5,1,1.661709533,1,0.1,4,1,0.8,4,1,0,0,4,1,0.8,7077888,0.0
40,187,7,0,7,0,1.405232191,1,0.1,5,2,0.7142857142857143,5,2,0,0,5,2,0.7142857142857143,14155776,0.1
40,188,3,1,2,0,0.3685094713,2,0.2,0,3,0.0,0,3,0,1,0,2,0.0,21233664,0.4
40,189,3,2,1,0,0.502979517,2,0.2,0,3,0.0,0,2,0,1,0,1,0.0,14155776,0.2
40,190,37,25,12,2,9.263789489999999,4,0.4,12,25,0.32432432432432434,12,4,0,4,12,0,0.75,28311552,1.2000000000000002
40,191,5,0,5,0,0.76746887,3,0.3,2,3,0.4,2,3,0,0,2,3,0.4,21233664,0.6
40,192,17,12,5,3,4.125404282999999,8,0.8,6,11,0.35294117647058826,4,8,3,4,1,4,0.3333333333333333,56623104,5.6000000000000005
40,193,5,1,4,0,1.1054620290000001,3,0.3,1,4,0.2,1,4,0,1,1,3,0.2,28311552,0.8999999999999999
40,197,3,0,3,0,0.52000168,1,0.1,2,1,0.6666666666666666,2,1,0,0,2,1,0.6666666666666666,7077888,0.0
40,198,1,0,1,0,0.113685273,1,0.1,0,1,0.0,0,1,0,0,0,1,0.0,7077888,0.0
40,201,28,10,18,0,4.1016909841,1,0.1,17,11,0.6071428571428571,17,2,0,1,17,1,0.8947368421052632,14155776,0.1
40,203,3,2,1,0,0.5174372199999999,2,0.2,1,2,0.3333333333333333,1,2,1,1,0,1,0.3333333333333333,14155776,0.2
40,204,5,3,2,1,0.9608239674,2,0.2,1,4,0.2,1,3,0,2,1,1,0.25,21233664,0.4
40,205,2,1,1,0,0.17101118710000002,2,0.2,0,2,0.0,0,2,0,1,0,1,0.0,14155776,0.2
40,206,366,207,159,0,91.57203634009994,10,1.0,351,15,0.9590163934426229,167,2,9,1,158,1,0.9881656804733728,14155776,1.0
40,208,4,4,0,0,0.5281520710000001,3,0.3,0,4,0.0,0,3,0,3,0,0,0.0,21233664,0.6
40,211,4,2,2,2,1.571978152,3,0.3,2,2,0.5,2,2,1,1,1,1,0.5,14155776,0.3
40,212,5,4,1,0,0.8504012969999999,4,0.4,1,4,0.2,1,3,1,2,0,1,0.25,21233664,0.8
40,215,33,16,17,1,7.512865720200001,9,0.9,20,13,0.6060606060606061,19,7,4,5,15,2,0.7307692307692307,49545216,5.4
40,218,1,1,0,0,0.137972862,1,0.1,0,1,0.0,0,1,0,1,0,0,0.0,7077888,0.0
40,221,19,13,6,0,3.3589703970000007,7,0.7,10,9,0.5263157894736842,8,5,3,4,5,1,0.6153846153846154,35389440,2.8
40,222,5,5,0,0,0.759541153,2,0.2,0,5,0.0,0,2,0,2,0,0,0.0,14155776,0.2
40,223,2,0,2,0,0.270187929,2,0.2,0,2,0.0,0,2,0,0,0,2,0.0,14155776,0.2
40,224,2,1,1,0,0.20132968569999998,2,0.2,0,2,0.0,0,2,0,1,0,1,0.0,14155776,0.2
40,225,11,8,3,0,1.5591719744,4,0.4,4,7,0.36363636363636365,3,4,1,3,2,1,0.42857142857142855,28311552,1.2000000000000002
40,227,1,1,0,0,0.144306272,1,0.1,0,1,0.0,0,1,0,1,0,0,0.0,7077888,0.0
40,228,4,2,2,0,0.748022489,3,0.3,1,3,0.25,1,3,0,2,1,1,0.25,21233664,0.6
40,229,19,16,3,0,4.1577427700000005,2,0.2,3,16,0.15789473684210525,3,2,0,2,3,0,0.6,14155776,0.2
40,230,14,5,9,0,2.2916148912,4,0.4,8,6,0.5714285714285714,6,5,1,1,5,4,0.5454545454545454,35389440,1.6
40,231,36,24,12,0,5.3813381853,6,0.6,15,21,0.4166666666666667,13,5,1,5,12,0,0.7222222222222222,35389440,2.4
40,232,5,3,2,0,0.5956746198999999,3,0.3,1,4,0.2,1,4,0,3,1,1,0.2,28311552,0.8999999999999999
40,235,12,12,0,0,2.8954130409999994,7,0.7,2,10,0.16666666666666666,2,5,2,5,0,0,0.2857142857142857,35389440,2.8
40,237,1,0,1,0,0.116277277,1,0.1,0,1,0.0,0,1,0,0,0,1,0.0,7077888,0.0
40,238,6,5,1,0,1.190642118,3,0.3,1,5,0.16666666666666666,1,3,1,2,0,1,0.25,21233664,0.6
40,239,5,2,3,0,0.6648885763000001,4,0.4,2,3,0.4,2,3,1,1,1,2,0.4,21233664,0.8
40,240,167,70,97,20,41.06347209830002,10,1.0,162,5,0.9700598802395209,104,3,9,1,95,2,0.9719626168224299,21233664,2.0
40,245,1,1,0,0,0.0781199783,1,0.1,0,1,0.0,0,1,0,1,0,0,0.0,7077888,0.0
40,247,1,0,1,0,0.281358302,1,0.1,0,1,0.0,0,1,0,0,0,1,0.0,7077888,0.0
40,249,1,1,0,0,0.0894372314,1,0.1,0,1,0.0,0,1,0,1,0,0,0.0,7077888,0.0
40,250,7,5,2,0,1.274044038,2,0.2,0,7,0.0,0,3,0,1,0,2,0.0,21233664,0.4
40,252,5,0,5,0,0.8188440800000001,4,0.4,1,4,0.2,1,4,0,0,1,4,0.2,28311552,1.2000000000000002
40,253,2,1,1,0,0.2232977599,2,0.2,0,2,0.0,0,2,0,1,0,1,0.0,14155776,0.2
41,1,5,2,3,0,1.328984469,2,0.2,1,4,0.2,1,4,0,2,1,2,0.2,28311552,0.6000000000000001
41,2,4,1,3,0,0.44728311179999997,3,0.3,1,3,0.25,1,3,0,1,1,2,0.25,21233664,0.6
41,4,4,0,4,0,0.592210859,3,0.3,1,3,0.25,1,3,0,0,1,3,0.25,21233664,0.6
41,5,3,3,0,0,0.46046873899999996,2,0.2,0,3,0.0,0,2,0,2,0,0,0.0,14155776,0.2
41,6,150,88,62,18,36.7965165466,10,1.0,125,25,0.8333333333333334,68,4,7,3,61,1,0.9444444444444444,28311552,3.0
41,7,13,11,2,0,2.3337370518000005,5,0.5,2,11,0.15384615384615385,2,5,0,5,2,0,0.2857142857142857,35389440,2.0
41,8,10,3,7,0,1.4832196832000002,6,0.6,2,8,0.2,2,8,0,3,2,5,0.2,56623104,4.2
41,10,12,5,7,2,3.108399211,4,0.4,4,8,0.3333333333333333,4,7,0,4,4,3,0.36363636363636365,49545216,2.4000000000000004
41,12,2,2,0,0,0.21847661540000002,2,0.2,0,2,0.0,0,2,0,2,0,0,0.0,14155776,0.2
41,13,148,94,54,0,30.64394279890001,10,1.0,124,24,0.8378378378378378,62,2,8,2,54,0,0.96875,14155776,1.0
41,14,1,1,0,0,0.113554314,1,0.1,0,1,0.0,0,1,0,1,0,0,0.0,7077888,0.0
41,16,2,0,2,0,0.39645491600000005,1,0.1,1,1,0.5,1,1,0,0,1,1,0.5,7077888,0.0
41,17,4,2,2,0,0.89266336,1,0.1,1,3,0.25,1,2,0,1,1,1,0.3333333333333333,14155776,0.1
41,19,2,1,1,0,0.35423099999999996,2,0.2,0,2,0.0,0,2,0,1,0,1,0.0,14155776,0.2
41,20,1,0,1,0,0.0724042132,1,0.1,0,1,0.0,0,1,0,0,0,1,0.0,7077888,0.0
41,21,4,2,2,0,0.7071478959999999,4,0.4,0,4,0.0,0,4,0,2,0,2,0.0,28311552,1.2000000000000002
41,23,4,3,1,0,0.4892228391,3,0.3,0,4,0.0,0,3,0,2,0,1,0.0,21233664,0.6
41,26,2,0,2,0,0.29247506,1,0.1,1,1,0.5,1,1,0,0,1,1,0.5,7077888,0.0
41,27,20,8,12,3,3.8830943639999997,7,0.7,9,11,0.45,8,10,2,4,6,6,0.4444444444444444,70778880,6.3
41,28,7,6,1,0,0.9669114056,6,0.6,0,7,0.0,0,6,0,5,0,1,0.0,42467328,3.0
41,29,2,1,1,0,0.1790989642,1,0.1,0,2,0.0,0,2,0,1,0,1,0.0,14155776,0.1
41,30,16,14,2,0,3.3739476359999996,2,0.2,2,14,0.125,2,2,0,2,2,0,0.5,14155776,0.2
41,32,1,1,0,0,0.148739353,1,0.1,0,1,0.0,0,1,0,1,0,0,0.0,7077888,0.0
41,34,4,3,1,3,1.2988970279999998,2,0.2,0,4,0.0,0,3,0,2,0,1,0.0,21233664,0.4
41,35,5,2,3,0,0.713594383,3,0.3,2,3,0.4,2,3,0,2,2,1,0.4,21233664,0.6
41,36,9,5,4,0,1.4808033481,5,0.5,2,7,0.2222222222222222,2,7,2,3,0,4,0.2222222222222222,49545216,3.0
41,38,1,0,1,0,0.0970089287,1,0.1,0,1,0.0,0,1,0,0,0,1,0.0,7077888,0.0
41,39,1,1,0,0,0.172564685,1,0.1,0,1,0.0,0,1,0,1,0,0,0.0,7077888,0.0
41,40,1,0,1,0,0.106861293,1,0.1,0,1,0.0,0,1,0,0,0,1,0.0,7077888,0.0
41,41,2,1,1,0,0.367037758,2,0.2,0,2,0.0,0,2,0,1,0,1,0.0,14155776,0.2
41,42,2,1,1,0,0.18262134530000002,2,0.2,0,2,0.0,0,2,0,1,0,1,0.0,14155776,0.2
41,43,2,2,0,0,0.2147214262,2,0.2,0,2,0.0,0,2,0,2,0,0,0.0,14155776,0.2
41,44,6,1,5,0,0.5344243941,4,0.4,1,5,0.16666666666666666,1,5,0,1,1,4,0.16666666666666666,35389440,1.6
41,45,1,0,1,0,0.227190346,1,0.1,0,1,0.0,0,1,0,0,0,1,0.0,7077888,0.0
41,47,1,1,0,0,0.189671278,1,0.1,0,1,0.0,0,1,0,1,0,0,0.0,7077888,0.0
41,48,1,0,1,0,0.180620223,1,0.1,0,1,0.0,0,1,0,0,0,1,0.0,7077888,0.0
41,50,2,0,2,0,0.269135162,2,0.2,0,2,0.0,0,2,0,0,0,2,0.0,14155776,0.2
41,52,72,45,27,5,17.087830772800007,10,1.0,54,18,0.75,27,10,8,2,19,8,0.7297297297297297,70778880,9.0
41,53,1,1,0,0,0.121232554,1,0.1,0,1,0.0,0,1,0,1,0,0,0.0,7077888,0.0
41,59,12,6,6,2,2.2149386036000003,7,0.7,1,11,0.08333333333333333,1,8,0,3,1,5,0.1111111111111111,56623104,4.8999999999999995
41,61,2,2,0,0,0.441428512,1,0.1,0,2,0.0,0,1,0,1,0,0,0.0,7077888,0.0
41,63,4,2,2,1,1.0867354795000002,3,0.3,0,4,0.0,0,4,0,2,0,2,0.0,28311552,0.8999999999999999
41,64,13,10,3,1,2.4741969239999997,7,0.7,2,11,0.15384615384615385,2,8,1,6,1,2,0.2,56623104,4.8999999999999995
41,65,4,3,1,0,0.771278039,3,0.3,0,4,0.0,0,3,0,2,0,1,0.0,21233664,0.6
41,66,17,15,2,0,2.3445978420999998,4,0.4,1,16,0.058823529411764705,1,5,0,4,1,1,0.16666666666666666,35389440,1.6
41,67,10,10,0,0,0.04072216992,10,1.0,0,10,0.0,0,10,0,10,0,0,0.0,70778880,9.0
41,68,3,3,0,0,0.27470235519999997,3,0.3,0,3,0.0,0,3,0,3,0,0,0.0,21233664,0.6
41,69,3,0,3,0,0.43099635829999994,3,0.3,0,3,0.0,0,3,0,0,0,3,0.0,21233664,0.6
41,73,2,0,2,0,0.511278809,1,0.1,1,1,0.5,1,1,0,0,1,1,0.5,7077888,0.0
41,75,4,4,0,0,0.4486597846,3,0.3,0,4,0.0,0,3,0,3,0,0,0.0,21233664,0.6
41,76,6,5,1,0,1.4314395039999999,2,0.2,1,5,0.16666666666666666,1,2,0,2,1,0,0.3333333333333333,14155776,0.2
41,77,86,49,37,12,21.923539649600006,10,1.0,55,31,0.6395348837209303,39,8,5,5,34,3,0.8297872340425532,56623104,7.0
41,78,32,25,7,0,4.15467368504,10,1.0,12,20,0.375,6,11,5,5,1,6,0.35294117647058826,77856768,10.0
41,80,1,0,1,0,0.164523959,1,0.1,0,1,0.0,0,1,0,0,0,1,0.0,7077888,0.0
41,81,17,9,8,5,4.9503919,6,0.6,9,8,0.5294117647058824,7,6,2,3,5,3,0.5384615384615384,42467328,3.0
41,83,173,93,80,1,36.82798409650001,10,1.0,132,41,0.7630057803468208,84,6,5,5,79,1,0.9333333333333333,42467328,5.0
41,85,1,1,0,0,0.229376525,1,0.1,0,1,0.0,0,1,0,1,0,0,0.0,7077888,0.0
41,86,2,0,2,0,0.316083029,2,0.2,0,2,0.0,0,2,0,0,0,2,0.0,14155776,0.2
41,88,10,10,0,0,0.03119952463,10,1.0,0,10,0.0,0,10,0,10,0,0,0.0,70778880,9.0
41,89,105,62,43,42,30.291371481499997,10,1.0,88,17,0.8380952380952381,45,8,8,2,37,6,0.8490566037735849,56623104,7.0
41,92,1,0,1,0,0.172300696,1,0.1,0,1,0.0,0,1,0,0,0,1,0.0,7077888,0.0
41,93,3,2,1,1,0.782854409,2,0.2,0,3,0.0,0,3,0,2,0,1,0.0,21233664,0.4
41,95,2,1,1,0,0.736063629,2,0.2,0,2,0.0,0,2,0,1,0,1,0.0,14155776,0.2
41,97,14,7,7,0,2.0074560784,7,0.7,7,7,0.5,3,7,2,1,1,6,0.3,49545216,4.199999999999999
41,99,2,1,1,0,0.612146049,1,0.1,0,2,0.0,0,2,0,1,0,1,0.0,14155776,0.1
41,100,1,1,0,0,0.143819407,1,0.1,0,1,0.0,0,1,0,1,0,0,0.0,7077888,0.0
41,101,3,2,1,0,0.31925481499999997,2,0.2,0,3,0.0,0,3,0,2,0,1,0.0,21233664,0.4
41,102,2,2,0,0,0.23001941260000003,1,0.1,0,2,0.0,0,1,0,1,0,0,0.0,7077888,0.0
41,103,2,0,2,0,0.32864399200000005,2,0.2,0,2,0.0,0,2,0,0,0,2,0.0,14155776,0.2
41,104,2,1,1,0,0.594814792,1,0.1,0,2,0.0,0,2,0,1,0,1,0.0,14155776,0.1
41,105,11,7,4,4,2.5815391259,6,0.6,2,9,0.18181818181818182,2,7,0,5,2,2,0.2222222222222222,49545216,3.5999999999999996
41,106,8,5,3,0,0.9699658753,4,0.4,1,7,0.125,1,6,0,4,1,2,0.14285714285714285,42467328,2.0
41,108,1,0,1,1,0.40653652,1,0.1,0,1,0.0,0,1,0,0,0,1,0.0,7077888,0.0
41,109,3,1,2,0,0.5222745096,2,0.2,1,2,0.3333333333333333,1,2,0,1,1,1,0.3333333333333333,14155776,0.2
41,111,4,2,2,0,0.39224441340000005,4,0.4,0,4,0.0,0,4,0,2,0,2,0.0,28311552,1.2000000000000002
41,112,317,190,127,12,78.96597786433001,10,1.0,267,50,0.8422712933753943,133,4,8,2,125,2,0.9708029197080292,28311552,3.0
41,113,7,2,5,2,1.796791464,1,0.1,4,3,0.5714285714285714,4,2,0,1,4,1,0.6666666666666666,14155776,0.1
41,115,8,4,4,2,2.4490169579999996,2,0.2,3,5,0.375,3,3,0,2,3,1,0.5,21233664,0.4
41,116,2,1,1,0,0.40435458700000004,1,0.1,0,2,0.0,0,2,0,1,0,1,0.0,14155776,0.1
41,117,1,0,1,0,0.177759871,1,0.1,0,1,0.0,0,1,0,0,0,1,0.0,7077888,0.0
41,119,12,11,1,0,0.26934515453,10,1.0,1,11,0.08333333333333333,1,10,1,9,0,1,0.09090909090909091,70778880,9.0
41,120,20,12,8,2,3.4507562517999997,10,1.0,7,13,0.35,7,11,3,7,4,4,0.3888888888888889,77856768,10.0
41,121,3,1,2,0,0.435705557,2,0.2,0,3,0.0,0,3,0,1,0,2,0.0,21233664,0.4
41,123,10,10,0,0,1.1573007185000002,7,0.7,0,10,0.0,0,7,0,7,0,0,0.0,49545216,4.199999999999999
41,125,2,0,2,1,0.6084687115999999,2,0.2,0,2,0.0,0,2,0,0,0,2,0.0,14155776,0.2
41,126,7,3,4,0,1.103308264,4,0.4,2,5,0.2857142857142857,2,5,0,3,2,2,0.2857142857142857,35389440,1.6
41,128,1,0,1,1,0.30615744,1,0.1,0,1,0.0,0,1,0,0,0,1,0.0,7077888,0.0
41,129,1,0,1,0,0.135028899,1,0.1,0,1,0.0,0,1,0,0,0,1,0.0,7077888,0.0
41,130,14,12,2,0,2.3301043903,3,0.3,1,13,0.07142857142857142,1,4,0,3,1,1,0.2,28311552,0.8999999999999999
41,131,4,2,2,0,0.3506595348,4,0.4,0,4,0.0,0,4,0,2,0,2,0.0,28311552,1.2000000000000002
41,132,1,1,0,0,0.0365038291,1,0.1,0,1,0.0,0,1,0,1,0,0,0.0,7077888,0.0
41,133,413,238,175,243,162.61284171780014,10,1.0,394,19,0.9539951573849879,183,2,9,1,174,1,0.9891891891891892,14155776,1.0
41,134,7,4,3,0,0.9169838207,2,0.2,0,7,0.0,0,4,0,1,0,3,0.0,28311552,0.6000000000000001
41,137,1,1,0,0,0.210206181,1,0.1,0,1,0.0,0,1,0,1,0,0,0.0,7077888,0.0
41,138,64,38,26,7,17.282194913999998,10,1.0,37,27,0.578125,27,9,4,6,23,3,0.75,63700992,8.0
41,139,2,1,1,0,0.29454481600000004,2,0.2,0,2,0.0,0,2,0,1,0,1,0.0,14155776,0.2
41,140,2,1,1,0,0.297817573,1,0.1,0,2,0.0,0,2,0,1,0,1,0.0,14155776,0.1
41,141,2,2,0,0,0.2544803472,1,0.1,0,2,0.0,0,1,0,1,0,0,0.0,7077888,0.0
41,142,5,3,2,1,0.9847327621,3,0.3,0,5,0.0,0,5,0,3,0,2,0.0,35389440,1.2
41,143,1,1,0,0,0.109046817,1,0.1,0,1,0.0,0,1,0,1,0,0,0.0,7077888,0.0
41,144,5,3,2,0,0.8993979170999999,4,0.4,0,5,0.0,0,5,0,3,0,2,0.0,35389440,1.6
41,148,6,4,2,1,1.3978868869999999,5,0.5,1,5,0.16666666666666666,1,5,1,3,0,2,0.16666666666666666,35389440,2.0
41,149,2,2,0,0,0.464779675,2,0.2,0,2,0.0,0,2,0,2,0,0,0.0,14155776,0.2
41,151,4,3,1,0,0.4796719559,2,0.2,0,4,0.0,0,2,0,1,0,1,0.0,14155776,0.2
41,152,24,12,12,6,6.623196227899999,3,0.3,11,13,0.4583333333333333,11,4,1,2,10,2,0.7333333333333333,28311552,0.8999999999999999
41,153,38,33,5,10,10.978307365,10,1.0,11,27,0.2894736842105263,5,10,3,7,2,3,0.3333333333333333,70778880,9.0
41,154,11,11,0,10,14.879818548000003,10,1.0,0,11,0.0,0,10,0,10,0,0,0.0,70778880,9.0
41,155,48,26,22,4,9.5856169378,10,1.0,32,16,0.6666666666666666,24,7,5,4,19,3,0.7741935483870968,49545216,6.0
41,156,3,1,2,1,0.9703830557,3,0.3,0,3,0.0,0,3,0,1,0,2,0.0,21233664,0.6
41,157,13,7,6,0,2.4386919432,5,0.5,5,8,0.38461538461538464,4,6,1,3,3,3,0.4,42467328,2.5
41,158,1,1,0,0,0.116305523,1,0.1,0,1,0.0,0,1,0,1,0,0,0.0,7077888,0.0
41,159,23,12,11,1,4.481450154899999,5,0.5,10,13,0.43478260869565216,10,6,0,5,10,1,0.625,42467328,2.5
41,160,3,3,0,0,0.529470399,3,0.3,0,3,0.0,0,3,0,3,0,0,0.0,21233664,0.6
41,161,3,1,2,0,0.482371076,3,0.3,0,3,0.0,0,3,0,1,0,2,0.0,21233664,0.6
41,162,12,8,4,0,1.703016326,7,0.7,1,11,0.08333333333333333,1,8,1,4,0,4,0.1111111111111111,56623104,4.8999999999999995
41,163,2,1,1,0,0.33970128,2,0.2,1,1,0.5,1,1,1,0,0,1,0.5,7077888,0.0
41,164,14,9,5,1,2.1997625202999997,7,0.7,5,9,0.35714285714285715,5,7,2,5,3,2,0.4166666666666667,49545216,4.199999999999999
41,165,32,18,14,3,7.4046116994,8,0.8,23,9,0.71875,13,8,3,4,10,4,0.6190476190476191,56623104,5.6000000000000005
41,167,5,2,3,0,0.699709699,4,0.4,1,4,0.2,1,4,0,2,1,2,0.2,28311552,1.2000000000000002
41,168,4,1,3,0,0.8803706610000002,2,0.2,1,3,0.25,1,3,0,1,1,2,0.25,21233664,0.4
41,169,7,1,6,0,0.883823924,4,0.4,1,6,0.14285714285714285,1,6,0,1,1,5,0.14285714285714285,42467328,2.0
41,170,2,2,0,0,0.25018237499999996,2,0.2,0,2,0.0,0,2,0,2,0,0,0.0,14155776,0.2
41,172,2,1,1,0,0.2146928237,2,0.2,0,2,0.0,0,2,0,1,0,1,0.0,14155776,0.2
41,174,4,0,4,0,0.4539130851,4,0.4,0,4,0.0,0,4,0,0,0,4,0.0,28311552,1.2000000000000002
41,175,8,5,3,0,1.3314116449000002,5,0.5,4,4,0.5,2,4,2,1,0,3,0.3333333333333333,28311552,1.5
41,176,2,0,2,0,0.2401107995,1,0.1,1,1,0.5,1,1,0,0,1,1,0.5,7077888,0.0
41,177,2,2,0,0,0.4448237116,2,0.2,0,2,0.0,0,2,0,2,0,0,0.0,14155776,0.2
41,180,1,1,0,0,0.109658964,1,0.1,0,1,0.0,0,1,0,1,0,0,0.0,7077888,0.0
41,182,28,17,11,5,7.515779859999999,10,1.0,20,8,0.7142857142857143,11,8,4,4,7,4,0.5789473684210527,56623104,7.0
41,183,3,1,2,1,0.799422055,1,0.1,1,2,0.3333333333333333,1,2,0,1,1,1,0.3333333333333333,14155776,0.1
41,184,7,0,7,0,1.0654135057,4,0.4,3,4,0.42857142857142855,3,4,0,0,3,4,0.42857142857142855,28311552,1.2000000000000002
41,185,4,4,0,0,0.580347791,4,0.4,0,4,0.0,0,4,0,4,0,0,0.0,28311552,1.2000000000000002
41,188,1,1,0,0,0.13754338,1,0.1,0,1,0.0,0,1,0,1,0,0,0.0,7077888,0.0
41,189,2,1,1,0,0.442807957,2,0.2,0,2,0.0,0,2,0,1,0,1,0.0,14155776,0.2
41,190,2,1,1,0,0.260386683,1,0.1,0,2,0.0,0,2,0,1,0,1,0.0,14155776,0.1
41,191,4,1,3,0,0.606457115,4,0.4,0,4,0.0,0,4,0,1,0,3,0.0,28311552,1.2000000000000002
41,192,1,1,0,0,0.123991907,1,0.1,0,1,0.0,0,1,0,1,0,0,0.0,7077888,0.0
41,194,1,0,1,0,0.141074941,1,0.1,0,1,0.0,0,1,0,0,0,1,0.0,7077888,0.0
41,195,2,1,1,0,0.21472869039999998,2,0.2,0,2,0.0,0,2,0,1,0,1,0.0,14155776,0.2
41,196,1,0,1,0,0.083529301,1,0.1,0,1,0.0,0,1,0,0,0,1,0.0,7077888,0.0
41,197,1,1,0,0,0.191310346,1,0.1,0,1,0.0,0,1,0,1,0,0,0.0,7077888,0.0
41,198,2,2,0,0,0.296756476,2,0.2,0,2,0.0,0,2,0,2,0,0,0.0,14155776,0.2
41,201,2,1,1,0,0.2222567125,2,0.2,0,2,0.0,0,2,0,1,0,1,0.0,14155776,0.2
41,202,27,15,12,4,5.733743958100001,9,0.9,12,15,0.4444444444444444,10,10,4,4,6,6,0.5,70778880,8.1
41,203,14,12,2,0,2.964466723,10,1.0,0,14,0.0,0,12,0,10,0,2,0.0,84934656,11.0
41,204,6,4,2,5,3.102853329,4,0.4,0,6,0.0,0,5,0,3,0,2,0.0,35389440,1.6
41,206,2,0,2,0,0.6026290649999999,1,0.1,1,1,0.5,1,1,0,0,1,1,0.5,7077888,0.0
41,207,1,1,0,0,0.134583563,1,0.1,0,1,0.0,0,1,0,1,0,0,0.0,7077888,0.0
41,209,2,2,0,0,0.271902919,1,0.1,0,2,0.0,0,1,0,1,0,0,0.0,7077888,0.0
41,210,3,0,3,0,0.2973970093,3,0.3,0,3,0.0,0,3,0,0,0,3,0.0,21233664,0.6
41,211,2,1,1,0,0.271738321,2,0.2,0,2,0.0,0,2,0,1,0,1,0.0,14155776,0.2
41,213,2,1,1,0,0.28902697499999996,2,0.2,0,2,0.0,0,2,0,1,0,1,0.0,14155776,0.2
41,214,12,9,3,2,3.0102912499999994,8,0.8,0,12,0.0,0,9,0,6,0,3,0.0,63700992,6.4
41,215,1,1,0,0,0.239276439,1,0.1,0,1,0.0,0,1,0,1,0,0,0.0,7077888,0.0
41,216,1,0,1,0,0.0602507517,1,0.1,0,1,0.0,0,1,0,0,0,1,0.0,7077888,0.0
41,217,6,3,3,0,0.7132465537,2,0.2,1,5,0.16666666666666666,1,4,0,2,1,2,0.2,28311552,0.6000000000000001
41,218,6,4,2,0,0.9265334974,3,0.3,1,5,0.16666666666666666,1,3,1,1,0,2,0.25,21233664,0.6
41,219,1,0,1,0,0.0770178139,1,0.1,0,1,0.0,0,1,0,0,0,1,0.0,7077888,0.0
41,223,5,2,3,0,0.5480154088000001,2,0.2,1,4,0.2,1,3,0,1,1,2,0.25,21233664,0.4
41,224,1,0,1,0,0.0822330043,1,0.1,0,1,0.0,0,1,0,0,0,1,0.0,7077888,0.0
41,226,8,4,4,3,2.867766484,7,0.7,0,8,0.0,0,8,0,4,0,4,0.0,56623104,4.8999999999999995
41,231,1,1,0,0,0.121273965,1,0.1,0,1,0.0,0,1,0,1,0,0,0.0,7077888,0.0
41,232,35,31,4,0,7.052202747000001,10,1.0,7,28,0.2,3,11,2,8,1,3,0.21428571428571427,77856768,10.0
41,233,21,16,5,0,3.7829169192,10,1.0,10,11,0.47619047619047616,6,9,4,6,2,3,0.4,63700992,8.0
41,235,4,2,2,0,0.557997525,3,0.3,1,3,0.25,1,3,0,2,1,1,0.25,21233664,0.6
41,236,1,1,0,0,0.142793268,1,0.1,0,1,0.0,0,1,0,1,0,0,0.0,7077888,0.0
41,239,108,73,35,17,29.872859912700008,10,1.0,64,44,0.5925925925925926,39,6,5,5,34,1,0.8666666666666667,42467328,5.0
41,242,1,1,0,0,0.121825784,1,0.1,0,1,0.0,0,1,0,1,0,0,0.0,7077888,0.0
41,243,6,5,1,0,0.7583099229,4,0.4,0,6,0.0,0,5,0,4,0,1,0.0,35389440,1.6
41,245,6,4,2,0,0.7370557033,2,0.2,1,5,0.16666666666666666,1,2,0,1,1,1,0.3333333333333333,14155776,0.2
41,246,5,2,3,0,0.5069790045,3,0.3,1,4,0.2,1,3,0,1,1,2,0.25,21233664,0.6
41,247,38,5,33,0,6.6661926272,6,0.6,28,10,0.7368421052631579,28,7,0,2,28,5,0.8,49545216,3.5999999999999996
41,248,2,1,1,0,0.2486311491,1,0.1,0,2,0.0,0,2,0,1,0,1,0.0,14155776,0.1
41,249,1,0,1,0,0.221470773,1,0.1,0,1,0.0,0,1,0,0,0,1,0.0,7077888,0.0
41,250,8,4,4,3,2.6323779380000003,4,0.4,1,7,0.125,1,6,0,3,1,3,0.14285714285714285,42467328,2.0
41,252,1,1,0,0,0.0765149146,1,0.1,0,1,0.0,0,1,0,1,0,0,0.0,7077888,0.0
41,253,12,10,2,0,1.8901359586,4,0.4,1,11,0.08333333333333333,1,5,0,4,1,1,0.16666666666666666,35389440,1.6
41,254,1,0,1,0,0.125009179,1,0.1,0,1,0.0,0,1,0,0,0,1,0.0,7077888,0.0
42,0,5,2,3,1,1.502111554,4,0.4,0,5,0.0,0,5,0,2,0,3,0.0,35389440,1.6
42,1,2,2,0,0,0.16782175,1,0.1,0,2,0.0,0,1,0,1,0,0,0.0,7077888,0.0
42,3,10,9,1,0,1.3429012589,5,0.5,0,10,0.0,0,6,0,5,0,1,0.0,42467328,2.5
42,5,1,0,1,0,0.0593143255,1,0.1,0,1,0.0,0,1,0,0,0,1,0.0,7077888,0.0
42,7,2,1,1,0,0.357089058,2,0.2,0,2,0.0,0,2,0,1,0,1,0.0,14155776,0.2
42,8,2,0,2,0,0.608139187,1,0.1,1,1,0.5,1,1,0,0,1,1,0.5,7077888,0.0
42,9,1,1,0,0,0.207164496,1,0.1,0,1,0.0,0,1,0,1,0,0,0.0,7077888,0.0
42,11,1,1,0,0,0.114669375,1,0.1,0,1,0.0,0,1,0,1,0,0,0.0,7077888,0.0
42,12,7,4,3,0,0.7751142719999999,5,0.5,0,7,0.0,0,7,0,4,0,3,0.0,49545216,3.0
42,13,1,1,0,0,0.16821906,1,0.1,0,1,0.0,0,1,0,1,0,0,0.0,7077888,0.0
42,14,1,0,1,0,0.088469252,1,0.1,0,1,0.0,0,1,0,0,0,1,0.0,7077888,0.0
42,15,2,1,1,0,0.455829367,2,0.2,0,2,0.0,0,2,0,1,0,1,0.0,14155776,0.2
42,16,21,13,8,0,2.4639668319999997,9,0.9,7,14,0.3333333333333333,7,9,1,7,6,2,0.4375,63700992,7.2
42,19,3,0,3,0,0.33649118969999997,3,0.3,0,3,0.0,0,3,0,0,0,3,0.0,21233664,0.6
42,20,1,0,1,0,0.148747474,1,0.1,0,1,0.0,0,1,0,0,0,1,0.0,7077888,0.0
42,21,1,0,1,0,0.111494437,1,0.1,0,1,0.0,0,1,0,0,0,1,0.0,7077888,0.0
42,22,18,10,8,1,2.3596282757,7,0.7,6,12,0.3333333333333333,6,7,1,4,5,3,0.46153846153846156,49545216,4.199999999999999
42,23,20,13,7,0,1.33705813232664,10,1.0,8,12,0.4,8,9,2,8,6,1,0.47058823529411764,63700992,8.0
42,24,1,1,0,0,0.133277133,1,0.1,0,1,0.0,0,1,0,1,0,0,0.0,7077888,0.0
42,25,29,22,7,0,4.987979793799999,10,1.0,11,18,0.3793103448275862,7,10,3,7,4,3,0.4117647058823529,70778880,9.0
42,26,12,11,1,10,14.9699834637,10,1.0,0,12,0.0,0,11,0,10,0,1,0.0,77856768,10.0
42,27,3,2,1,0,0.769835278,1,0.1,0,3,0.0,0,2,0,1,0,1,0.0,14155776,0.1
42,28,13,11,2,0,0.3674012259086701,10,1.0,2,11,0.15384615384615385,2,10,1,9,1,1,0.16666666666666666,70778880,9.0
42,29,1,0,1,0,0.080948174,1,0.1,0,1,0.0,0,1,0,0,0,1,0.0,7077888,0.0
42,30,1,1,0,0,0.144412294,1,0.1,0,1,0.0,0,1,0,1,0,0,0.0,7077888,0.0
42,32,1,1,0,0,0.115595184,1,0.1,0,1,0.0,0,1,0,1,0,0,0.0,7077888,0.0
42,34,2,0,2,1,0.705412194,1,0.1,1,1,0.5,1,1,0,0,1,1,0.5,7077888,0.0
42,35,11,8,3,0,1.3957545604000001,5,0.5,3,8,0.2727272727272727,1,7,1,4,0,3,0.125,49545216,3.0
42,38,4,2,2,0,0.48561972389999997,1,0.1,1,3,0.25,1,2,0,1,1,1,0.3333333333333333,14155776,0.1
42,39,2,1,1,0,0.15594451129999998,2,0.2,0,2,0.0,0,2,0,1,0,1,0.0,14155776,0.2
42,40,5,2,3,0,0.4053717255,3,0.3,1,4,0.2,1,4,0,2,1,2,0.2,28311552,0.8999999999999999
42,41,2,1,1,0,0.289986074,1,0.1,0,2,0.0,0,2,0,1,0,1,0.0,14155776,0.1
42,42,1,0,1,0,0.14891091,1,0.1,0,1,0.0,0,1,0,0,0,1,0.0,7077888,0.0
42,45,9,7,2,0,1.2545729725,6,0.6,1,8,0.1111111111111111,1,7,0,6,1,1,0.125,49545216,3.5999999999999996
42,46,8,3,5,0,1.5572460738,3,0.3,4,4,0.5,4,4,1,2,3,2,0.5,28311552,0.8999999999999999
42,47,24,24,0,0,2.5461450496,10,1.0,0,24,0.0,0,10,0,10,0,0,0.0,70778880,9.0
42,48,1,0,1,0,0.0697118789,1,0.1,0,1,0.0,0,1,0,0,0,1,0.0,7077888,0.0
42,49,1,0,1,0,0.109547332,1,0.1,0,1,0.0,0,1,0,0,0,1,0.0,7077888,0.0
42,50,1,1,0,0,0.117792994,1,0.1,0,1,0.0,0,1,0,1,0,0,0.0,7077888,0.0
42,51,3,2,1,0,0.333209425,3,0.3,1,2,0.3333333333333333,1,2,1,1,0,1,0.3333333333333333,14155776,0.3
42,52,1,0,1,0,0.454051435,1,0.1,0,1,0.0,0,1,0,0,0,1,0.0,7077888,0.0
42,53,4,3,1,0,0.4843972771,2,0.2,0,4,0.0,0,3,0,2,0,1,0.0,21233664,0.4
42,54,10,5,5,0,1.1971222455000001,5,0.5,0,10,0.0,0,8,0,3,0,5,0.0,56623104,3.5
42,59,6,3,3,0,0.5447457949,4,0.4,1,5,0.16666666666666666,1,5,0,3,1,2,0.16666666666666666,35389440,1.6
42,60,29,14,15,0,2.4215511833999996,7,0.7,14,15,0.4827586206896552,10,11,1,5,9,6,0.47619047619047616,77856768,7.0
42,61,5,5,0,0,0.7007612735,4,0.4,0,5,0.0,0,4,0,4,0,0,0.0,28311552,1.2000000000000002
42,62,2,2,0,0,0.1942753529,2,0.2,0,2,0.0,0,2,0,2,0,0,0.0,14155776,0.2
42,63,3,3,0,0,0.24071473599999998,3,0.3,0,3,0.0,0,3,0,3,0,0,0.0,21233664,0.6
42,64,10,4,6,0,0.731819227,5,0.5,3,7,0.3,3,7,1,3,2,4,0.3,49545216,3.0
42,66,7,3,4,0,0.6957599147,4,0.4,1,6,0.14285714285714285,1,5,0,2,1,3,0.16666666666666666,35389440,1.6
42,67,3,2,1,0,0.32205786569999995,2,0.2,0,3,0.0,0,2,0,1,0,1,0.0,14155776,0.2
42,68,264,158,106,0,71.19893910780009,10,1.0,223,41,0.8446969696969697,110,6,8,2,102,4,0.9482758620689655,42467328,5.0
42,70,7,3,4,0,0.7148634277,4,0.4,1,6,0.14285714285714285,1,6,0,3,1,3,0.14285714285714285,42467328,2.0
42,71,3,1,2,0,0.5974229129999999,3,0.3,0,3,0.0,0,3,0,1,0,2,0.0,21233664,0.6
42,72,3,2,1,0,0.2809654846,3,0.3,0,3,0.0,0,3,0,2,0,1,0.0,21233664,0.6
42,73,10,6,4,0,1.7352436252999999,5,0.5,1,9,0.1,1,6,0,3,1,3,0.14285714285714285,42467328,2.5
42,74,5,4,1,0,0.5491650476,2,0.2,0,5,0.0,0,3,0,2,0,1,0.0,21233664,0.4
42,75,15,7,8,0,2.1487323183,4,0.4,7,8,0.4666666666666667,7,5,1,3,6,2,0.5833333333333334,35389440,1.6
42,77,20,6,14,0,3.1997885408999993,8,0.8,10,10,0.5,10,10,4,2,6,8,0.5,70778880,7.2
42,78,3,1,2,0,0.72990793,2,0.2,1,2,0.3333333333333333,1,2,0,1,1,1,0.3333333333333333,14155776,0.2
42,79,1,0,1,1,0.545267463,1,0.1,0,1,0.0,0,1,0,0,0,1,0.0,7077888,0.0
42,80,6,2,4,0,0.6066346913,5,0.5,0,6,0.0,0,6,0,2,0,4,0.0,42467328,2.5
42,81,9,6,3,1,2.4361622263,5,0.5,1,8,0.1111111111111111,1,7,1,4,0,3,0.125,49545216,3.0
42,83,15,5,10,0,1.4064533868000002,7,0.7,3,12,0.2,3,12,0,5,3,7,0.2,84934656,7.699999999999999
42,84,2,1,1,0,0.460247338,2,0.2,0,2,0.0,0,2,0,1,0,1,0.0,14155776,0.2
42,86,6,2,4,0,0.982289337,3,0.3,2,4,0.3333333333333333,2,4,1,1,1,3,0.3333333333333333,28311552,0.8999999999999999
42,87,7,1,6,0,0.8533737672999999,3,0.3,3,4,0.42857142857142855,3,4,0,1,3,3,0.42857142857142855,28311552,0.8999999999999999
42,88,5,2,3,0,0.4851468428,1,0.1,2,3,0.4,2,2,0,1,2,1,0.5,14155776,0.1
42,89,6,2,4,0,0.7206601865,2,0.2,3,3,0.5,3,2,0,1,3,1,0.6,14155776,0.2
42,90,7,2,5,0,0.7354321104999999,6,0.6,0,7,0.0,0,7,0,2,0,5,0.0,49545216,3.5999999999999996
42,91,16,14,2,0,1.9623096297000002,10,1.0,2,14,0.125,2,10,1,9,1,1,0.16666666666666666,70778880,9.0
42,92,15,10,5,3,4.6496653117,8,0.8,1,14,0.06666666666666667,1,10,0,6,1,4,0.09090909090909091,70778880,7.2
42,94,2,0,2,0,0.1179672554,2,0.2,0,2,0.0,0,2,0,0,0,2,0.0,14155776,0.2
42,96,13,8,5,1,2.3355290294,6,0.6,2,11,0.15384615384615385,2,8,0,5,2,3,0.2,56623104,4.2
42,97,426,246,180,383,235.65082875239992,10,1.0,407,19,0.9553990610328639,189,1,9,1,180,0,0.9947368421052631,7077888,0.0
42,98,16,1,15,0,1.7290287098999997,6,0.6,7,9,0.4375,7,9,0,1,7,8,0.4375,63700992,4.8
42,99,2,0,2,0,0.343159258,2,0.2,0,2,0.0,0,2,0,0,0,2,0.0,14155776,0.2
42,100,13,4,9,3,3.5274772646,7,0.7,5,8,0.38461538461538464,5,7,1,2,4,5,0.4166666666666667,49545216,4.199999999999999
42,101,2,1,1,0,0.26669867399999997,2,0.2,1,1,0.5,1,1,1,0,0,1,0.5,7077888,0.0
42,104,2,2,0,0,0.27221278800000004,2,0.2,0,2,0.0,0,2,0,2,0,0,0.0,14155776,0.2
42,105,5,1,4,0,0.4986811099,3,0.3,1,4,0.2,1,4,0,1,1,3,0.2,28311552,0.8999999999999999
42,107,1,0,1,0,0.255543977,1,0.1,0,1,0.0,0,1,0,0,0,1,0.0,7077888,0.0
42,109,11,10,1,0,0.18917403932000001,10,1.0,0,11,0.0,0,11,0,10,0,1,0.0,77856768,10.0
42,111,4,2,2,0,1.634432494,1,0.1,1,3,0.25,1,2,0,1,1,1,0.3333333333333333,14155776,0.1
42,112,26,22,4,0,8.722177025999999,10,1.0,3,23,0.11538461538461539,2,12,1,9,1,3,0.14285714285714285,84934656,11.0
42,113,1,1,0,0,0.0978184342,1,0.1,0,1,0.0,0,1,0,1,0,0,0.0,7077888,0.0
42,114,3,1,2,0,0.2806613142,3,0.3,0,3,0.0,0,3,0,1,0,2,0.0,21233664,0.6
42,118,5,2,3,0,0.5584101753999999,4,0.4,2,3,0.4,1,3,1,0,0,3,0.25,21233664,0.8
42,120,15,10,5,0,2.7542967659999995,8,0.8,4,11,0.26666666666666666,4,8,4,3,0,5,0.3333333333333333,56623104,5.6000000000000005
42,122,1,1,0,0,0.103684247,1,0.1,0,1,0.0,0,1,0,1,0,0,0.0,7077888,0.0
42,123,19,17,2,0,1.2454571070020402,10,1.0,2,17,0.10526315789473684,2,10,1,9,1,1,0.16666666666666666,70778880,9.0
42,126,3,3,0,0,0.25629581889999997,3,0.3,0,3,0.0,0,3,0,3,0,0,0.0,21233664,0.6
42,127,171,108,63,0,26.75694010840001,10,1.0,106,65,0.6198830409356725,66,7,4,6,62,1,0.9041095890410958,49545216,6.0
42,129,22,1,21,0,3.0988040936999997,5,0.5,17,5,0.7727272727272727,17,5,0,1,17,4,0.7727272727272727,35389440,2.0
42,130,6,3,3,1,1.1970137663,3,0.3,3,3,0.5,3,3,2,1,1,2,0.5,21233664,0.6
42,131,1,1,0,0,0.156729341,1,0.1,0,1,0.0,0,1,0,1,0,0,0.0,7077888,0.0
42,132,2,2,0,0,0.3653180005,2,0.2,0,2,0.0,0,2,0,2,0,0,0.0,14155776,0.2
42,133,3,1,2,0,0.454966992,1,0.1,1,2,0.3333333333333333,1,2,0,1,1,1,0.3333333333333333,14155776,0.1
42,134,2,1,1,0,0.2037884446,2,0.2,0,2,0.0,0,2,0,1,0,1,0.0,14155776,0.2
42,135,22,12,10,0,4.176828639,6,0.6,10,12,0.45454545454545453,5,11,3,3,2,8,0.3125,77856768,6.0
42,136,4,3,1,0,0.6012504778,3,0.3,2,2,0.5,1,2,1,1,0,1,0.3333333333333333,14155776,0.3
42,137,100,89,11,10,23.1274068281,10,1.0,53,47,0.53,9,12,6,4,3,8,0.42857142857142855,84934656,11.0
42,140,13,8,5,0,2.3778283741999995,6,0.6,3,10,0.23076923076923078,3,7,1,4,2,3,0.3,49545216,3.5999999999999996
42,141,1,0,1,0,0.248969346,1,0.1,0,1,0.0,0,1,0,0,0,1,0.0,7077888,0.0
42,142,6,6,0,0,0.7404095242,4,0.4,0,6,0.0,0,4,0,4,0,0,0.0,28311552,1.2000000000000002
42,143,6,0,6,0,0.6151065305,5,0.5,1,5,0.16666666666666666,1,5,0,0,1,5,0.16666666666666666,35389440,2.0
42,144,6,4,2,0,0.6080313475,4,0.4,0,6,0.0,0,5,0,3,0,2,0.0,35389440,1.6
42,145,2,0,2,0,0.49260144000000006,1,0.1,1,1,0.5,1,1,0,0,1,1,0.5,7077888,0.0
42,146,2,1,1,0,0.1574204043,1,0.1,0,2,0.0,0,2,0,1,0,1,0.0,14155776,0.1
42,147,5,3,2,0,1.255029037,1,0.1,2,3,0.4,2,1,0,1,2,0,0.6666666666666666,7077888,0.0
42,148,1,0,1,0,0.0633754879,1,0.1,0,1,0.0,0,1,0,0,0,1,0.0,7077888,0.0
42,149,1,0,1,0,0.372486591,1,0.1,0,1,0.0,0,1,0,0,0,1,0.0,7077888,0.0
42,150,2,1,1,0,0.2275423485,2,0.2,0,2,0.0,0,2,0,1,0,1,0.0,14155776,0.2
42,151,1,0,1,0,0.0675351322,1,0.1,0,1,0.0,0,1,0,0,0,1,0.0,7077888,0.0
42,152,1,1,0,0,0.129935116,1,0.1,0,1,0.0,0,1,0,1,0,0,0.0,7077888,0.0
42,153,3,1,2,0,0.3517692827,2,0.2,0,3,0.0,0,3,0,1,0,2,0.0,21233664,0.4
42,154,3,3,0,0,0.325494788,3,0.3,0,3,0.0,0,3,0,3,0,0,0.0,21233664,0.6
42,155,2,2,0,0,0.345734969,2,0.2,0,2,0.0,0,2,0,2,0,0,0.0,14155776,0.2
42,156,1,0,1,0,0.0891152173,1,0.1,0,1,0.0,0,1,0,0,0,1,0.0,7077888,0.0
42,157,1,0,1,0,0.0479435399,1,0.1,0,1,0.0,0,1,0,0,0,1,0.0,7077888,0.0
42,158,20,20,0,0,3.2002836762,10,1.0,0,20,0.0,0,10,0,10,0,0,0.0,70778880,9.0
42,159,3,1,2,0,0.3328343856,2,0.2,1,2,0.3333333333333333,1,2,0,1,1,1,0.3333333333333333,14155776,0.2
42,160,2,2,0,0,0.2513101698,1,0.1,0,2,0.0,0,1,0,1,0,0,0.0,7077888,0.0
42,164,3,2,1,0,0.618584223,2,0.2,0,3,0.0,0,3,0,2,0,1,0.0,21233664,0.4
42,165,6,2,4,0,0.6623330717,2,0.2,2,4,0.3333333333333333,2,4,0,2,2,2,0.3333333333333333,28311552,0.6000000000000001
42,167,1,1,0,0,0.100940257,1,0.1,0,1,0.0,0,1,0,1,0,0,0.0,7077888,0.0
42,168,21,20,1,0,2.3855259937,10,1.0,1,20,0.047619047619047616,1,10,1,9,0,1,0.09090909090909091,70778880,9.0
42,169,4,1,3,0,0.5278249751999999,3,0.3,1,3,0.25,1,3,0,1,1,2,0.25,21233664,0.6
42,171,4,3,1,1,1.1458455619999999,1,0.1,1,3,0.25,1,1,0,1,1,0,0.5,7077888,0.0
42,172,3,0,3,0,0.3120536356,1,0.1,2,1,0.6666666666666666,2,1,0,0,2,1,0.6666666666666666,7077888,0.0
42,174,8,7,1,0,0.7308974864,4,0.4,0,8,0.0,0,4,0,3,0,1,0.0,28311552,1.2000000000000002
42,175,11,6,5,1,1.5528932374,5,0.5,1,10,0.09090909090909091,1,6,0,2,1,4,0.14285714285714285,42467328,2.5
42,176,5,3,2,0,0.4562617844,4,0.4,2,3,0.4,2,3,2,1,0,2,0.4,21233664,0.8
42,177,4,2,2,1,1.1996804214,2,0.2,1,3,0.25,1,3,0,2,1,1,0.25,21233664,0.4
42,178,33,29,4,3,6.0962099102,9,0.9,15,18,0.45454545454545453,5,8,2,7,3,1,0.38461538461538464,56623104,6.3
42,179,3,2,1,0,0.38969923500000003,2,0.2,0,3,0.0,0,2,0,1,0,1,0.0,14155776,0.2
42,180,10,3,7,1,1.9872482567,1,0.1,5,5,0.5,5,3,0,1,5,2,0.625,21233664,0.2
42,181,2,2,0,0,0.2186455353,2,0.2,0,2,0.0,0,2,0,2,0,0,0.0,14155776,0.2
42,183,7,6,1,0,0.5496294348999999,5,0.5,0,7,0.0,0,5,0,4,0,1,0.0,35389440,2.0
42,184,89,45,44,3,17.30509504,10,1.0,69,20,0.7752808988764045,46,8,7,3,39,5,0.8518518518518519,56623104,7.0
42,185,3,2,1,0,0.2521917817,3,0.3,0,3,0.0,0,3,0,2,0,1,0.0,21233664,0.6
42,186,52,40,12,6,16.866103857,10,1.0,25,27,0.4807692307692308,11,11,5,5,6,6,0.5,77856768,10.0
42,187,1,1,0,0,0.0967698693,1,0.1,0,1,0.0,0,1,0,1,0,0,0.0,7077888,0.0
42,189,6,5,1,0,0.7990761216,5,0.5,1,5,0.16666666666666666,1,4,1,3,0,1,0.2,28311552,1.5
42,191,9,2,7,0,1.3708262664000002,4,0.4,2,7,0.2222222222222222,2,6,0,1,2,5,0.25,42467328,2.0
42,192,25,11,14,2,5.2410569333,7,0.7,13,12,0.52,10,10,2,4,8,6,0.5,70778880,6.3
42,193,6,1,5,1,1.0114040216,4,0.4,0,6,0.0,0,6,0,1,0,5,0.0,42467328,2.0
42,195,13,13,0,0,1.6917212127,6,0.6,0,13,0.0,0,6,0,6,0,0,0.0,42467328,3.0
42,196,7,4,3,0,0.5655353140999999,3,0.3,2,5,0.2857142857142857,1,4,1,1,0,3,0.2,28311552,0.8999999999999999
42,198,2,1,1,0,0.5325578452999999,1,0.1,0,2,0.0,0,2,0,1,0,1,0.0,14155776,0.1
42,199,5,3,2,0,0.5747534330999999,2,0.2,0,5,0.0,0,4,0,2,0,2,0.0,28311552,0.6000000000000001
42,201,1,1,0,0,0.22529462,1,0.1,0,1,0.0,0,1,0,1,0,0,0.0,7077888,0.0
42,203,37,21,16,3,10.884883421099998,10,1.0,21,16,0.5675675675675675,14,11,4,5,10,6,0.56,77856768,10.0
42,205,16,14,2,1,2.5926901552,8,0.8,0,16,0.0,0,10,0,8,0,2,0.0,70778880,7.2
42,206,1,0,1,0,0.235071704,1,0.1,0,1,0.0,0,1,0,0,0,1,0.0,7077888,0.0
42,207,52,34,18,0,10.046100494000003,9,0.9,26,26,0.5,18,9,2,7,16,2,0.6666666666666666,63700992,7.2
42,208,1,0,1,0,0.152455002,1,0.1,0,1,0.0,0,1,0,0,0,1,0.0,7077888,0.0
42,209,27,16,11,5,7.3064431052000005,10,1.0,7,20,0.25925925925925924,6,14,1,8,5,6,0.3,99090432,13.0
42,210,242,140,102,0,55.17064413969999,10,1.0,206,36,0.8512396694214877,107,5,8,2,99,3,0.9553571428571429,35389440,4.0
42,211,2,1,1,0,0.1374194995,2,0.2,0,2,0.0,0,2,0,1,0,1,0.0,14155776,0.2
42,213,1,0,1,0,0.106728517,1,0.1,0,1,0.0,0,1,0,0,0,1,0.0,7077888,0.0
42,214,9,5,4,0,0.8213316086,4,0.4,1,8,0.1111111111111111,1,6,0,3,1,3,0.14285714285714285,42467328,2.0
42,217,8,6,2,0,1.2043872332999999,5,0.5,1,7,0.125,1,5,0,4,1,1,0.16666666666666666,35389440,2.0
42,218,5,0,5,0,0.977959662,1,0.1,4,1,0.8,4,1,0,0,4,1,0.8,7077888,0.0
42,219,8,4,4,1,1.3226330028,4,0.4,0,8,0.0,0,8,0,4,0,4,0.0,56623104,2.8000000000000003
42,220,9,2,7,0,0.7117196176999999,6,0.6,2,7,0.2222222222222222,2,7,1,1,1,6,0.2222222222222222,49545216,3.5999999999999996
42,221,1,0,1,0,0.0992235243,1,0.1,0,1,0.0,0,1,0,0,0,1,0.0,7077888,0.0
42,222,6,0,6,0,1.2771979419,3,0.3,2,4,0.3333333333333333,2,4,0,0,2,4,0.3333333333333333,28311552,0.8999999999999999
42,223,8,6,2,0,0.6423860714,4,0.4,1,7,0.125,1,5,0,4,1,1,0.16666666666666666,35389440,1.6
42,224,8,5,3,0,1.1941665934999999,3,0.3,1,7,0.125,1,5,0,3,1,2,0.16666666666666666,35389440,1.2
42,225,2,1,1,0,0.266699896,2,0.2,0,2,0.0,0,2,0,1,0,1,0.0,14155776,0.2
42,227,7,1,6,0,1.3347361530000001,4,0.4,3,4,0.42857142857142855,3,4,1,0,2,4,0.42857142857142855,28311552,1.2000000000000002
42,228,3,2,1,0,0.26633761079999996,3,0.3,0,3,0.0,0,3,0,2,0,1,0.0,21233664,0.6
42,229,3,0,3,0,0.537513077,2,0.2,1,2,0.3333333333333333,1,2,0,0,1,2,0.3333333333333333,14155776,0.2
42,230,1,0,1,0,0.0774169192,1,0.1,0,1,0.0,0,1,0,0,0,1,0.0,7077888,0.0
42,231,3,1,2,0,0.22390835739999998,3,0.3,0,3,0.0,0,3,0,1,0,2,0.0,21233664,0.6
42,233,3,2,1,1,0.981623903,3,0.3,0,3,0.0,0,3,0,2,0,1,0.0,21233664,0.6
42,234,3,0,3,0,0.3806692367,2,0.2,0,3,0.0,0,3,0,0,0,3,0.0,21233664,0.4
42,236,7,3,4,0,1.0101528615,4,0.4,2,5,0.2857142857142857,2,5,1,2,1,3,0.2857142857142857,35389440,1.6
42,237,67,35,32,3,14.4541707769,10,1.0,41,26,0.6119402985074627,33,9,5,5,28,4,0.7857142857142857,63700992,8.0
42,238,3,0,3,0,0.839496911,1,0.1,2,1,0.6666666666666666,2,1,0,0,2,1,0.6666666666666666,7077888,0.0
42,240,35,20,15,0,4.743290835900001,9,0.9,15,20,0.42857142857142855,11,13,5,4,6,9,0.4583333333333333,92012544,10.8
42,241,5,3,2,0,0.7512148910000002,2,0.2,1,4,0.2,1,2,0,1,1,1,0.3333333333333333,14155776,0.2
42,242,4,0,4,0,0.8182368050000001,3,0.3,1,3,0.25,1,3,0,0,1,3,0.25,21233664,0.6
42,243,9,3,6,0,1.22351522,4,0.4,4,5,0.4444444444444444,4,5,0,3,4,2,0.4444444444444444,35389440,1.6
42,244,2,2,0,0,0.359699681,2,0.2,0,2,0.0,0,2,0,2,0,0,0.0,14155776,0.2
42,246,1,1,0,0,0.0888154358,1,0.1,0,1,0.0,0,1,0,1,0,0,0.0,7077888,0.0
42,247,8,8,0,0,0.7119493633,6,0.6,0,8,0.0,0,6,0,6,0,0,0.0,42467328,3.0
42,248,2,1,1,0,0.2112111975,2,0.2,0,2,0.0,0,2,0,1,0,1,0.0,14155776,0.2
42,249,5,5,0,0,0.4635618853,2,0.2,0,5,0.0,0,2,0,2,0,0,0.0,14155776,0.2
42,250,4,0,4,0,0.5529479096000001,2,0.2,2,2,0.5,2,2,0,0,2,2,0.5,14155776,0.2
42,252,3,3,0,0,0.3113758192,2,0.2,0,3,0.0,0,2,0,2,0,0,0.0,14155776,0.2
42,255,5,2,3,0,0.5272071648000001,1,0.1,2,3,0.4,2,2,0,1,2,1,0.5,14155776,0.1
